route_efficiency,time_diff_hours,temperature_avg,humidity_avg,vibration_shock,is_risk
89.96714153011233,21.286021078051114,4.696572495333637,30.097140162197967,3.5643615193971323,0
83.61735698828815,22.77800214778539,4.566647185071333,34.72507176531564,0.8475670376341433,0
91.47688538100692,21.61047575581943,2.126960308389018,37.06485796853707,2.444068552373593,1
100.23029856408026,24.441672187784476,5.159168443527476,40.74834455462346,0.10385558640909087,0
82.65846625276664,28.78871412584765,1.0198346488467638,45.12081163303439,1.2473110139672414,1
82.6586304305082,20.915831371435182,2.691631348479343,43.470679716858825,5.554069525671772,1
100.79212815507391,28.003281991073656,0.0018243742043844158,34.10337600776257,0.6406569561715502,1
92.67434729152909,20.873311710612448,7.117253033925629,38.141438689171736,0.10252509301636717,0
80.30525614065049,20.609491150012463,3.536901012109409,40.38187794351283,1.7490743041472838,0
90.42560043585965,27.274378473372852,8.333768069632622,38.688964377767505,0.877319291140183,1
80.36582307187538,27.687745512030467,5.60589985303899,38.65352387065853,0.9550507982442378,0
80.34270246429743,27.405639747050618,4.896196426702049,31.38628337672864,1.7467363879540108,0
87.41962271566034,18.736810367127436,2.827544611438001,34.2363292443018,1.9435490585896917,0
65.86719755342202,22.136196087711795,1.90729992862516,37.98530075430364,1.1500953786977877,1
67.75082167486967,27.291954368013286,5.04594314779389,24.533871625274188,1.4167216150196498,1
79.37712470759027,24.166167362255578,3.8569719814540355,43.203221600049275,9.998131978425311,1
74.87168879665576,19.705228615210142,1.321459369029398,33.13660450144465,6.300003962542141,0
88.14247332595274,25.833271756501766,0.9662831669833629,43.43419066632569,2.4573308259986932,1
75.91975924478788,21.140770964034118,2.0825925417128324,42.99458002235455,0.352232563449474,0
70.87696298664709,31.17809939356885,7.641934450532461,37.28153478443808,0.8924494716075851,1
99.65648768921554,30.179365849673033,8.426555836022608,45.00274162850769,4.292671361297515,1
82.74223699513465,26.41638970542227,4.40997829461782,43.71598672462466,1.1017885687380768,0
85.67528204687923,29.444026819079095,4.297885592482577,38.4551926458268,6.218592665175929,1
70.75251813786544,24.259165400493526,3.3273592563409577,37.89120192404151,1.3400404962938564,1
79.55617275474818,27.061749977500064,2.1310293033809957,45.48616392832179,3.9576601021773086,1
86.10922589709867,29.9108811812083,6.750358115214488,41.16006919703832,0.0720397934902586,0
73.49006422577698,24.981994727177252,7.747152787794272,45.22348584184071,1.1389009120480316,1
88.75698018345672,22.979251313942864,2.2131618283214287,28.055129628236315,2.4096920425989006,1
78.99361310081196,17.181512167291537,3.8343232431507968,40.49242548509731,3.983807081129631,1
82.08306250206724,23.667465897114024,3.100267398579664,32.11295456515313,1.8813353642910304,0
78.98293387770603,27.293692738249245,3.1595218502700457,39.871057462566185,0.3805349465382251,0
103.52278184508938,27.78253371027052,6.371816510859724,43.56910104172942,4.339505781062286,1
84.86502775262066,26.01746026287364,1.3760769092677565,48.695700728745514,1.7104531788466375,1
74.422890710441,21.834803620151042,4.932939381872613,35.30916635781407,0.2286190594769332,1
93.22544912103189,16.092713724209638,5.456476214611731,37.371475973490085,1.2466705913674663,0
72.79156350028978,22.01913960798106,3.7156976527963614,39.522335464622316,2.4009139410803044,1
87.08863595004756,22.782620515784195,5.786135653973545,35.12734449269055,1.1993710393976722,0
65.40329876120225,22.748284131239945,4.2953036810749,44.892798643946286,4.092634242810215,1
71.71813951101569,26.474225427911698,6.434259842312224,39.649527273171884,1.1022341103444027,1
86.96861235869123,31.94270564405936,0.9555893901482917,40.60978511688023,1.7515104665390449,1
92.3846657999541,24.49411680736437,3.3024494779862614,43.1008656338708,0.474409993364893,0
86.7136828118997,23.133072843374155,3.8563737142979306,39.641442418122956,1.4376946362513376,1
83.8435171761176,22.96311274798363,-1.3444147689426984,35.912304359120675,0.5042626063489053,1
81.98896304410711,24.497539067630857,1.8280945328429303,39.68489880850767,0.5102675200303685,1
70.21478009632573,20.686824958606405,2.372801491282427,35.71909320243306,0.6567374362732114,1
77.80155791605291,24.48079423498422,5.896411989646699,40.53990444558243,0.09041165281981992,0
80.39361229040213,25.8032493453272,2.586313307370799,44.98468860400898,0.35660243855925994,0
95.57122226218915,24.838744254297954,2.363842025388046,34.125108538638344,1.1045478000147684,0
88.43618289568461,25.830167736019124,5.634971561312383,32.33814499278954,0.2809635498117555,0
67.36959844637266,25.734990437394142,0.764178708419891,40.24624967959837,0.28632034584065763,1
88.24083969394795,16.912413271014223,-0.1424881348871443,36.16100191628047,6.879782558168658,1
81.14917719583684,26.547480633581614,3.276815399861307,40.158726372059846,1.1140789900497647,0
78.23077999694041,21.315940617350186,1.1045864638432894,41.6020176030485,1.034132443784252,1
91.11676288840867,19.61664334798417,1.180641410680702,29.281568855357303,0.6232274058876,1
95.30999522495951,19.582192688580015,5.146867583375964,43.44924713829271,1.436713205687507,0
94.31280119116198,25.734166441890117,5.751947675825158,34.15165748522376,1.8130021231893083,0
76.60782476777362,23.109700291100587,5.57772843170425,39.888260247176554,1.0832072966417696,1
81.90787624148786,17.272124864058355,6.217553320614465,36.70308832280785,1.0011187267535195,0
88.31263431403563,25.912151260769132,6.482268640029604,37.24021492607853,2.4107921910760397,1
94.75545127122359,18.24156747680469,-0.2571804176538617,48.46978969808994,5.982552468365951,1
80.2082576215471,24.559285434072844,4.900823919858933,41.596337603978306,4.204553724325391,1
83.14341023336183,24.953995702692218,2.9407836008608825,44.52344201476795,0.25253344166313935,0
73.93665025993971,27.54230832678018,2.505151508019128,40.754706771013716,2.1128803532489515,1
73.0379337591933,31.126739145867404,5.120829264417411,43.10006787327477,0.014145128448979,1
93.12525822394198,18.541294696397834,0.5394090402084966,42.08689181071726,2.005287073453681,1
98.56240028570824,23.7901045757478,0.49778278825536004,41.27228072343413,1.2485620328531457,0
84.27989878419666,22.894658819823132,5.267145488163434,45.5357795458234,1.3510587877337104,0
95.03532897892023,25.73499874384385,4.975572035021796,40.78252726922135,1.7735881730903302,0
88.61636025047635,24.862675083734473,4.273465311743021,51.42574286108852,2.7146783269844095,1
78.54880245394875,22.58981502905352,2.240173190553726,44.80265786406219,2.61465439051464,1
88.61395605508415,22.23639124555658,5.487659269164249,34.30229651130155,0.09099714107301438,1
100.38036566465969,19.53419657926381,5.360605784120952,39.11725145508509,2.667361213737991,1
84.64173960890048,27.951446329626037,4.170609030094909,41.985387997453344,3.5417499214488415,1
100.64643655814007,25.836816726398116,1.6453579174604571,40.22248417856019,0.14121540160654616,1
58.80254895910255,27.67107279118055,3.1495033085409867,43.43436709486084,0.78001026556232,1
93.21902504375224,22.758415454097946,5.675667355048885,43.98508352416937,3.1410506168680494,1
85.87047068238171,21.37265812522228,6.654382445603574,33.20206507100518,1.3589099588897902,0
82.00992649534132,19.686739733483087,3.346926793247343,46.40538772358247,2.374172829390706,1
85.91760776535503,25.435670334962637,3.5006540643834754,37.515912672569776,1.3955791098405406,0
65.12431085399108,19.84082710188706,3.676621783949878,37.02047747067621,7.653751295034836,1
82.80328112162488,31.3946522758662,4.549786017821944,37.0043880364723,5.503787037525912,1
88.57112571511746,18.769429675626238,2.837865399879952,44.042882029952914,0.660191894199516,0
99.77894044741517,25.094640476850007,-1.7883701151431675,38.66466150926107,0.9751455633804123,1
79.81729781726352,30.267418828855146,6.385538003294194,36.682241778311464,1.1289662207318631,0
76.91506397106812,26.396359037055237,7.589377894325098,37.88020421278232,0.22008588434969886,0
79.98242956415463,24.702694849967116,2.775200280788575,31.026541705420613,1.0352807392433687,0
94.15402117702074,20.126065412152418,1.866693262162452,35.789181180242565,2.981957510235667,1
88.28751109659684,18.472923245729184,3.7257989552195556,33.8020822567345,3.753279376468146,1
79.70239796232961,27.080200435670342,3.6249922325424544,38.65415334752054,4.345443973294024,1
90.13267433113356,30.024588963099788,5.9910371543259195,43.320966351367964,0.02933204488560236,0
85.9707754934804,22.244600038087313,4.1092788832900755,42.769379504666134,3.1099566402346417,1
94.68644990532889,19.443753969534598,2.414754339257634,46.28375248773291,1.3968328151118743,0
77.97946906122648,14.167322277803926,1.363181098883902,45.16987908648311,0.46174454423527,1
81.72337853402232,20.07694062534985,5.731268369639347,37.35701642540811,1.3812807405178265,0
81.07891846867842,23.54537263000384,5.199022482328499,40.09535700376857,3.7191406507639555,1
70.36485051867882,30.396492963346937,6.121119756183638,39.83721952889291,1.1392037538896251,1
87.96120277064576,26.692534768931875,2.063626498557812,29.244736586390566,9.3047501405509,1
87.6105527217989,25.22034161882701,7.676873799056658,33.913702315451275,1.917786875321898,1
85.05113456642461,22.399521354795475,0.5126109858855261,39.16356661424444,1.3457625335313024,1
82.65412866624852,21.667337130976176,5.41920204280296,39.13551782429596,0.6988010134835505,0
70.84629257949585,29.622590390031853,0.18083446560619665,42.56162527102583,0.02222515853537808,1
80.79354677234642,24.802954163033558,2.4193372366030648,42.31820814767924,1.8860311441144821,0
81.57285483473231,15.589597232315912,7.122045860895918,31.146537489501323,1.7231105821442114,0
76.9772273077838,21.305841408411027,5.662728508951979,42.59298367228765,1.4547086829588556,0
83.3871428833399,20.567135872913493,2.907559169025636,40.89293603226882,1.5431017648494552,0
89.04050856814538,21.81494396329014,2.9623259143566236,43.11686590822315,3.70968445165314,1
103.8618590121053,26.25164264114034,4.201244221670884,45.33432793820795,0.7621399809160908,0
86.74577812831839,23.570220472823003,5.028281981521445,39.28558513606014,1.598144351013385,0
87.57550390722764,23.692538371985354,6.503158765365393,46.2279411849004,2.278541254777326,1
84.25554084233833,29.253892645300947,3.087531990783011,35.55299773053477,0.47098630673061004,0
65.81228784700959,21.214155640853246,0.776429873025597,35.27130939813891,5.175724520354077,1
84.73486124550783,31.4567981035494,4.31393725409752,42.143860950677706,2.6721344580445683,1
85.60230209941027,21.314769634515656,3.0851383249832103,38.1561622734741,0.10953633408023498,0
109.63242112485287,24.356792786450285,1.3987325905031054,41.30816282309485,4.006542336269465,1
83.07639035218878,22.875185618388933,4.5953378306255885,49.964910599222456,5.314813378318562,1
88.01547342333612,24.493676534003843,3.5737724918144216,41.96747536751988,3.156557367813031,1
84.65288230294756,25.778367980292515,4.6130244129395885,41.0608476943206,1.111034502773137,0
73.31321962380468,25.735340960355508,2.211111599625639,35.65389810674076,10.361744231081525,0
96.4282281451502,20.98753067751768,4.973421060650997,31.500100966878268,0.2657738279159794,0
92.51933032686775,19.508341290209717,1.3658036064900432,39.637266923632446,1.538354544975025,1
92.91031947043047,34.01268716362284,2.344537220606834,45.334351233040984,0.3736010747110413,0
75.9061254520526,22.064062641597786,3.514171537825445,38.38530996469663,1.1573126375627782,0
99.02794310936099,26.796849754687948,7.483636829919428,42.00731249602684,5.246250430430652,1
70.98148937207719,17.569434757907214,5.569650737096987,47.13248636359291,3.1622950557891936,1
90.8685709380027,22.881549120381294,6.154385008535579,47.0075815661518,3.0472723308652996,1
106.90455625809979,23.491202464070227,6.834154066686288,42.144079438008916,0.8734589730702401,0
75.09463674869312,25.89126027971133,11.205664271621746,40.85053239328671,5.44440507258507,1
79.33702270397228,13.110183436032244,4.083178135116868,32.40683475498462,0.9185576700926644,0
85.99651365087641,24.664562452313323,6.840801846259711,36.8490267791153,0.08158864755605733,0
79.965243458838,19.401034178528427,6.025270508803882,38.59622095990964,2.031124438148831,1
69.49336568933867,25.297382844779694,5.992065006615052,35.73834194282924,0.9008651681947323,1
85.68562974806028,19.85468321264735,7.548479236080363,41.242266314763825,0.33382156205628327,1
74.37696286273895,20.578069216297674,3.161373938031047,49.5582409174305,5.456242427676281,1
89.73592430635182,22.90548955842693,3.002629952127241,47.588807963308085,2.0280250718042314,1
75.80575765766197,19.790682121587217,4.6395310269637235,41.21939930915604,5.644556148658807,1
100.4993440501754,22.09786221305858,3.6346004561562255,43.89717036012414,1.749235873786148,0
77.16746707663764,19.226496925826737,4.637001705996346,36.3569784232194,0.1319883006387223,0
81.77938483794324,16.66731819320509,7.125497570106023,47.32044675334401,0.060795766586595974,0
93.1351721736967,28.071828209717438,3.0437065545874433,32.190167020274096,4.616430525438759,1
72.69135683566044,18.815805228704285,3.390642074812539,44.56414080543081,0.07899561178757084,1
87.2745993460413,23.285276449568066,4.348622007053154,42.477948550998875,1.909937330068757,0
98.07142754282428,27.01156432597514,3.5433631479496617,36.22070306622788,0.7075748264346501,0
68.92516765438772,21.540223589935827,0.17198834397302543,38.95606621631031,2.3273139660384508,1
86.84633858532304,20.69933640101785,2.839744714602121,34.328736484219704,0.6701692000766777,0
87.59882794248423,24.904952354669685,5.374746484475009,34.54179976098884,0.075865200788638,0
92.81822871777311,28.471735290908608,6.875093501865293,32.04472999688035,2.6248872134510073,1
72.63049289121918,19.322738939654123,1.6907628649245465,43.83756951100356,0.7447453951620963,1
71.79543386915724,23.399408671930246,1.681435201538314,46.02672484713341,1.6005693360164797,1
90.21941565616898,17.07002162013069,4.060467605434671,29.190960680932868,2.9732534775784636,0
87.96984673233186,22.42719598527124,-0.15119012975567347,49.19152758075753,2.426856747509488,1
87.50492850345877,24.1368187381523,3.110059594025745,39.9399588168158,0.8571740582655344,0
88.46448209496975,20.58150143297974,0.5279158808972131,41.44926602438419,2.7552771354500254,1
78.1997527842151,22.172032664699074,6.73812259968493,32.63793582207462,5.198777468842997,1
87.32253697161003,18.367092926770198,2.461337691299191,46.60412875082432,1.883086789171373,0
87.93072473298682,24.308314445525973,7.3056683726780545,41.00125046583417,2.431457002751351,1
77.85648581973632,28.222776995532598,6.227042706916678,45.694131198856496,4.018460378245384,1
103.65774511144757,19.611424520918145,2.7073654046051665,46.10429160323872,3.7111963589555543,1
89.73832920911788,21.50931293379047,1.856080726307845,46.67437211360635,0.8664990728962025,1
73.08696502797352,26.01018498581673,3.6129085016648226,36.758596120738986,9.583143335069646,1
91.5655360863383,28.848362877290946,3.7907067514835937,38.96018996053398,0.0579638974040131,0
75.25318329772679,18.027240751164275,4.692293887904802,36.94148962635243,8.641121423585215,1
92.87084603742451,23.324861050336203,2.446913420939642,44.475482313706415,0.5647182182137663,0
96.58595579007404,25.1325232892781,5.492789747044406,41.664446146818705,1.161198494403907,0
76.7931768164829,23.59177443748461,4.530656109999799,45.34572432006619,4.302970773738392,1
94.63376129244321,14.092831732491652,3.3192096865682723,45.56369401528616,0.5602979380546094,0
89.12780926936499,26.004360037235088,2.575918689163954,31.36370254530546,0.5092210562837953,0
93.2206015999449,30.077345404362575,3.6302300338026283,46.75385065276936,2.060648399217176,1
103.96792982653947,24.466647004678013,2.3661974963448613,44.754304788828584,2.444616590833809,1
82.5461188399713,19.875575786822946,4.1168773897671755,38.15387558407251,0.014997459056140184,0
77.4626383564251,21.94749101454287,4.170877370439819,41.748963832648144,1.1972900577932122,0
76.10485570374476,31.079652270622372,4.523414566952678,39.38165214208648,1.3431979509533405,0
76.84189715034562,27.639850163442233,7.532484819343708,43.08027839315588,0.6344557647917519,0
84.22898290585896,26.560106473537317,3.7351105606008552,38.143018096475615,1.5797995446480058,0
88.41151974816644,25.425650334137504,6.009195734248965,42.394636205845536,0.3358378031532597,0
87.7669079933002,21.35545155123611,4.459174793951403,40.33652652329676,0.7819584790966237,0
93.27183249036024,23.197715277376926,3.5235113962030917,37.83903048252348,2.4982139544486395,1
85.13001891877907,23.688309057285938,3.761681460097532,40.95068122451029,4.13956132315854,1
99.53534077157317,26.198297264257775,3.8823471816638992,53.53234786744379,1.7801690755952215,0
82.35343166762044,30.035675577067614,4.559535415456432,36.572316850871594,0.15558698002813093,0
112.20169166589619,28.47335254717251,2.08135846956206,38.75028204369215,2.2710455721856775,0
91.25667347765007,18.322462576815838,1.069319233110066,36.65943800183484,4.557694572458206,1
76.42842443583717,24.895979875604194,5.308594786948551,37.18391807236208,1.4036254079701334,0
74.29107501938887,26.947053380671587,5.796247665162518,44.07887176692679,1.3612200645466377,1
89.82472415243186,26.47544132057854,5.4912716656056055,43.57941229818034,9.515146659493356,1
82.7653721467415,21.483064946450323,4.309944037112945,39.97068248339345,2.022839687647743,0
92.14000494092092,35.656436863073445,5.534449254906577,45.13148292634556,3.280092217355473,1
89.73237624573545,18.891661750675524,5.426858052034285,43.96721647747155,2.0797067292216656,1
84.27171087343127,19.6672462133358,5.575258717909909,39.18832906986893,0.499272012118351,0
76.53206281931595,24.934380325046305,2.280918357315773,32.33067629102897,0.6683686270185356,0
69.85152775314135,32.46721221985541,1.806096405690738,44.14891503974501,2.1914674239900815,1
80.53485047932979,20.655220597183316,3.222861506495459,40.848323105009875,1.2178735889677585,0
93.56398794323472,22.93668653741203,3.965231780914689,40.11111731850296,1.0361966457479916,0
87.14093744130204,28.309174692062772,3.5161577457354207,37.66975989995142,0.04541567155911767,0
72.54261221288012,23.928551380449065,0.2466193373242489,43.72324474558158,4.31470355096312,1
86.73180925851182,22.661584581878817,7.443385224270284,41.742481262142505,4.316931227182279,1
88.85317379728836,26.26253160754688,3.4519080222285288,38.815859785988515,1.2359722751375268,1
76.16142563798867,25.090071960918372,4.345408833153908,33.872727263905446,2.4128797475860417,1
86.53725105945527,28.121755142547165,6.489097981526117,45.339645509400384,0.3915902875166456,0
85.58208718446,29.165875556261454,-0.6899445390424104,43.02452611577939,1.4015968519916708,1
73.57029702169376,25.228012240021446,2.9766122561765758,41.277014499727976,1.1555898092593508,1
88.57787360348283,25.166930901513236,3.225765452840391,26.71613002443001,2.1377977005237034,1
90.60784526368235,24.856443929144532,3.3273799090987106,39.8105287144197,1.2684207689482512,0
95.83051243175277,25.95652222659715,3.653026818572094,38.79398148262168,1.3800412772557522,0
95.53802052034902,24.220682551485854,6.894269596889689,36.9075215747283,0.7011371289426536,0
71.22330632042909,23.997566070710842,5.346917751454445,43.771176392821424,0.09926969506762,1
75.62174960084877,28.78650848330897,5.916070537257659,43.57430017083639,4.97845013792212,1
90.1503526720866,30.064464721420173,4.094240543621847,42.18412358596194,0.024614090934528817,0
90.1378595091221,17.969788221466317,1.2012539077089976,45.18945457383872,0.6606904900270258,1
90.15047686306048,24.040084606962278,-0.1593940702920138,34.88850742983079,1.1870047529082306,1
123.52731490654722,21.24522226621906,0.941184553536738,37.73172971615347,0.7686571954605941,1
90.70890510693167,22.75611413405571,4.719531408332039,40.37396131592903,1.605557475235271,0
96.35565640180599,25.610064838941284,4.06353942539527,36.889989903860425,1.2383553494749757,0
94.54001763493203,26.677753486169873,3.579672704887985,43.63584610851771,0.5900210155505109,0
91.51391251305797,23.55149422555462,3.2628461865197265,37.388995759341526,0.18427472502530773,0
81.84730755359655,16.346638661108788,8.023443150885495,46.49185002223377,0.295922048687405,1
92.58969220493267,20.13981767769528,2.3541928180470513,35.34420299124905,1.3323098206431272,0
77.27174785462428,27.585998680800664,5.855638912232118,50.659918247503086,3.7408981273592756,1
82.63181393259991,13.038294311860275,4.003825872041988,50.14648677801212,0.21214129531037984,0
80.14636452170896,28.749708606728,3.878120976428006,39.52623426842327,2.2614842469240086,1
85.81874139386322,26.084919962578166,6.353275097233488,45.73085225462874,3.1413109929996534,0
108.14658566673509,29.26470432612009,6.92506076538289,37.99785969745697,0.6480622773250112,0
66.32734807408252,23.205723252476158,3.5209010862303236,45.066432491156725,2.206683868771209,1
91.86260190374513,15.75437830390838,5.598405438484284,39.120108342716144,2.3209197133105284,1
68.87284128810349,25.721450566025993,4.727782724300107,33.57280050745758,2.460583806537365,1
80.28068134210567,29.098612496153365,4.014874277619829,22.335909061605506,4.429314951085803,1
95.88950596967366,27.698887222053685,4.408509885314052,38.65643276964695,1.016744153987147,0
85.64280019095463,21.34923406604786,2.6239823703103244,41.39531254342646,0.5586055875263846,0
74.22255222070694,24.347044301850588,3.3878012133378306,46.65158213018108,1.569844650643458,1
77.84696290740033,21.868654924880303,2.8387294404945873,40.18312516075695,0.12918024117315255,0
91.79597748934675,20.72293414324251,5.802753432857839,45.01455067358795,0.8126937841321419,0
77.69633368282864,27.821554284719404,3.809597768917875,37.730292263892366,4.295014715411123,1
87.16458589581976,19.209870754939352,1.404571950769923,38.313605152342774,1.5188199652068752,1
85.45571839903813,20.42473427767355,2.553125553673824,45.27017841264293,1.147798185640739,0
78.48399652394183,19.583897466110457,-2.3985292904243565,27.67662757665364,0.6176314073885026,1
106.43944089325325,18.039009906803813,3.011014796235703,40.064919144514576,0.5763662217842918,0
91.33919022318011,24.585657167370414,4.075290130194299,38.000193252220676,0.5399777718533363,0
64.74857413342393,28.646012193927902,3.7277283022660526,46.80305602426142,3.5349182743964374,1
86.86454314769428,23.260492975018938,7.960308703062784,37.3587685251009,8.402128294367357,1
78.38213535231613,17.977008797743334,5.149812081830074,42.58292484785047,1.5305689809734089,0
93.52433334796224,27.359778158968112,5.060903706178301,44.60758484667347,0.16640111407903,0
77.07479261567299,30.742807016139885,0.7134619308594443,32.53702002934795,2.780918411596514,1
83.85263558533102,21.41503070341362,3.2707158917657346,39.303148458630496,4.192026976717847,1
90.04987278980457,22.085782933129128,3.026674385352609,37.84181782957031,5.353922159904361,1
93.65755194170121,26.062642520333576,2.4278376023839843,44.73146623414797,1.9818957266146993,0
72.99703592944223,30.487494991140206,2.400238668973307,43.37540920406097,1.4140088332413445,1
81.65498764159051,21.920663417099096,0.3837540921167526,38.83398984970409,1.9379453192306537,1
80.25054688839043,18.67020087600718,1.448293590637343,34.762959747919744,0.02607061859743295,1
78.46670767426288,26.525674425089626,5.748186805529898,45.19073348010045,2.130857265968955,1
102.65454240281096,27.196272292569198,3.7141706160136354,39.66173611700609,2.473311530367071,1
89.04981710960955,24.024525801740907,2.9871951634513323,31.90811717166269,2.560486670830814,1
72.39116045664954,21.767466961370197,3.989177330694584,32.33809800515038,1.6559727115047487,0
94.17861947054776,27.977514923968187,6.334781357402302,42.18816715036488,2.4082414393388243,1
106.22156197012633,26.112144018191856,4.008421041751571,33.620969036172404,2.036826273586276,1
95.32465260551147,20.92625793238603,5.080748261862076,49.298237468018065,0.24552979373551004,0
69.80630034045987,24.196378925222685,2.306790315223485,35.31464857820335,4.572769449007475,1
80.15765927133748,18.593169871901413,2.762740098506562,39.99819637321362,1.9495751226862699,0
97.66911149186623,26.74356182575168,4.707953770127351,40.79555983080153,2.602395014864145,1
77.92330534381219,22.951065722468577,7.785307416674227,36.35311130381577,0.83980014518011,0
89.43819428146229,22.25715667046105,6.859549719029748,28.800864847110155,5.032534990652374,1
92.74634053429337,23.868502059390263,5.1656561389122775,40.95447548808114,1.3967848906360738,0
75.73069528421917,24.161230797320993,4.302867520321437,36.23380004948871,2.27266564325924,1
84.404746439382,27.57972024626224,6.802138711254342,40.582692138082216,6.080708817186929,1
52.58732659930927,26.364362125300886,5.5893566460902475,39.38834473880645,4.955848048705082,1
74.7561235866571,23.374362884828788,-0.5873240447413224,41.31645624035902,2.070141614223936,1
82.4743184860684,27.05467259887598,1.8921383042895559,47.8093506032803,0.3624236851889525,1
72.5221681803515,25.602949014766452,4.676280650715864,37.269084936364386,6.014332019552209,1
101.32411303931636,22.293601454855853,0.4260648688980555,37.65577672828752,8.28736761540011,1
70.69858622039368,23.501127367054057,2.204821990486276,31.67101348623055,0.21828352309198487,1
80.59955513303017,23.407108444627518,2.6003701126840517,39.02408024450353,1.19675677498815,0
86.30740577286092,26.021045372696808,3.4876681875083326,42.04934994637483,1.5892773315838025,0
99.41273289066116,22.531909541113432,3.425139583547584,37.58252561214486,0.1932014133837205,1
70.6413784882056,22.438363254313465,3.4217591456663463,42.082152502027455,0.42065197046551206,1
96.63163752154959,31.875029237735834,5.650615034480627,39.11245737255405,1.5431058189731333,0
85.10233061019586,27.758941926988417,3.4695522690989313,33.48866881015505,6.598515605418516,1
75.18491348952048,20.957597342299444,3.230739735857532,41.559925355915524,0.05640799122652746,0
89.6210347426327,26.283763975768792,1.3016557917129674,38.97083933217491,4.870932232180773,1
86.9905969557347,24.473400262620707,6.04869240397165,40.61378910704679,4.5775255271007795,1
78.99783122841205,25.566204701040377,2.6570049721050277,37.165250583947916,3.892321253456242,1
85.69802084990019,24.54936529826042,1.8259393439974496,36.72298738504553,0.9481869342108032,1
81.14686403138239,28.758570581940944,4.426181149737942,40.787054037764825,1.3499212745271119,0
86.13517345251248,25.38248137860578,2.466117475233874,38.847000439789326,1.0336694154894936,0
91.62130674521046,23.75164520714285,2.948094520411412,48.621391245846326,5.897170209251503,1
100.86016816145352,28.16876230793207,4.516920348638138,43.99365256080582,1.4735738648559618,0
72.62184501173151,24.93314016435149,3.347034752440887,42.725021297338444,0.16809541944168852,1
106.33033374656267,24.485914317316233,8.623218750601268,39.11259599249293,0.6405753954711602,1
65.47912200477498,25.25609040994446,3.850342913361604,29.869882757617454,1.2399169095365425,1
83.48214904964416,23.625563906534534,5.235676437758444,35.96202536191161,6.139013071864251,1
90.88317206484577,24.036907971981876,0.11661190501410967,36.76353273707841,1.6830674329641355,1
87.80991867735032,21.65322164495251,2.2787017361705395,38.62507806855043,2.381932996230346,1
78.77300480179406,20.995331121504485,1.8261726101665752,39.83320250305023,0.1853709189312534,1
82.91877749642725,20.00571845407024,2.0912405533947425,43.28037482742748,4.196417839554756,1
80.06999065341168,18.432066852811694,4.831075987674005,41.365727805350325,1.5487935278231633,0
79.10635243055789,20.481130554461775,6.071130135554819,45.796015957349525,5.082405824747456,1
93.49602097021025,23.302931862132297,4.689261009269021,38.44049013240375,1.1792928537817622,0
88.57015485965047,24.412470329782547,3.546710752867382,41.28581472085081,2.298237029612943,1
78.07090404739346,22.91481374740944,2.738289922575161,41.71922113889401,1.2729235556683323,0
93.9959987543325,14.577186039490568,6.2271995023730184,41.22863142179295,0.3076033170179616,0
88.07299520876609,30.29834543104937,8.142510908309724,46.409451239700715,0.6350457683591968,1
93.1286211883896,28.34592049156153,4.270111409567382,44.01887161373596,0.13925177454373497,0
91.29628841923612,25.783039404868514,5.878726128143144,33.402983902492885,1.160588441469664,0
76.71004989077927,31.629962690213073,4.68674069959095,39.428344504703304,2.0958851750785277,1
79.3981895980303,20.09054353006516,5.511009812931179,39.930131588851026,0.5586641308141702,0
92.47293605123262,31.55050048250402,1.6709064437797672,50.75770531847503,1.3482114826764744,1
91.10370265433465,20.13914369299781,3.023727439715752,38.35104409377265,1.2285734231745125,0
84.79098406035853,24.954951701165427,4.7909388800911685,35.08758048331909,1.5246536714226469,1
86.17327383308782,18.904650699463183,6.424981888163959,42.191627147383215,0.40811536907829266,0
97.77664895788425,24.058776382177467,2.363731556724651,42.4849285981189,1.5270710007794985,0
79.0842861116417,25.544665991993554,-0.06659822208025368,39.63113568135154,0.9057599407575008,1
90.47097381170038,23.38123867546178,3.0034711471175015,38.89869498514555,0.6738618606955294,0
82.97807347566106,26.85550977636055,6.0202614286965,44.744519780310426,1.7636917234262017,0
82.82318796772779,24.39605779794903,0.8322088178243012,35.732009228700896,0.3204238993678537,1
95.9877685198719,21.910341086489964,1.6461602157368316,38.29523328565732,4.618386771636677,1
93.2541634898803,21.732746728790644,4.311837172102225,37.38925068943306,5.462212306937536,1
93.13509636000639,27.243655090462784,3.768057494477072,45.46947298810294,2.1612089527388343,1
98.05478807154329,21.38503188077213,5.1889329631064545,41.42747101643172,0.7223836583137943,0
85.21003841632759,27.66161188193975,1.5425464791088417,34.675029513393646,1.9670303538971365,1
91.81952971294965,28.890847171327724,3.3500428116626644,35.177468033686154,1.8402133392659092,0
81.89733243406543,17.32514455061548,6.390370804806196,49.36707561806075,0.9926984342388571,0
88.24166352488442,28.53170554920414,1.6142076127264322,45.4160887405352,0.6772413784323762,1
83.69856945632316,32.241690793778794,6.9538245926205375,44.207751407617394,0.36893480048953486,0
85.96995964992718,25.008015044807713,1.8651660282226223,40.06123470486671,0.4902258406669339,1
90.95157025436913,26.39633674117929,5.6987631547552215,47.542366200602046,2.117033475527984,1
76.81779316766527,28.148021297476635,3.2540829795737487,34.482976070108705,4.341260678875256,1
105.9238727568546,22.89807073928391,1.7101834847220467,43.76483756102245,0.9721231166778623,1
74.93982618500299,24.729120894151478,3.0062019056948035,37.783632467372186,0.25998841911093756,1
72.85811387212269,18.743201881507563,5.089858376357988,38.75553340172385,0.02577801841924443,1
96.58110873500068,24.554540114121803,3.986292010197018,43.62894632416194,1.0414342847406302,1
92.91662693962935,25.992447982578167,6.236938822886687,39.28221245659246,0.5294080722839121,1
91.24119817052156,26.064652091705877,6.871480121869762,37.82650070269371,0.7788554946342888,0
91.2834550926428,28.26169889439032,1.6339386693642992,37.52421175956037,0.5532729327833511,1
84.87753227153085,20.900791287457885,1.4874617101793102,30.068271272444377,2.1821671935000233,1
76.02745628514168,21.869572973306013,1.3904124527583166,43.81601809637828,2.0350655958049133,1
85.75804558193727,31.58202938396542,2.2016078079039616,34.96684963600603,4.8677699434161905,1
78.22838288487888,23.39868650494516,6.208429041639489,49.29204702829639,2.4062457635227577,1
94.7511973341775,24.80013514924931,5.12072390133347,38.561937250925034,0.36050670742990715,0
83.52942618497862,23.731959833099115,2.9099448541551367,46.54719898722979,2.7853850057563347,1
76.74502803207488,20.71327669477991,3.9777948187543313,30.954844836586595,0.3999966182572153,0
81.78614158347007,30.494116843567227,6.808611010331877,43.657415105992996,1.6356115845675254,0
89.12931454275625,21.889194352317578,7.816021701958239,44.94277866255906,0.16042156414617867,0
79.36275447196026,19.49085790517228,4.518768666885604,46.51781817182217,0.09696304324095043,0
76.77779604433569,22.197038890788992,-1.3185623680947973,32.359806136066936,1.248100601427767,1
87.43687211491913,15.993175993097866,4.594574189519946,36.486406814565356,0.22182638754521347,0
87.44966571108722,21.394850140067273,5.869496259082695,42.8825497637804,0.7324886116850087,0
79.9305682462887,20.127485608590693,4.4492646317121505,40.74220989422055,0.8274987914543128,0
80.28961694381677,26.469714523709296,5.453029837469567,41.46679821281917,2.934374825541988,1
87.32049937357637,21.30634304176051,4.714130748920768,38.19856697095334,0.8089714912195173,0
70.51915658502676,27.551215742315392,1.5307091650362694,47.75399307527846,1.3636240731424711,1
70.92536225623445,29.593935972277286,2.2275231332730745,53.042327241399065,2.961965652462109,1
77.81555778747564,27.124701345150395,3.3576956257396873,40.51989962004544,0.45857051319249936,0
82.86552848288153,23.138446844559695,6.130829556476703,42.267106227526256,3.2684593303165532,1
88.10907565598005,24.564457986822372,2.468231863358759,40.28121872811409,3.565141196565998,1
99.75356216949552,17.900060239423762,4.9118052663352945,46.420266995237185,8.99205678720605,1
93.5765962320202,23.464882509915043,4.607385187842394,44.14558142128406,1.1741454835233038,0
83.40061470036574,20.558246127732666,7.172394530158261,34.66809714681578,0.9261333430525075,0
84.80983792097311,26.777305524597196,3.916640443741171,36.93648994752677,2.4213589582542743,1
74.97470635362191,34.2910095569779,0.4904831634474829,34.95351603497056,0.11982087801181684,0
84.8148686400761,25.999286543895238,5.293740929793556,53.474111660977556,0.08112637171541158,0
82.11341361079862,16.035439404181332,8.276110423268008,43.17655891791034,0.8159089985427023,1
88.22718560338089,22.555079228342507,5.4247666897329125,37.02156886945109,2.615077922185428,1
76.72769056447677,24.489963701497818,2.424676816379186,36.6222397968758,0.2476248501721838,0
90.19346514241172,24.349429701041053,1.8361082416420706,44.02615636483455,2.01871452625111,1
100.32738913002578,21.076747497564988,2.0940623329851897,44.52460074829567,0.6280665112394893,0
83.91239851543142,24.98116697054774,8.006623760764093,43.99053856542205,2.1092367746031835,1
89.01711722098942,19.029996652322453,3.345345118957128,37.872213206751404,1.2212039785539908,0
91.90143991711112,20.22036510925973,2.6747132123439448,41.52921822207089,0.24467806635199607,0
80.98779528114164,26.583190566414846,3.6831267117455333,40.55457548816692,0.568131411492314,0
87.24092481810416,19.937347076480698,3.3661859027885965,35.318698137807864,0.4961888888632562,0
85.12592400781794,26.15284642196903,7.135300719575007,35.36753078561989,0.35965236815712526,0
85.97676098548831,18.522144901375768,1.971045017967394,42.05982522271567,1.2635226793183225,1
77.26990216144533,31.059303535166944,6.361286463320893,40.98225540521829,6.187375628431902,1
85.24510174258943,20.90292031038378,4.2441841929021695,42.76675855421106,2.1464084512161383,1
89.9799829124545,23.105333712786223,6.41405302685537,43.95511519346859,3.615802476836492,1
99.51143607795042,25.322453044361623,7.1652380874681025,47.49691311248765,7.935091413002008,1
94.59270826085206,21.738600189995623,4.16959526782619,36.12047806941977,1.555766644204815,0
106.53182457511556,24.57362384428522,3.3698727808016686,43.15118099362691,0.5438013807346886,0
77.3265243711195,26.301426898080503,4.132357663730207,43.74599408264343,5.256935393665201,1
93.72320636720679,27.84245293001394,3.810458655989737,38.43934793737278,2.4011836463905976,1
86.83342005738352,27.165989743891828,0.6860670885225439,40.609315917846345,6.3855031359695795,1
106.89802933217672,23.312758144789303,7.104960747570146,38.567207216519634,2.1055498832966584,1
76.91701714644849,23.413472903825593,4.491570034762381,50.542951916785874,2.9845991471380513,1
76.60278157819224,33.396434232100134,1.6738016298978917,40.52426345220553,4.426150583613481,1
79.00607354555977,27.79955627299717,-0.13504664039681735,42.257525543556966,2.847986737156638,1
63.76104275690193,20.312705374719144,-0.655198465860698,38.680078515413946,1.6540236437551648,1
79.74244978319238,24.399952655062208,5.540960873375006,37.60182716874605,1.2770185139648529,0
77.40867338446301,22.65942744488723,2.7620448631858094,33.489986691491616,3.467479315340922,1
86.50393786476208,23.45866306430756,3.0901986637897334,45.499343123626666,2.956694854985787,1
88.4175597577716,19.082019369167647,4.976308529077647,43.84218748698301,0.9127721770926791,0
103.76170839215887,22.352307062456187,2.967903687796443,38.49451777780108,1.3796333351299441,0
94.5042383818605,31.24622309277565,5.093048832107026,35.49815048468029,2.015665198759566,1
79.23096344337597,26.31630520350201,4.190528128753431,40.89954263210072,0.05756086174972278,0
76.01585328651642,14.03535436739416,3.8317408337015277,37.511515968515155,0.5688911642340599,0
89.91919171506505,28.866893969991786,0.8544991886170221,38.88978715683939,0.5759359468254145,1
71.79766792979358,28.358518091636647,2.3605372871222805,33.68220027698558,4.295124892275041,1
103.31458765854353,22.562858782774335,5.205070731173732,41.08534790324015,0.8054011264613229,0
96.79440120721287,26.86905417513286,2.6359563702718973,41.185016009943745,1.575546095429998,0
80.30824347895295,20.562403156731197,6.410739111568981,45.47361442119842,3.562665636390217,1
67.86865470909123,22.11897713493457,8.692802647986797,39.246292156836965,0.6013828230569651,1
98.53872374165412,29.994185442679417,5.3127706016826455,38.33218761398082,0.26422383532190213,0
83.85460154747382,22.913079840521167,6.985663782730315,32.21619566941388,5.926909932158037,1
97.37816311973462,16.521073352180036,5.441454476592137,45.504804741813146,2.4394114134287337,1
69.05572341205632,23.746787108874653,2.931475954655624,44.4641155827848,0.38972881866710657,1
79.00624977046228,23.685646428342572,4.400303329614849,40.14369220703401,3.4263944659636847,1
85.05243699718183,28.79347427749384,8.026641892194885,33.35384472734814,3.094115437642246,1
85.46980593764742,24.05734568870304,2.9528925147450975,33.92736484455929,3.6346604334806023,1
80.49934528520757,22.313670754238828,1.921345402243852,37.26447035617855,0.646515087745597,1
91.22849932347499,28.180224580924822,1.7316111537694612,44.826128544333315,1.1905158348640188,1
74.32379570617405,24.48316093000444,3.564941232332902,41.45168817620819,2.3662090928297212,1
83.57620514978707,20.99990927373713,1.9930558227138757,32.533214055591124,0.9907826101456537,1
86.20295631711899,28.61999024216647,7.348038854874474,42.021059573001104,0.14508154186879743,0
90.14438834058748,24.774647058067195,4.432713069182576,35.804267104145715,0.2934063886327437,0
92.11614878088889,24.011703866717752,5.943452619521006,37.38893886743927,1.818200814144399,0
73.75357908162131,24.71163356564662,3.4026692188406034,44.858690062608524,0.9405455696452859,0
69.65885829264377,19.717326514333614,1.7196056044877635,43.82752041890416,0.01078931367999194,1
97.7767682189851,21.88938489528665,1.3812121091334455,45.465499414127116,2.9121853449966633,1
88.32314011979592,24.014330407331133,2.1840165156437585,39.88433240457894,1.0781201236601392,0
77.51513463443446,23.22134521990128,4.695050988053422,44.41512278933094,0.7530827784134742,0
100.51151975522524,29.089713531266383,5.039765863535895,37.06931868118471,2.5001673753096645,1
86.15674634292859,24.869623410908012,5.20639214611737,38.712170326973535,1.2143383442402707,0
96.79297184063826,27.41961569054561,1.0226546324362857,38.36853387797605,2.373779831868462,1
85.67518481410109,24.037581418303397,3.9991816282034596,40.11932509112247,0.026571902117765805,0
105.60747924881987,28.22515393498449,1.9478763382152149,33.56754456843961,0.01892952797103071,1
102.55340842443204,25.590111026292615,4.802931935169056,38.87497548438319,1.6415153829482774,0
82.51035851520926,24.05368194155384,4.958154110994904,47.258286507593695,8.058466261165306,1
94.71570950954356,23.946867644163923,1.6556539059471236,34.53735919094283,0.6358901252999702,1
91.45375949585147,20.182245494836145,5.936059214392696,33.35339359042484,2.2970355593167118,1
98.68631557532349,26.027662880545243,8.677645883056488,33.75655836168886,0.378106430267038,1
75.35076539419896,23.839181061854482,5.6696714751693245,53.30929722037321,0.746621195347847,0
91.8605145999844,21.992032159275183,3.6743319208977905,42.32425990435189,0.1625825696730035,0
95.58424486849587,28.425847083248286,3.366908593580516,38.648673078293086,4.253790286169693,1
67.41260513576886,18.999135896420796,3.581872036654983,40.34160206504068,0.7433955953890492,1
73.16741487334225,22.310016418270266,2.4785323064459788,41.138196996234086,0.5239414470775373,1
64.60767822239899,28.110874995118134,4.504796413304098,36.7977501213531,2.6231470505930754,1
82.30593165555442,25.262091763681013,1.7230748176913915,37.413916256454485,0.4448879811540147,1
92.17542255795962,23.808564289388972,0.22060442680419934,39.21158433898985,0.5495984555989257,1
100.02357052096028,25.004014172600588,4.439203363627097,36.37622455882547,0.21877333874275454,0
85.74094780419775,24.717656684195365,4.042466131551643,38.01532696489406,6.586762862629291,1
101.28615545571292,17.933349814856314,2.8576599671256115,41.76545788665173,0.5690747099172695,0
71.19898541785109,22.602952458608154,1.4346067547792667,35.014234101899504,10.881284469924248,1
67.96617560644845,30.466086618054995,4.57948805382807,53.04974710473926,0.3875322518381813,1
84.44452301103381,21.36270346089133,2.0196499228590987,43.765783054431,0.04173616333778856,0
88.84065448939307,22.726795943582665,3.722111298269331,33.64957630743674,4.52084537258568,1
84.67305251905907,21.83351694676325,7.529943708252889,27.61048245449694,1.7350832887163123,0
64.32557899960123,23.65193910672745,5.302379539150769,36.56248357431111,0.8659090060526164,1
84.10879960487212,21.66750867470281,1.2617346752366068,43.421803248036234,1.4403777161623328,1
71.95530499495146,25.94696600863224,1.450296857975395,42.452349472250525,0.6041758942471442,1
91.69672548830039,24.789253649161065,4.303638185487517,39.445757448256934,2.0143949187908183,1
88.66598246096848,27.094190460428074,1.2493586358819582,36.99278769428457,1.9166673509331456,1
75.60120213672644,19.79623533524416,-0.0034509624685732376,35.47934313004035,0.16718128122079595,1
79.86133082663306,22.63863806846839,5.064744022593446,37.987084644452466,4.831241096058614,1
74.40786478111049,23.09710947355146,4.641871508641735,34.93810013086199,1.2343189378555102,1
84.37320902726829,25.822587640354378,4.901196662558265,38.00561121895775,0.43420897664223074,0
94.55142320501238,20.82711521117186,4.5260703636358075,46.654754679114106,0.7345586859539522,0
75.14273953664457,27.662615217033377,3.86937857665521,36.143801003753005,4.023143473433742,1
90.04046515517844,28.745662362070433,2.6756229046466786,43.05440641525994,0.9663728335708751,1
79.69742381627559,20.044510609457664,5.032269932175886,43.817119064921016,1.6508954445931994,0
77.07127167737656,22.036508420425736,7.059766976810302,34.60199340732042,5.901125306843781,1
83.92969640045442,21.87227396683163,2.997541985113092,35.783140627202485,2.10947659294103,1
74.64757677580626,34.529544818709994,1.958519579583403,45.34471718493395,2.2522757959561046,1
79.46350694652818,22.280399579168453,1.7297611611775219,35.37117980174651,0.5715513473360307,1
73.02122107411151,30.71050176862454,2.2665395333325646,39.71257125394598,2.2070196341796446,1
104.6472513291639,18.93347201957356,4.4051970489521475,50.19991911084263,1.0010996824902523,0
85.35263551971728,20.041396135342545,-0.2792551271071204,44.89916128530682,4.839192756545413,1
78.00274492007415,21.253581872607196,4.878340848864652,40.42615225867783,0.2774642957854389,0
87.13979910734221,20.617242754213912,5.287826020592312,44.20365287265627,0.6727374630142627,0
83.8767195030917,22.928405063366004,0.40384328011424,39.720389573429905,0.13655924176889309,1
82.79030400466777,21.16488718911401,2.0416391274448014,45.09115916601737,0.9589893716803909,0
91.14166700043425,20.722633629061704,4.159361959690828,29.768672843267645,0.32121249886566616,0
92.57507710047305,28.63388798589331,3.713060539391204,39.303670018125274,3.7305160811072215,1
79.69498852389472,28.89517449005266,5.039274936537181,29.56830046703589,5.181686715870559,1
79.2418175935532,27.797185993501262,3.717726356967268,40.806775941159145,2.2138473341922853,1
82.24948302848355,26.09599582233731,6.5295390535499305,38.819110508636506,0.21814501535794456,1
61.980788352644154,24.370972263118208,3.357661201912636,46.80364923321165,0.8359790695261585,0
69.84808937801448,22.011877237336364,2.033934026560493,43.55913684298834,6.675988448022911,1
98.66874267444524,20.187369980979632,1.8731162674764872,37.369561562299666,0.29306241961749196,1
101.44967713501283,25.45198281373075,5.470937018563378,37.968918717095676,1.6260670750958255,0
82.50963960443622,19.30547842981281,4.059242283913832,41.903482651148906,0.8705999777380411,0
90.76556963055766,20.024316283298425,5.26743180145039,37.13719703723363,14.170446434194396,1
88.11250154543536,28.61165302481924,5.226244998458369,39.838136068077276,0.6720340614833373,0
115.78880808455239,31.602596166888347,-0.03969970552768132,46.58349032257435,0.09790211131877838,1
96.19574911434577,25.573180552665924,1.719834797953113,35.85434908234811,2.4225509065880417,1
83.72082408519233,28.425828609178577,1.9587499189923587,37.761628170218025,0.791245398564985,1
75.44459559399574,23.016606730224066,2.367871623016475,38.462838272753416,2.1434428258424205,1
68.93553679742428,18.649303255649265,3.159289346846948,55.79036713092812,0.22108558947707285,1
87.03463635867223,26.448686474474336,5.9982991892343716,43.04121331253584,1.4807425871627642,0
77.43649254715697,26.277157293080254,6.396964704767798,45.66034169523921,0.9407483506673895,0
70.77746290402325,24.286674215520975,3.4142183395940062,43.840628559391924,1.539050801925839,0
78.53427115757474,23.030498167579555,3.497438277350511,44.17696932992649,3.8410829166276605,1
74.18451996385605,27.848842314324393,2.5891325518854273,42.36786768666144,7.205204476936477,1
101.87141635072564,20.0570678662901,4.178375394477088,41.82634600029546,2.797804204397451,0
93.81639756949451,20.90487768443737,4.405041765467873,32.74627672765732,2.9122178420898095,1
84.92027358683383,19.967573972958288,5.612951110004531,41.789322781714695,1.5055230071926284,0
99.79944138890026,24.33989185054331,5.596877451965106,39.45828203803521,0.20495145877846796,0
85.77368307647619,19.648427951562965,-0.6042361021381026,42.72728451424748,2.199583245548931,1
76.38715798671737,21.263031277939024,3.6949101047257638,39.64570416679776,0.3198208381423757,0
100.23124077269657,21.176977751091208,6.768200061780208,43.815821463639956,0.563826969794599,0
90.38910043684659,22.957566670664168,3.123770145390166,44.6996628557459,2.4591454961464883,1
74.62753845673544,18.050502214384093,6.278483636726577,25.439199876771177,2.1400064811137227,1
83.09661321916391,24.34881996814907,3.3870963999776222,37.83053590917021,0.7547057953614928,0
76.24381746615242,28.989214602658713,4.349846934883928,30.713065470559364,2.957207372558912,1
71.17200269035663,24.54196548926705,1.7262186152017018,41.194722773209975,5.604143309935706,1
94.26177547531641,30.165284579205284,1.8015028848669705,38.496458110729996,1.5760572376094988,1
104.0941664047013,29.335992743507703,5.450983144526029,46.77914235293303,2.2644621959168627,1
71.01432426180858,27.110940188991417,5.76363656040133,41.036223309004384,0.6343030160516268,1
90.62969236690572,24.29874337054754,4.052857812400985,37.57235011768143,7.067655707402652,1
78.49357430878173,24.090001552981757,1.5449515147232176,44.69285769922792,0.6395977782870417,1
80.12874616235304,27.05519908945304,4.087609113214429,38.40898771086279,4.367987421587882,1
79.07606075761132,22.43331756198387,6.514469921348555,37.51001222053166,5.258545837293788,1
76.36009230320184,16.469916994130145,7.485732940103521,41.96812707320928,2.543280213849139,1
85.48521627944827,25.96801621641184,3.3665841353481714,48.06485694969736,3.3382423744463448,0
76.69049883588963,19.475725480260117,0.6802642994844197,44.26775954119911,1.2244502403320923,1
87.70456825779839,20.15143508723846,5.680727199109557,42.83465482640738,5.040158997889593,1
84.49761890550863,24.00089579198315,3.4480738070899983,53.75474266760832,2.7146073242360234,1
82.6105195313359,23.61950048978612,5.8860812831220795,36.33794981820254,0.7912592455237899,0
75.92436337958402,18.35169757473748,4.562144450035239,36.22641081528946,0.07114071634992505,0
79.23228669431667,24.661966256532562,2.2331117884763003,40.72784740219871,1.5564658133508915,0
92.55391225825755,27.864558643444195,4.1164887213187615,47.575131920523575,3.6733085520638302,1
90.00917187624381,19.48663371893687,6.616676734108656,35.291570118526984,3.9417931154165693,1
75.22444755201448,29.089933323395037,3.7016920220655125,48.7728629878153,3.6050592249316438,1
85.99332305429226,17.759316699480223,1.9303896731092447,32.80438755295806,0.48349732965648823,1
92.5138712337179,32.46929657748382,0.8227116628066868,39.39390974639411,1.1107691827718649,1
68.30594718878629,22.354958278066068,2.4556706262706967,40.86732832834325,1.9029337177526748,0
90.43360192379934,24.582467987307567,3.179727476458036,35.58684041841049,2.2025706685550435,1
78.37376241054153,16.43186571005732,5.639998271834518,36.893828175338996,0.8146840016182034,0
90.70598668593159,23.751455734122764,1.7583014643767565,43.98315239667833,2.3594862806893024,1
77.36740843457483,24.913928710872767,7.107503771459271,47.20777871255617,1.7875766783138465,0
66.9511789933548,23.655351583602023,1.325695578317617,29.42694818751989,1.6729987640666344,1
68.72457562116837,21.747675691790505,8.662972185113674,40.90118192729657,2.1754920245568314,1
85.48084946661382,20.21374192588874,7.451037113508942,39.43345548192099,1.8494924019543766,0
87.59722501721483,28.522106478149244,4.282332498775984,40.53698177811975,0.3651422990600492,0
75.95683374895592,24.1232285399918,0.7046129304608155,38.41616762191899,4.149566056689221,1
91.38592458777374,30.16300950606709,3.8891518760351564,33.54756515221836,0.5503736049415667,0
68.3847993773104,21.89407058082031,3.2263180840269885,47.711484890223105,2.728977922462979,1
84.33920201352683,22.260821226511133,1.4514255538981522,45.7966479916535,0.3882782349236718,1
72.88983800237543,27.26237697838465,4.582019254494885,39.48005405551559,2.1633121988079487,1
78.4816389219784,17.508100151985744,2.352713740288712,37.55843393763329,4.520656425773146,1
85.47398671316414,19.146146559388306,2.570188305900837,36.9527968549706,0.01951593976011349,0
76.39586634716048,28.389939885412655,3.592642730855289,27.0717338759276,7.792069654498555,1
81.15444455770175,19.312264283107222,2.8501823425885933,41.76910037301206,0.06025021044102751,0
95.0629280921444,16.72379593878981,8.156313234220057,43.90161795151422,0.022865452323939113,1
79.23108130476851,31.474108752292363,2.9285707340009006,40.68951058054884,3.8976702218995745,1
93.35692112065142,18.42472940850318,4.881762022788951,39.56831782700124,2.4668307146306483,1
73.70293145342382,24.736477593312678,4.291044984420724,40.66691754243292,0.2236754684139269,1
90.29804177915283,24.276340770897086,4.705500450517744,35.733870096212115,5.542456307536016,1
99.41568620657901,12.757486733527665,4.858176807221864,37.502223863148345,2.2290702202249615,1
60.283554998727105,22.930731907328763,5.762722973212245,39.16833485883921,0.23541405005123725,1
77.03104744529523,25.79365299791644,4.532892151237284,43.48338287382448,3.9401499034396603,1
90.7707212718054,25.417237526075443,4.44979158977264,46.894291866475555,1.3113361672795238,0
82.96954613957007,27.614082735214005,4.116954136936279,38.85426078513522,0.6518306470646613,0
88.71145873371309,22.450034740378264,3.723164295320051,34.77607231217292,3.4864078106665506,1
78.9601481328418,26.850017768368645,2.1764042366786454,40.17823395381715,2.6822325008767702,1
85.865897874729,21.24268372767971,3.878263245159597,50.057455562944604,1.9512525686855429,0
83.44322764607921,18.3581303343489,4.482534750531067,35.21096782433133,4.575652133117794,1
96.67782061659807,18.809086497275068,4.80432911314559,44.42920373566406,3.9505927935534877,1
87.54420843301213,18.15155817921834,4.360569545980473,46.679802780603026,0.5144134867048362,0
88.37602662075201,28.038343871564777,3.5340899731029323,38.19992570087257,4.218748651893527,1
80.88123033877532,17.941705963765774,3.8858401936082045,36.4963771114048,0.9369371027975739,1
80.12393775927507,25.096155362597212,2.892707030898416,42.87478341416626,1.1304732860752797,0
80.6744181218038,22.93630322371027,4.6264479820131275,41.76608386402083,7.174985520532518,1
88.94452142378297,23.589405706197475,3.5577435441717564,43.473870856604435,2.85318572325593,1
80.79015519179737,29.454429180798797,4.36112187639494,50.36854715744902,0.7757001978164985,0
87.89774856896413,22.246290531138907,6.001606086765104,40.83523276688282,2.0878271696491244,1
105.75400798645438,26.446406246198734,2.5812821807151605,34.038875755219486,1.5501220659490373,0
93.71124703431693,24.150253405524445,5.193390761820968,40.33320001084212,0.24796168825955262,0
81.73976467832159,23.39192437746921,4.066420359770746,41.207783971026906,4.374095161990497,1
97.01213922163944,33.199876497545894,8.04238719916151,46.33584318544124,3.4506122559408134,1
80.91924626978448,18.23463301713852,3.5673993430729807,39.01617802286148,3.007548097564291,1
64.61875464822145,29.15652734174978,5.390329166302132,37.95466083152308,1.6381165633456476,1
74.91913689082595,26.625626261959887,4.0307069035119545,33.14403001916705,0.49907115490141973,1
66.29208078974145,22.081900021472865,1.2233909833730126,42.737063960320654,4.306538380685652,1
81.48486515958692,30.517274069766447,2.9586218089617113,56.74103592769488,0.8707117696769343,0
85.18418379189552,16.607559550445853,5.760942210856787,38.887045079980304,0.040646486214647566,0
101.76437312275283,21.912933370803714,3.134611078783454,42.259774772609745,8.00983177059239,1
88.26927373764163,19.166071182923694,-0.4405126296792279,37.26083573342518,3.9488244510006156,1
82.80899471191135,25.64833385948584,3.9371939661509923,33.5935754000208,1.9493251744150084,0
93.2940558118349,19.54774359525129,1.815327404097979,42.17117969600265,0.024969501210358954,1
62.88864690992115,25.732255786965275,4.263635465193437,40.140941417185964,0.5168059899854855,1
87.35614558108566,23.254254336713785,7.102294162796037,28.072229284670883,1.2031420652608509,0
92.70865193886966,22.082584229375662,5.538914621605807,48.0501435787006,1.978179478135119,0
70.21413754220158,25.554588984133243,7.073311657479955,42.07982188168558,2.4630615673979595,1
96.43754043206928,22.925513504247743,2.876975957111017,40.36947775051802,3.1049122854039637,0
88.38496407494414,19.645460627763846,3.7136673327289356,37.890115679538454,1.622334654241365,0
80.84712086099199,35.205491958539916,1.911127606384441,42.02647055246546,2.135293968639089,1
91.32781866106285,22.051331267883423,2.63191310991981,42.25697976208018,3.3345864132990624,1
107.70692857804396,15.129563679391941,2.1462303354276395,42.00660686863356,2.5447981750715774,1
86.81866255058495,20.631605241114446,1.3865540615760854,45.33996522251745,6.193862131604282,1
87.48220586300336,18.93089324650908,6.731713250662681,46.47635616916673,4.153225499344041,1
80.40639100459757,27.304582464162063,-0.18392059005284445,50.02796531809199,0.37112065862900256,1
76.50155630535208,25.286610638366344,6.740277809609113,35.81578908775639,5.890805702332754,1
93.30335816544246,25.594851207161376,6.492117849840462,37.13289243116391,0.4567544275396352,0
76.43916174091133,22.519910136651024,4.999585350957996,41.80591083520819,9.48055665953449,1
85.71566237219392,22.882599011772314,1.7709854638118614,36.10454570631107,2.4168289211189604,1
80.22342553234883,22.51627558556933,0.8356497771135856,36.9099246381389,1.975205900192097,1
89.78979825746391,23.675227263458122,2.9031926374728716,42.37614790753315,0.784079593300849,0
88.33662105286949,27.34133374145934,5.250240912679848,44.50421177489925,0.28568065880813415,0
95.375399442579,25.344301650021386,4.006127274881348,46.37963976389432,0.2697457644947143,0
79.89983601145254,26.000451318483467,1.9130010098104848,39.036927931212,4.028434400394476,1
82.30125064706628,25.99823563299681,6.29640956931298,42.31576481768985,1.1328241224392395,0
75.21236284217693,27.53776974952695,7.368766656363076,41.21378867946885,1.641287839578755,0
80.55706739923889,25.15260016616102,3.546801671970805,40.08828722589993,5.371680583664587,1
88.77300493044852,25.435392290715676,4.218673807194691,35.919954173959916,0.5896945756392359,0
92.56988616645351,28.755224964772626,0.9823026327410078,35.283944553987396,2.8873172335529085,1
75.77834675822375,21.339816327987553,3.17122656778193,43.33337389977978,1.271511132548841,0
93.6960592010566,20.57702968019397,5.020879956001988,35.83590310057899,0.4784306744781557,1
98.55637858804951,19.256313603252575,4.709713080515555,31.115405875864866,3.83426012328997,1
89.13434903223701,24.731658254481022,2.9846643015805867,39.84119338354906,2.2785509256629104,1
103.76795812558066,16.585071035123505,3.451512983047106,47.27620151074875,0.19946760087477391,0
77.26210800896428,25.84861638423871,3.105578526910896,26.02574780798879,1.5607121881055368,0
72.55345296688583,23.56322762199779,3.4430705725632302,38.55834863423244,3.8178973670714886,1
67.21279751095722,28.53855879928423,4.846469605036253,43.37607432663116,0.1385604145740189,1
99.96044311489183,21.31233075814004,0.06492582926175494,30.882517833925995,1.076649900177053,1
91.54365656354058,23.186726858329973,3.8513009703841554,38.93333541899459,3.2717123489997304,1
84.44415329089544,28.488813333173475,4.699951071251379,34.30271377723729,3.9088948981721923,1
87.7996862631982,29.53254258711261,2.8590306287178455,34.964109429965575,2.98653703452098,1
73.74510952701624,21.27939053699272,3.041333912070237,37.9879089614899,0.7297298524495082,1
109.45751979616827,24.72712493034864,3.0992111183691007,34.384260549339146,1.4142064721941994,0
86.29221181975228,25.17767591073619,3.04190005292568,33.96849648424094,2.7040021252498785,0
86.09394794604893,25.494613622484593,4.011767555700747,39.703841242289975,0.33113597677396406,0
92.25766623898691,22.94969736273751,4.258005516027567,51.13569530267843,1.8077253781393074,0
89.81009231736714,29.12553359249454,-0.20102863246759917,43.78871658723928,2.5486026005028473,1
87.23884024279131,16.44118606551382,5.305760742944576,45.05266383519177,3.794131564190558,1
77.09525544554688,22.315479060795663,3.4200022313060816,43.986312192094225,0.23682784792691985,0
89.71468357135996,25.791722931091787,7.865926350937068,36.51243193660392,0.7999843079400356,0
103.82024496475034,25.828899247797374,1.6167029222025833,41.5541611455808,1.5602616214056206,1
98.45420046154977,29.411036122459052,2.265370982491337,45.48847130471167,2.4150040488369124,1
100.93186626639397,28.79290157280515,3.5941820428334776,44.14168733890896,2.6189355137801487,1
79.88784323568815,22.857833498771104,4.826450899372071,40.972755036841924,0.5840742143202446,0
75.1039517974142,29.19948497412242,0.0984653452569968,42.600232470969466,0.02794758453370052,1
83.74213079900352,21.14383302489018,2.3417998957677866,52.31436982584576,2.367144489469416,1
85.55724912288694,27.72354953116735,5.182640321147687,44.197216085781726,4.796569018557104,1
95.94191518470949,31.242089913683973,2.1037521071349152,38.424203214011754,3.1941991386572703,1
68.0753537028518,28.859776427419877,6.7400527527524545,39.62981496867702,1.948189842225244,1
100.29550319460614,24.423081534096493,3.0922328023018553,34.72924301704276,7.594751143639844,1
83.4199210142101,22.67288491291151,2.2012535973162066,51.73517973973148,1.1352039086099648,0
80.7311893005258,17.885634814962856,5.220488515579039,48.01934862721772,1.489090438710615,0
74.87895624739832,25.242158551656814,7.215234773648893,40.41606518136057,0.02472574057099736,0
68.4514332813423,19.539131088116324,4.832792517487793,50.90410059383388,5.8357418990591015,1
93.23170583961914,20.827461345544254,6.5208587984465165,43.162000224774886,1.751001419405716,0
85.73317967188405,19.237016797053315,7.353270681273927,37.84576791192091,0.9912172630845064,0
72.10039100258946,22.15843066937338,2.1562826401448434,44.53226270259899,0.09117569947528707,1
72.04921227936384,23.88812234205207,5.876782668119173,41.99321735898326,0.9001481041773298,1
81.64215300709871,25.09445832466282,0.9530589813929051,44.189283891382,0.007209180825842802,1
101.69021525289392,21.597973458344146,4.84980506357277,33.154540701718915,0.7841161842826754,0
82.40408648636395,28.27713482558073,3.8573642189703614,35.94842921401365,6.050525024030186,1
69.96857046881894,23.167178968040137,6.4859004060841245,47.44235415061588,0.3351040053884919,1
82.54256935914056,20.849110266937924,6.344503025969682,48.46568745782028,1.5767236098531752,0
82.2727643025233,24.905169068973745,5.139566701068805,47.07556363484027,0.41310715840265155,0
58.03113357058429,31.854211334175265,4.5968557989656365,51.09323451793429,3.059213195511173,1
84.45705133482188,25.34064226614047,5.016737353443902,42.88684149106932,1.652890034012652,0
82.69065469791322,22.548577490505572,4.123541742753091,42.53541681415216,0.4518849752497037,0
91.96206364813418,17.890154575525184,3.877608517784193,35.43396549388094,4.0234356708518,1
103.48956094945345,23.12235071611172,6.885156344504885,37.097342795768476,3.065173966141275,1
96.26565029547757,24.939712500352464,7.125779639356352,30.058695388452243,6.044207095064346,1
82.3111130944517,22.449676434977718,3.716681604595586,38.392569938161465,0.001256780576924877,0
73.9347409125833,17.338461447036003,4.475272806021489,29.70736955583376,1.2217227092289458,1
110.7335980324986,20.597738441986266,4.163310449545548,45.40483085431847,17.49699613587994,1
85.59218434014488,29.81815384355103,0.7766031161256102,41.94199434275227,3.3340060564572047,1
85.13929291912946,29.736004014921843,3.327128844775987,29.86915376801955,3.5591021737320117,1
84.75874912889996,20.45344332318161,7.199408402096205,39.05068153918259,1.9411372817306258,0
86.98084760767856,26.691027148797687,2.5004482499363787,49.8382781117425,2.4958469600491333,1
83.55639588076058,19.285708860919307,8.229086924602603,39.37166924582128,3.2728604872346834,1
79.26337993119763,29.61726512797981,6.344252619178764,35.00814528181004,0.19364006281581578,0
79.53141058759608,24.980943391576947,4.802996301092418,31.072488653473798,2.3590845732042434,1
84.67246729784002,27.798565994466134,5.121686571952841,31.221766937780558,3.3792156734199894,1
79.56575228866235,17.139626611269843,2.1655866073299492,42.67789983928001,0.0834485272291833,0
77.87154217322836,26.71054840769955,3.469542495550596,37.830636888376276,0.7049480760172406,0
86.06430227691897,23.969303745261985,6.882798220643519,38.245029292002805,0.7831587726908987,0
82.45022782579144,27.40771628316337,2.7709413216529333,37.85126668278016,3.8562912867301833,1
100.0399298858269,27.6594711923914,6.1222635138975985,39.29880025267628,3.0314524699890133,1
58.49030191606988,24.263138757898997,1.2459196211258834,33.86418500648476,2.1366791578743007,1
95.91506851922462,21.59668144361634,1.6036831750499787,41.580524968446895,3.2666742833120166,1
97.4608519249763,27.118784728717976,7.802769331172632,32.88646878121653,1.2081846881247547,0
64.2660976759185,23.75938200237949,3.9763257075193517,36.22078770979373,4.156973440167961,1
81.57312405919652,20.50886018588943,2.923000226011318,45.05413848832562,0.5337098569135584,0
81.28559134004209,20.319391074169257,6.7254816539979245,41.881024998625946,2.4386933005351286,1
70.92488305282178,18.091342334750472,6.491643109927008,43.42840923100691,0.5534873898507778,1
77.22183312409125,21.958835361747745,5.841509130514477,50.75194196408943,0.08135645431643479,0
73.89424154534171,28.410768184297513,2.8602041611757882,39.701729948477514,0.668572726264028,1
102.52270443423623,24.711319198821737,3.4261648481246487,40.10730130012489,1.3581210440783773,0
94.35678393147461,21.880929176307838,4.62325764744946,38.6783952207483,3.7085810063451694,1
97.71555094994159,27.219423752720317,5.388798684294475,37.782929263039264,1.4220378229499533,0
92.21672064043236,20.670093513106444,2.9830328519629257,34.947045863031065,0.3948312486523451,0
73.70948228782771,24.381401097331114,4.341474221241393,40.420324055979265,9.857918273149659,1
79.75479733720226,23.281478509097937,4.534782601594812,41.77524303298078,0.6296216859469882,0
89.89374561227918,27.11652250235341,6.573539512750507,42.05385169596448,8.43909802543903,1
72.77872191108054,17.691086516321995,5.508931657870238,40.32181913433539,5.508230630699328,1
92.12998430172388,20.599209016741376,0.9863967103294184,44.63085402409991,1.5637011049457286,1
82.59674601841866,17.447017363621868,3.5727393830292287,40.14718345371193,0.19294048664755434,0
81.25179192450402,22.96161311276292,2.142433260033167,37.95349055883019,2.3776089312417374,1
92.10959968203491,28.845710014529722,5.136174841223347,35.36505909012741,3.7379419771350912,1
89.4426331148604,21.978211161385893,5.846306701010088,32.25512394211036,1.178659668798086,0
81.3903383418092,21.957264247217395,4.203111971220489,47.30207588968243,0.546350177119905,0
96.59329803364248,27.486897696736545,3.4637459387443,36.504726872563346,3.247318766865935,1
74.18936672400102,28.2741982338212,4.138339586071966,35.37166428356353,1.5752578402054562,1
91.15935606944264,23.64571573092484,4.417838546955509,37.91230885836514,0.4403708737428242,0
90.93101257968384,26.738859416199567,2.7198006965661863,38.60805606733102,5.973094806527677,1
81.9045356068601,19.692181836488214,1.5625777984612692,48.19256217951387,5.916804642956737,1
88.26133022242118,29.511897335701654,-0.10027808511070635,38.35926448454415,0.9147266659466965,1
72.48886423614697,32.594825175748205,6.534364263477768,53.16691782700822,0.13228624848538062,1
94.240270192069,26.0848631647549,4.992732487269931,40.31848602326591,1.9927714439730468,0
83.15097863557011,15.662673514628798,4.725022022688345,50.285141244856284,0.7631848863371352,1
79.7727697948096,21.767078950408862,6.530397775905898,44.469646407153604,0.13731855641371757,0
95.49009225836889,26.451301286677285,1.4890639806151662,41.80518709922381,4.447666395540797,1
77.9565630945724,22.314068011334548,0.5287382482899625,47.88924066618743,12.54905020411737,1
70.91538703636441,29.08879421700039,4.7684638330381794,45.611148969701496,0.8628139560503776,1
69.43370826476097,26.35262905774346,4.586542750886861,43.17339542093045,2.7309943660024065,1
91.0600995134564,21.174097996936815,0.537386380654493,51.58797004885846,0.13606693289812172,1
72.19570647503717,24.12905924308501,4.719042124280944,37.50803644023188,0.923136025224742,1
102.54794181984364,20.42466711744364,3.199554095200864,35.02543162019134,0.2302645775959371,0
64.18070592116278,23.269660486350233,2.385823880524837,36.61884629094023,0.11388144788908525,1
101.96456368290038,21.781627038269793,3.333152583435174,48.76136595041777,1.777307552868657,0
87.11017467202619,28.699047200932153,-0.8830571418369404,47.25380010543048,3.2392895263560093,1
84.03286888129608,32.46404822732398,2.817251553216124,37.37369050259807,1.2065041851153544,0
79.5508091319105,18.27524666705699,2.591410861031591,28.22674356203067,1.485427556003427,0
88.9913611435207,16.307134855160992,5.11420489387228,38.97077481810639,0.631422537037669,0
84.62365297575151,23.019310312594456,3.683539726978228,34.93367845704364,2.666548451802138,1
96.03301882016521,17.926337204685268,5.277737747357763,37.53032014255273,0.895930980484767,0
86.1422764866204,24.18484641468367,-1.0990786894733615,34.72795476127041,0.13977015375265936,1
86.50301761461877,26.995744455223708,2.3218035548579037,31.95230961510488,0.36186355243465274,0
81.36387787786144,29.9765675890673,5.111994103142888,49.416021841654505,0.27500678171247195,0
84.43054376278933,24.805578234861123,3.38227073885369,36.58165898028291,1.1449687309906276,0
88.0780176889206,23.227379100601684,5.690921065948734,47.063339016295835,0.13487247002740826,0
67.89831607343375,16.086460333707663,0.3907941812215534,38.893145450765715,3.284793497904238,1
71.51814577894287,24.104740596743195,5.462221679378949,34.34597897723778,4.7720462336031435,1
92.43264094022715,24.285149042197848,2.7217215644299193,42.545341949645014,0.5710865338618547,0
86.70865438127942,26.555827256850982,2.527605831234651,38.04471571533535,1.3291573750136012,0
83.1601666364732,21.166047593883636,5.982094093854903,38.964494471683764,1.464038256967508,0
85.18433933065393,22.25978959905656,6.323802259913012,40.72452967169884,8.399572356729813,1
88.47581705361671,18.087990978783264,6.069399392174564,35.93893582125656,0.13574324004856608,0
79.60240319690638,14.834828772463739,8.077283850096531,31.894318229398202,2.2045321175852344,1
77.21695274597687,19.566011636812867,6.533607216886669,39.74365192632831,0.8485772783823408,0
86.95845255097682,17.718696742987934,2.409126832535402,44.81958851316918,1.3935322906918353,0
75.21627222384969,25.346849181682444,4.283276256271301,35.492043705441226,0.48933347111311143,0
89.08252755714472,21.92746377333257,3.2796041830301297,40.76981133132818,0.3492837150591498,0
67.9741639576216,21.847051479700845,8.058179719898131,47.52753574274598,0.5582781326461599,1
95.29155637325644,20.06234781529915,6.209739909397419,39.551175563630764,0.14785713028294162,0
89.72597482413043,11.069738269950266,3.6222397265730883,40.430471858979296,0.6517104265183729,0
87.56029734313876,30.033242994990204,5.755819595506004,40.27606176800193,2.3446312581985578,1
94.82690983945514,19.998917908892846,1.5356030673737906,36.5882778705347,2.108130428768972,1
101.65474444462576,22.35031972060037,4.5005234752909455,35.03322740783312,1.6170990298372483,0
95.1437006501813,18.18043133884276,2.1241550147938315,35.05368815339463,0.0007749760684742377,0
66.59125768668355,27.887721373762535,0.622815598745186,41.84091598503637,0.26885101257353045,1
72.20423033264298,24.573715748149297,5.569072475059667,43.78936180966372,3.7013563092341304,1
78.75181422304321,20.694538858936525,5.817182190375103,44.02541119218926,0.6341898263124836,0
85.26091050210833,22.431081554623905,4.914425272423972,38.10728573122269,4.86536223973811,1
90.17659020469122,30.71271968849948,3.634065918866998,45.466542704653236,4.151634072737631,1
77.74256186846534,23.70812227247489,1.4672826903071812,41.53681909755213,0.3366646104317023,1
86.86766764477078,23.273065849536376,1.6773062585655052,40.353711108955096,4.568548376174839,1
77.44617067646678,20.234474055442938,2.0614400405224056,23.303216686982076,1.9768350387706968,0
78.88482197008052,16.42167539811079,3.5326534165501524,35.91295194196808,1.9900554469618796,0
70.93338903151778,23.359845305682622,6.15235746720983,32.39451048881362,3.8302945498534022,1
75.76766753889096,25.30194044929847,6.120808422157305,43.13536753532055,1.0385751995144719,0
71.48315394383667,28.39833785731068,0.702864800774246,40.475166659650164,2.658039036621114,1
75.24126747022667,15.006013862001378,2.6135333265661056,34.640068068074456,2.2038215836280592,1
95.5364179660784,19.499614691907883,2.5596779608563223,41.52181279233831,2.9525665258360587,1
75.50601111168056,21.6770356377742,-1.0631662570024911,32.88253816896826,2.1587310978183685,1
111.32382064837391,23.986076605707193,5.132241893899815,34.78118450866208,0.1668823532887596,0
89.93317900880889,23.41986523388631,3.5076803513629566,36.4488933456753,0.6926318608543787,0
86.84836123694873,23.513245257250922,3.773714926738048,42.700681609224326,5.624185605271701,1
76.41642219818786,25.63238423427978,6.691742116751277,46.997208396019516,0.505724593481486,0
92.00309879408991,20.386827556883564,4.176618026568715,37.069957758280324,1.27830460129606,0
79.24362173762226,27.736565768934778,3.1385390700679645,46.612293208041386,0.8829970963887485,0
86.22009814645361,25.733809766797922,5.144155242009886,40.2370177530573,0.1805031834456657,0
110.60084538268795,22.720670943487683,6.117743693151124,41.18069080462612,0.39980322231456994,0
84.03940100275351,30.40363196755566,4.592935132098451,39.68097721136278,0.6756141938241658,0
96.49273326285676,30.225664142287066,5.378379197396297,39.013431233069674,1.2447008872603926,0
77.96823574874112,27.731581420775235,3.7088647005142312,42.196500183694624,4.151281318645325,1
84.65011509503039,11.92577291772883,3.8362845072806744,43.701605930910226,1.4497557618959567,0
102.7080063563551,30.315780370871902,4.226041420597657,35.576943481820734,2.1105594705887216,0
78.73032942212232,27.179034089887736,2.493758099134676,39.053497652152465,1.1100955055652593,0
103.12448557996929,32.02563455085175,2.8638767712607986,48.34637548611633,4.081401147969134,1
92.07751935455475,28.949858366934155,6.755759283636947,40.885943271592616,2.1730993948135553,1
79.37533224105732,30.313370709989144,8.015912191724642,41.43346927214574,0.19000701057417382,1
91.3240773905552,27.514619400721514,7.18439582807636,45.836342694837136,1.298265211405297,0
94.7255444962673,29.39477279458205,1.353485286462905,37.49377750357669,3.5116367699462057,1
91.21809962217196,31.97649496293776,1.1602849308300547,39.83019689049374,2.645928284362395,1
69.29775280109544,24.866218953512824,1.618581136109678,44.0842244829929,4.714318005016182,1
77.72862824175131,17.711077823687482,4.268774883758962,46.19451115639171,0.5166811221812176,0
82.52481364448495,22.77015639993943,-1.6174491847153272,28.174283532472934,7.559549238237411,1
84.25566570899954,25.55978239753375,2.8223968667609984,36.31665604552313,0.6711627371596472,0
91.20672097550678,24.29955033748623,6.814198578322227,35.008173468253624,0.10296531429794352,0
86.77701000933254,19.013752135362296,5.964877661457815,39.38087448303976,1.3690593451264672,0
71.64655641289899,17.475729499220083,2.9818106988529856,35.38663611703266,0.23382898746830758,1
88.80197851005963,21.035349325460682,3.1332891176587245,43.32052749754954,2.2870787765389657,1
91.10585745283824,27.230958223936604,5.1344834136138084,40.862051705244504,4.616326659919998,1
90.5979044793104,30.321359083291878,5.870537510488398,44.44595084677082,5.085324214563761,1
95.80780725554622,27.666270455110805,2.9337254645204798,44.76503978686784,1.8680808734177432,0
93.33922154548904,28.229709148456543,3.5312679565611247,43.395430092079245,1.532575300856728,0
89.59180079228437,23.67673770734577,2.867980542959953,38.32104724444988,10.229134729360808,1
84.29834288541353,17.031670169176145,1.3373011172495723,40.52138769378312,1.7322683318182255,1
68.39039066484008,22.17911767646918,3.5605125039563714,37.69563047340099,5.2471880766234555,1
89.29618219132585,22.964942352510484,3.408144919582473,33.176323430151044,4.968095250767849,1
87.07687687163111,22.011790052657272,1.4787117680226887,44.76893923543858,0.6836114974710935,1
87.71578837195374,24.218779461498503,5.292161875275459,39.57967686365351,0.0276929947911063,0
72.2325142417969,25.7656790395718,4.9666413572517785,32.48694017937694,1.1566692213594933,1
74.18943459591738,27.41206075297399,5.391439401690153,42.684747855438005,3.951895494529255,1
95.53152853332904,22.887520542534663,2.463859289071264,38.88025541188626,3.6174151661668446,1
84.60444846143345,16.384962377421626,0.03284864377070518,29.700980136895605,1.8510120629004494,1
91.81500697372624,22.06848912283546,4.934662259291298,33.13135363767661,0.3407663909783954,0
85.28318376130461,24.174841587967936,2.671774570740573,36.49694420669452,0.2276540981421325,0
85.29756139495746,28.891231688533633,2.218663733508598,41.05256029221943,6.188101232954105,1
94.38283805975998,21.728768631263577,1.485893850713115,43.9400999252528,1.0942797604014645,1
79.83955271782627,26.050174513597607,3.4493549438256923,43.76884465348778,2.0891632838830434,1
85.96120776940984,25.16035159854173,7.154654594100946,43.01431477465151,4.726038283742814,1
80.37724711294958,24.175602132493555,2.989100957288971,39.8281881415401,4.078798890686534,1
80.65503772567685,27.722133277298365,1.8203939116661325,48.611161552991085,1.673587956246548,1
81.90827876531361,21.356635212989676,5.303866802060057,43.49935621999943,1.3384909537902974,0
87.22133771633713,21.699254201425934,4.345624559542568,41.11052684621145,2.658008188804061,1
80.21251378336522,23.952396707623087,-0.23860273537641508,42.832940528651804,0.8604759520296563,1
97.55756125573521,21.4394139796252,5.324692639506573,38.00482498422198,1.9637429525444767,0
76.05392697780496,26.0320491642184,8.256935537003201,39.713781994825226,0.04684932246086982,1
83.13128355838641,21.14723078253547,-1.2010718548580472,29.59022980224219,3.478097552206308,1
80.60268941725825,24.90521683098054,1.5285879519557524,38.06626168761199,12.461754674969143,1
99.46977884353733,23.599308924852973,-1.6970541773032126,48.79944007883387,6.189183151889616,1
86.96554776511574,24.859703859106823,3.8493911585183302,40.74187638643548,0.8922456089328739,0
95.31844539468635,22.161034419747843,5.980772473222705,40.53369888680806,1.514736974085908,0
70.14439626963028,22.64364682189269,4.211001499592559,44.993020475746405,0.5389430265854237,1
87.67050265869258,24.3840370719882,6.783991396225339,41.78912707811189,0.7219035971540696,0
93.89630795623437,24.80829802464525,5.661100580660268,36.067580978717025,1.2225671004169627,0
85.82283989275425,23.983192338435376,7.404294647004354,40.118287560951615,2.7493712626667333,1
95.65480375065351,30.821449426052336,6.320421536214189,34.32390437660743,0.036088425738042045,0
79.82711549899628,20.037052325034864,3.1941138627809913,40.918060853101416,1.0010052805383982,0
99.0934744018558,23.743184820189146,4.1334529124696795,35.811250237980296,1.6261010574372947,0
107.9889812361925,17.705483911532063,2.262646169038054,44.64147306016872,0.4846095262988572,0
81.37161439560342,25.488325914669545,3.5386876622639027,37.44879689114336,0.16345877117208066,0
80.54497478599228,19.539013854492744,4.123663344036239,35.87648045432728,1.5512056510994467,0
99.533844771177,22.886758976493695,3.830185352929292,39.43584005844261,2.031172600270504,1
100.79572145730712,22.511742698674695,6.684507052607221,41.82695909564857,2.0488785407857737,1
79.77139972846732,25.123564506404687,3.3396638749863383,33.96334001580079,0.8819287900425571,0
80.79813182904142,21.78883632981928,2.135827172885286,37.393667013382064,0.5419430713942736,0
82.18215391139493,21.61877720922407,2.2607779301936253,40.52581152846702,0.4979138334051186,0
71.55549488965723,29.743425856343592,5.310200543245061,46.691842747682635,0.08273582880085549,1
75.81348053515802,25.138267161898106,1.1937231838220006,27.356421178531125,0.4083574320025819,1
74.95859233247933,21.75579659191093,3.5976276596981656,43.07581601841619,3.414169037314511,1
77.32202434895872,22.996665312755077,6.655000490910842,38.08217217796946,0.006111860726986508,0
84.65315112613219,30.58141980908298,4.585196891481661,37.52694826552166,0.08976169639513706,0
87.3421473253652,23.059340486995612,3.850789221762491,36.59436519932121,0.27168283800220755,0
100.50500492814076,21.24289350739045,3.92817919272314,38.18052208182872,1.0902841184217194,0
75.0164595926121,21.260015399494428,1.9408708155456544,43.104086004559974,0.8121440876069762,1
94.84322398476584,21.80349407604169,2.285730579130918,37.31606764422362,0.3916304355909089,0
82.86011155774491,21.62200911029311,3.6096366541708456,48.29296007906811,0.23520242111566453,0
84.50536290347567,18.881408606603028,4.542546060218586,43.11933392146202,5.589260914650045,1
91.74819492166604,19.503199612212086,5.896300023604221,40.98986062576435,4.843868688143721,1
73.77277978437701,20.682718502554522,4.185121234342869,39.16971941091688,2.955930097634578,1
88.82409746184051,26.36628407381239,6.7055483515084955,45.94927101914051,0.5807633588253744,0
86.66452208213056,22.475050850908506,7.21039603041905,46.68009843379158,0.7822312089594561,0
89.92451264008149,23.171353243623837,5.590534424964408,34.19308926372878,2.192300453643909,1
87.89168643907819,29.08035210101959,6.4499628161117695,36.49050947300455,0.6897719725766288,0
109.55300139910895,29.180028599753673,2.018572957223811,43.17315103196014,1.5126971951429746,0
78.62260015748684,22.87150022744906,1.701602130623875,44.68340472222011,2.1069939908203095,1
79.69003044998182,21.476545957266364,5.035946752580331,38.49829725845366,1.4645923860614631,0
78.76859473575236,20.54227874530585,1.3175803762659055,36.28777570143748,1.0664313878459548,1
79.44522880839746,26.77110307883295,3.4192563119681334,40.39306312983272,0.855096348745772,0
78.62612872693482,23.18117106591085,5.542383810659478,47.383467153729924,3.0079040572528184,1
96.89016531107552,22.454020438708838,6.826745849370414,40.20517130026071,2.686462042012923,1
99.20504247989855,20.74534169944979,3.491568699423869,33.68029615087434,2.382956140245797,1
79.29253706250523,20.921334363954447,2.7001114093846192,40.5479161378871,0.9389742875174175,0
76.67644426895771,25.28023276597298,4.640923243023165,43.91374035614927,2.9898682851571214,1
89.71415556386404,18.738246936450953,1.8529131129522214,39.49311344325121,6.3261081179870375,1
79.47776955719029,27.979474775151754,3.6534427034131456,46.29083406241955,2.3357930280806976,1
91.32931817755511,21.864621424740328,3.983999903447437,44.32924517758743,1.0481569491485403,0
87.029230208513,23.40145622299283,3.94403201465841,39.69120538151822,3.1839944075554842,1
69.84255885002769,18.652088167437782,4.177006947635763,40.21572009820231,1.8796411812169154,1
100.47505201330061,23.95053624703054,2.3309702888557164,30.79120147408388,4.202181120946744,1
102.95877673095522,22.68671622923776,2.5460140147631662,46.05113362456081,2.497818528631388,1
78.87211309515614,23.799677604574132,2.50576747793476,38.35241325664845,2.938656876135616,1
81.12298440064016,29.88683559344756,0.7598113216098858,38.00021630361826,2.201848697658602,1
87.85865390724905,24.710792183160958,4.683660643692212,37.25073196736292,0.19306686440053902,0
88.34456789987026,20.821363263416785,5.78931490338401,42.28348781245048,1.3276320315254548,0
91.5854427267283,21.154720357813726,5.592620165707071,34.3565349961867,0.11629636553015439,1
105.1020453876635,26.380524743655073,3.4750062790784906,35.07913609143728,1.186781628590829,0
83.2305277250595,29.194773163973696,2.377989521072225,39.73737449150323,2.5205713062695025,1
77.01702755461547,25.1276720830042,5.488629284725379,36.86743334207566,1.0937882558853336,0
71.20680771985472,26.75485097821908,5.277846044749103,41.67616786686541,0.003263164482187166,1
77.69069960058081,26.43895089334682,4.434841284872592,37.050553603169085,0.9218026602175533,0
84.66873027126204,29.676257653430085,7.488622504846546,47.97518132187793,0.1403277920022429,0
102.94557863517788,16.201639309095867,3.9471489572658744,43.46728753392202,3.033684540940031,1
79.82388700963828,26.668875757218114,3.4862200321502224,43.40443106189474,3.062654780074807,1
87.23787951638899,27.934944175614255,3.2003653378507995,36.97519123089346,3.283701036325403,0
84.83577103927247,18.645105175457708,0.8782445870383855,52.028398372197245,0.06159315015028166,1
96.88393273448084,20.457327263974335,5.322679928284585,37.80494492862836,0.06560288414293834,0
110.26932425873622,20.596869005487385,3.789029265684447,36.43094861354942,4.6753752550379275,1
79.6913122707968,21.084839214490465,5.019862482713591,43.53371298477674,0.2640567717680328,0
80.10560557481777,22.073131796257897,7.683756004182481,40.97614066470165,2.217872174994679,1
95.44160877069072,24.970411252219765,3.2184964601907655,35.90807845379411,3.1739286146385,1
91.81891489626311,27.46269860466948,-0.6760174335831026,50.9792358104429,1.1879206993032707,1
103.46707325736034,28.325267831074147,4.962140739021545,44.87799749096419,1.5813969475102299,0
90.83928185325964,20.64870775532887,4.333718779785351,40.0200265063397,0.5159377579824608,0
81.40707909212941,20.62118800518807,2.53509224805736,52.00555065541631,5.143543991349932,1
90.9065483069231,29.263287360064894,4.794532671242996,44.053900721441266,0.7185025277180804,0
96.08703580582907,26.58697574167458,5.57219264020875,39.940495151035535,0.49131824353906006,0
93.20482181197364,24.331459367475986,2.106780179576905,51.40718822588464,1.4905807251439238,0
90.07274031107298,25.89334670221987,3.397336277193235,43.29492366737103,0.4227109166508683,0
95.66674689589154,23.880784872594237,6.953507459697856,43.07622631160185,2.321134727574264,1
96.69295590445672,26.09833873219046,2.5567556175412696,38.06826186419749,1.4476889138842906,0
98.82158991037527,22.655733213977037,4.133339510827571,40.247067428498234,0.31987852883106294,0
91.48709887589642,25.075219737756925,-1.2488223320877694,37.94653502067892,0.13922845402365305,1
83.32881919683146,17.957815798522013,1.03630899783741,47.19867873020726,0.2945734028981925,0
86.46713686433323,21.248862820698275,4.3150349946655995,31.952929282912685,0.2938115042922672,0
97.06508966508358,21.291955292838626,6.455975619171202,46.82935216532424,0.7504068683509079,0
76.83064329012764,22.502439867172342,1.2759406359979981,35.613287356510284,3.5827668701705195,1
88.68673308872901,20.293946980881007,4.149128124120993,39.71039398418244,0.11800167486291388,0
81.0666118767264,21.86582549670767,3.2485641818925663,38.52391806087885,0.2741357085368855,0
85.28744822934817,17.942343750407517,5.906176109984988,37.39923756752397,0.7216504682948641,0
97.78451862607298,26.194801905579602,1.5643933893548296,43.448920740677465,1.6118846579352737,1
86.91099068019903,23.669945924354423,4.860155296734971,39.974053933355954,2.878401831750342,1
85.46436548156149,17.179169568895933,2.6926186260074862,36.66150619925557,5.081467635591955,1
71.40143859020081,20.66068035781331,4.44607604965295,40.76997765088897,1.0623567140649837,1
92.46253566027221,25.346405710248668,4.1378621046169455,36.519566366667455,0.22372949907614292,0
91.45484181141076,21.82791221445684,3.4964418517147644,37.31112250499289,0.4803646387546341,0
106.6325472330546,21.212234159447615,4.955623692538769,32.51368455480598,0.6772424528964454,0
81.92221765046999,23.701629291967695,4.087305468605922,37.74845503257618,3.0844713015511385,1
87.1915032766394,25.374390140712865,3.73438739584661,42.47102263197267,2.3208263537384974,1
87.49383683710755,18.254590171843358,3.287166931954514,40.18562458979019,0.4689280824089628,0
100.77453279763475,26.20051392487152,4.155196779490674,49.075318344865714,3.649542896239259,1
84.04704467613048,20.798826873570494,4.444087096292144,53.06408736860653,3.9202025579032598,1
87.7902152577034,23.928288127000805,2.021715839838758,37.678908018396385,4.2815920338459845,1
91.0789650971654,23.858319437233963,3.301057524165247,35.833411211478555,0.643178803399097,0
86.86609123156359,21.891735527040904,1.8896281107376547,45.64908273179472,0.28711784689044567,1
80.53566385449471,19.90536101547714,3.9203091544384288,41.67604121016273,0.21953466056934265,0
86.94089992898307,22.857253807630947,2.815335590291944,45.679371385074866,1.0219437803904505,0
95.73631749859771,30.50132123630078,5.541566295962512,41.99415365602255,1.1218701516050205,0
74.73484700588939,18.553299878145477,5.3454539555133795,39.02821076662113,4.05309103390947,1
86.32969674146877,30.7692520764195,2.1545028728712605,39.0565747589061,0.623283096991429,0
77.99879185060827,22.96111531569387,3.9953853092030505,42.16388389183025,1.9717754732295278,0
96.95046628924842,24.141485668354555,5.277033158496728,38.9444305214257,3.1043457124618334,1
69.76813095216225,19.65315675446109,3.6493833596719423,46.09750621598935,0.6271019980027989,1
79.41078152728412,20.914922333290075,2.5435649503889106,33.48831380249402,0.6216000820809964,0
88.7721187506452,21.988361399847925,1.8151929439104086,46.070718180305484,2.2122121684155536,0
100.65524029234341,19.81722011648835,5.708535123156724,30.632996260419816,2.5902493399487065,0
84.34249738927012,23.164328170516512,5.80542629656994,40.72551143180611,6.425918785940417,1
79.44800473306802,22.371936432772916,3.5841048022519026,38.34478634688226,3.793449068275939,1
103.8115706944059,31.403124569742936,5.532275169053355,32.4182214817441,3.452521112365238,1
70.51986099583756,19.336103257278154,-1.9304210597706817,29.699902916606312,2.3573524471663543,1
63.01194043379918,24.410762066994348,6.655109301418472,34.51242664947416,0.25223022791128646,1
89.40014450053333,24.9913851276073,3.6861103894456426,40.2284216328017,3.3134912185189593,1
79.97945775647389,19.71871780539265,4.283553121598978,36.989079356101406,5.476659855478195,1
74.78767182869287,26.747309981811355,3.3589645526680614,34.79525549414411,0.9909475261501256,1
92.08356447299353,22.406691948473487,6.791414963735011,46.76140541461193,0.7527700011931173,0
87.43800713771199,14.030441393667731,1.8785367520889324,33.83907661035719,1.4783053487949314,1
79.35921369263272,26.63939844841826,6.948920653213671,43.39558665774723,6.267948365110577,1
72.19695601329106,19.532236463590543,4.792541841890222,35.555014958088975,0.10433951289106977,1
93.72457328280144,19.808900215443604,5.245328431836316,34.385970334207194,2.468043853141684,1
91.50201177958661,26.751608331569592,3.3415908733421675,36.980806865385546,3.3712165311323337,1
84.00824136220618,22.6113540703262,1.3835616042072587,43.09958023602056,3.1094181364973217,1
103.46636996047665,27.671088602206,5.861021531072203,33.1426712170096,1.6729933639360053,0
74.29915233673847,28.840664381461274,4.622816702378662,41.437276302533505,5.0655819774343485,1
69.74474829075261,21.42028615871081,6.723246916617635,35.19620001164307,0.28895071084534224,1
78.08091930118755,27.17304998382012,3.6124473595686037,36.09616564876974,0.562474031029976,0
84.54413983644503,20.97815679442847,3.1615372422021704,42.003207945205325,0.7333244541367944,0
87.43339449322691,32.932463668528705,6.776176473280604,50.867414149722386,0.017430555267982716,0
82.5876394214367,21.22817198187514,7.823788328994889,35.44491505006201,0.9261966745575372,0
88.52055396514297,28.104349763840016,4.01869435273146,43.59940291828501,0.35027843410554826,0
72.48460575809555,27.3751601035263,2.494485006285788,38.4364381138352,2.5792513156566748,0
99.4376460407326,25.264351288435734,5.621061525579098,37.626282726016015,1.0721255268539185,0
84.17848821607431,21.317827354333268,3.4919588676586515,45.35688004875077,2.4378984333361533,1
96.17295831588127,23.39441003223436,5.198525650801597,35.78238594570055,0.6952980854158631,0
88.42725346377703,15.385647548221792,3.4814480512424932,34.22943386602623,0.2829376155526191,0
89.56753219153784,24.897680153529002,7.128028036423626,42.300878976095426,0.28310183745574613,0
90.69767280232205,25.39846132411354,2.6010209898986005,47.97391898243374,0.45446317300468764,0
89.47708560017315,24.533997676245487,4.96105932504392,43.74997352645576,0.2448227683089048,0
91.42722759867544,12.10677531482977,3.0225960595357524,32.96491309631733,0.4983259643629102,0
98.29152530132431,18.937454219640756,3.436986877158462,36.923334780155415,1.730408054877019,0
86.9652116970147,21.00763606860535,3.1758886904788466,44.89799120788405,0.5923319583632353,0
92.09003757588512,25.166635732756184,5.477216132186831,47.905551089543,0.839979853284803,0
84.10264305712774,25.157355622571938,5.836726229867741,41.14355662637211,0.10835064169704484,0
99.40117215449473,23.319104832115283,5.1154776578647425,37.10413732946103,4.455123941446452,1
78.2360769794073,26.54098214641583,3.7840330665094593,48.2300941968431,0.2973735830284711,0
103.00940432910815,19.8950304987884,4.280360062003186,39.62703207422416,0.8574649182137896,0
84.59842049355656,26.440940022775983,5.795443136918849,36.970957129228196,0.9543924693364801,1
70.69224897881952,25.898968419359566,5.858623174415211,36.12533730912484,2.957927229913684,1
86.2810441491079,25.51021893135164,-1.38055126270707,34.02490826505573,1.3215259250242524,1
78.1894834252512,23.271838275657377,3.4555556564546084,54.167902147282994,0.9656308257652889,0
93.40643548988724,31.322975299325048,3.551482417121029,47.104789327302946,2.3806309736153146,1
78.4737602069761,25.972782753959514,5.338505128252324,36.71853341974861,1.8177106398863985,0
80.5381656678522,20.126656546985764,3.8664583645785084,48.65912963360958,0.16271207096068988,0
66.10459269054469,24.993221902943937,5.438366761898575,42.66651086701575,0.7499695327076414,1
80.47693680750923,27.009933508296875,1.8426784579388955,42.37054000659574,7.689488540399127,1
60.76120673371044,21.647565604302763,4.52010903092156,36.41041484941986,1.320721953025173,1
69.16097176514276,28.357088987724396,5.800411306900989,37.429364109270274,1.1039657302386203,1
92.60414656144297,25.528134822864043,1.0512342613637036,39.7878798270838,0.32484916502590266,1
92.85800158650832,14.630086649338612,9.027286936417806,30.172255027799388,3.653573743059678,1
89.25457561784965,25.198687909351705,6.381771865733039,37.565899283004654,0.28614294389495754,0
75.33023856870787,22.375883382349137,4.002706604931284,40.02244815616714,0.22205026803024924,0
84.5228864385802,26.148719258166945,2.3431837855224638,46.547594532336184,1.1560699965619023,0
84.96397460909432,27.776859361007258,3.6498296994525883,36.917262269657144,1.147697269939549,0
73.41635310807457,24.780648188567273,4.167604719222681,44.060690555572364,7.97661910967135,1
100.0339830176715,30.66100893577878,4.881325113624095,29.697530899644157,0.2728620113368607,0
93.77362290575671,23.28517246174602,7.001321698920062,45.835150877363674,1.3226269790649863,0
82.79035826170336,26.4992712922155,3.047803061114308,35.49826516444118,0.4494028085181836,0
85.26885838994531,27.219770294549388,5.125419675145123,40.6513648453738,2.4197395930142407,1
87.08382807947552,23.610616124429068,1.415141674799774,42.031715595896095,0.9941310495259083,1
64.58265131575709,27.11509723191113,3.1727985713494653,41.050897786779295,2.090908437695655,1
82.52822617479403,21.621308051351324,4.7534336957387175,39.46610120673017,0.8262220786533895,0
78.18015752002202,22.309726323915125,5.3825249820176095,33.79241857313355,1.662732166582078,0
74.98379990105084,18.75004523865475,2.4935350466707606,35.55229540855254,1.2665024961124631,1
82.18899707114045,24.965636465480188,3.118416607976172,44.98215971610802,0.9379762180271249,0
102.97686526849523,25.301006703417375,6.921113271167091,37.013112706032935,1.5423246584702275,0
91.4084286126701,28.717052634316918,6.3238172392560905,39.48352203318254,0.9683630917385596,0
79.28821010217203,27.164560017423533,4.416914434104733,32.53956871454709,3.27998783461305,1
90.72582781356158,22.860817773410268,-0.4732903064414309,44.29286680762463,1.3673349119496157,1
98.99355436586002,19.287281250662893,9.022265095380018,33.40258479929955,4.668714375146454,1
94.24633682912769,25.731401610079896,3.96013687668551,44.579814043010536,0.5041260358083306,0
85.59630369920174,28.443012689658566,3.374865883957346,34.68644119678282,0.2378460999682256,0
78.53063222294426,27.020739895215772,2.95528014829177,45.072540151638876,0.9591945533669217,0
91.9822331361359,28.337910099429152,4.752734074398218,40.05096457653163,0.4058476136804136,0
88.9348538542175,23.15244187520703,4.773165178341859,37.20621301776455,0.9988464020304704,0
93.95193220027733,22.133524127297417,5.901255746253025,48.00200877724062,0.4649008130372164,0
91.35171801681969,21.052394591072805,2.147875671301974,39.65572503590884,4.053186809765208,1
95.49552715319335,23.776414133545618,3.375010243717478,38.19093853372011,1.6782174385934674,0
79.64764788439432,23.685636816124724,8.061091446448405,44.54558963799005,1.3766745931671502,1
98.17394065634326,24.826710514156463,4.449181266499983,32.59771444240002,3.0999346802550276,1
86.975996046924,23.482810171857967,3.654951253346507,27.36417197991703,0.27936802112031306,0
105.75260872625265,23.465489081092915,2.1167644688325966,45.789899868184385,3.890027189447801,1
78.10812181910433,20.893223788111424,5.011868611641503,35.81848960673984,1.3206013956116989,0
102.3596380316525,27.766476054205963,6.062036434084888,44.32311212693249,0.29336811798701695,0
86.97910783462648,24.306072248974846,5.749175291619615,40.23081185889011,3.423068258199774,1
78.48581996385552,23.30222426285887,3.4823982727821665,34.18005267936261,1.2352454913707585,0
80.16114165945679,21.01028298700318,4.722504566727072,43.03641209837098,1.8557174803317467,0
81.7965269180568,18.672347558435657,7.343318873297223,37.94914904884461,4.481266438402918,1
89.24165946401916,29.231856770197375,6.141764584342938,34.61329831846744,4.427164657639709,1
90.228354880355,26.21855483252723,2.431674515613361,34.74351813901624,4.466470546161972,1
79.26299996061421,17.50432862972013,-1.0920101292429392,31.335806229141358,1.0788530464483501,0
84.75645407739017,27.052569202838626,4.59354501416847,42.01512441091369,2.7694382591380577,1
106.42270358611864,27.689924680932435,5.597136253496865,35.32299627777404,0.5312433635254868,0
102.27543170100711,24.497504489203717,1.821551016253475,39.82638936147573,3.557808764468714,1
89.36323669674032,30.392443583007037,3.9824209557544448,39.09138752743814,0.8362568198726118,0
85.380034781682,24.866878568491533,3.4726018682538426,35.292216594101646,1.2469156280165277,0
86.20031326718261,18.33270588820324,4.208572644464398,32.3855014293059,4.440013940292482,1
91.13517972730416,25.460676004193285,2.910607425760575,52.668554145650646,3.2771151236548266,1
74.77207434801595,24.979589206850918,6.581021995255987,39.75733737010876,6.094522986873126,1
82.42623462576655,21.58681260488738,4.295937761265526,49.11691476380149,0.9034568528439978,0
68.3141592612241,26.2942353475097,2.2419662276705,45.82468391863395,0.32759306623655066,1
88.9922312260528,17.329338935236553,5.834924307187441,38.39417349254796,4.82503258952952,1
91.4719593970274,27.962267309771157,1.47162480801659,40.90482318669905,1.3590976656553908,1
80.16813537700627,20.48751318557819,6.568988755070265,40.75957890983574,4.403684685274459,1
100.73986763290033,20.06021549953187,5.982118848445127,49.2210034446622,2.6340858718634688,1
72.7423433699766,23.544700910770093,6.779550590641572,44.14916845821706,4.155732055260885,1
70.3562511979018,25.73189171217454,3.6835072551167682,35.963636269868644,2.12681619867121,1
87.24451818559972,24.65569625437372,3.0077720404332466,41.758094182773625,3.3465881458856748,1
95.47098302612154,21.029363336910485,4.168043521866187,44.021571707101266,0.25643052257875476,0
101.83927691457869,21.975642835232446,3.8311264272889374,34.123404755474624,6.902542158814897,1
80.4111573713106,19.467830610490154,2.6945274288729752,42.47074672402676,0.39929165254229376,0
95.78680833431295,23.10128039348052,2.8927533717487153,46.7274447810256,0.04961591267454875,0
84.61491530499293,28.30008485804364,3.2672543054670715,35.71263674187427,1.5134837609028426,0
83.2737270005918,23.982948249424496,1.6599926271202747,36.40340716207745,2.488980404479328,1
93.83659937486672,27.43765701903781,5.355926579198669,45.8023625267367,2.5205109746401115,1
91.52322878413419,29.82160535090477,3.8954057248579868,38.22881843546754,0.8287075263000311,0
69.2360784301575,21.64792592385213,3.3832430615327063,35.089957932904504,2.803480769455414,1
99.76540349725896,23.253706987778543,1.7792916781166452,44.41136521517038,3.6974223820694463,1
98.80091354147451,32.68477144424998,1.6792540446650701,42.8842711836292,1.883277297923076,1
78.7443729849047,29.77737364791978,7.871828101444825,40.47196953748039,0.9754946667257581,0
88.95803533437409,17.31038189675059,2.7454850742768606,45.62291314224352,1.9016328056791263,0
89.94030186282738,25.548593264243625,5.221056788418653,45.97817621597278,3.9643451137392614,1
87.60673765823907,24.002239969358783,4.325268939800354,39.5858854558861,4.614627728801884,1
79.4969484615458,27.305812443435048,-1.5503769222162047,49.87163193776352,0.06404792840280442,1
78.28376632061949,21.020084930059777,7.584901646277185,47.91694976713499,0.2611254546779661,0
84.74445929008554,20.64156651183731,5.368167957552232,30.078507750546954,0.00904853401351914,0
96.72729019259364,21.295717138825562,2.4646596913903824,34.849412882834095,1.3562892963414461,0
90.43600154594432,21.71228581520627,3.9432669911408094,28.72354090178881,1.1467888032852898,0
81.29385667913894,27.261296667236056,1.7016332651926684,38.37642502637623,1.578442616079552,1
92.71698710648344,19.27519530740448,7.652440956922268,33.94390900849968,2.3017915060176626,1
56.51457379369924,21.509544400162724,2.184684583517071,35.92840800630162,0.9107305633246582,1
96.48765700372104,16.843950437994234,2.953832006610681,45.452840733914364,0.46784605525442813,0
67.60286221221901,28.028471293649492,2.5408778437048176,31.2258547013246,1.0044599395712974,0
81.37559058596868,29.08412039772456,4.16075880041834,40.64867870515406,0.018103690611817585,0
73.80330105373856,22.691706276544853,6.740633000278628,40.61838221240207,3.53741457087663,1
72.05318524279095,22.808202540747107,7.578748898190316,39.58805356223928,0.9681281910725391,1
96.6082678737852,25.81288760913159,3.2020077115554066,40.65389340989887,1.9498976464182949,0
80.32298798688109,29.89792802951302,4.756517964635845,28.838591447921193,0.785272371053345,0
88.46503881730716,25.634442990255668,4.163810825208147,35.95222742101154,1.9080495233458812,0
84.53079421120816,21.209832230099543,2.036781471111884,47.715004326286945,1.5549514910438171,1
89.77040827223121,17.52470971205424,8.845111149191888,34.01564457245159,0.46780072252977567,1
85.76821891060256,19.53949494934605,6.725519124592511,48.333054067820996,1.9633873855686732,0
72.1700777581143,24.292877801249862,4.378231699422069,32.965887941107965,0.23221931661841197,1
94.9626681944714,21.378689907196822,7.163752186997975,32.36479683793839,1.312033635289606,0
80.06243416838687,24.779870823963034,6.424213425435609,35.24110591367952,2.545060534014779,1
69.4341810134025,21.788303935055065,4.163722682163511,45.645414841434594,1.5928540439013328,1
80.71884839034088,19.767414274822354,4.651927210655987,37.26939585125311,2.742977553047071,1
100.00759790634311,19.291873474187717,7.024252284753308,41.727034942195715,0.6381049368136134,0
93.50221742113493,30.24941803749292,2.1076928377406388,40.36818461008602,0.10010082888270165,0
81.5134786559214,27.555950996734573,7.347381394642678,39.727689086348406,0.11519546741297454,0
81.50742295681572,30.922071807311834,3.549774878629768,46.37059046303787,0.6259327133132808,0
81.78364948782617,26.15980360302041,7.049353485695134,43.857589704935194,1.0473729156132854,0
105.76747983560841,22.280034365540644,3.98954680507436,34.28548401418812,1.5422399539191234,0
88.81935452231554,29.29336368995975,4.675212444945944,38.62214608204168,2.834837845687257,1
89.3004164719107,23.86772799455293,3.931383286855082,48.71719910015416,3.660287418631898,1
95.30283454031843,24.88336708116141,2.9363127543775454,41.59780894583968,2.3662563023293384,1
87.38789159026514,23.828702483697924,3.459890203711376,32.4607701795434,1.2442927502759102,0
82.40957854179297,12.212383122863942,6.758222806337134,32.81480548811605,0.614374171250057,0
83.03650150915021,30.41894004917941,-0.628327965344937,44.45072654283112,1.1165415228372866,1
84.28398740585936,25.964015783831012,1.5220681103903257,43.512186585880315,0.6387477263807735,1
84.62777763490159,25.31929224347404,2.5490565812837955,35.39317212431334,1.9587944982830308,0
92.2762954363698,23.75289575091776,1.8433104151279576,43.73815089487174,3.4097716688928816,1
85.519458858073,24.653711281544524,7.0199592208309785,47.99696068359624,1.4604056516244646,0
92.3264007721558,21.61088425661501,6.515353955706408,47.289294198303004,0.09384671226516003,0
84.19283419891417,26.466317409229084,5.1840636187892315,48.021390184112285,5.618459867400889,1
85.7863519031609,18.77160662240347,2.7243918650449297,42.77744387531402,0.6970848108651913,0
65.01799315467892,24.744273729882188,6.670103733588274,39.11170090435056,4.918719657398732,1
94.16327674702481,26.24629388228442,0.8237401480089117,37.98759959766582,3.3540239660082283,1
88.46488475897992,23.20532346470839,8.283965280295872,39.913065556935784,1.065887244183833,1
94.98010109859652,25.483471169884098,2.6307404056448984,35.61988347771567,0.11674981391369559,0
56.03744621806311,20.034662431062998,3.4759295563171237,38.20350637740485,5.901667130107616,0
105.88374704780728,20.136692916416145,3.1413122990105715,46.375598741488005,2.1520603917553727,1
83.60410371844826,24.946868484105572,1.8537851718026461,31.954644957812533,0.5744416445930246,1
96.08182816737516,26.714198618484208,7.850226247873838,32.29665137154291,1.5251497364267055,0
74.60094072874469,16.500537377993155,5.577789261568974,44.152653022092146,2.0177470675355287,1
91.12773905062569,26.088082540443068,6.430941084159574,38.24913537658263,0.5140712245474998,0
74.46584436826343,21.82719399849465,1.5526614558784582,30.37178487720833,0.1964178538711147,1
78.76231039304194,23.22877565077035,4.361875654007999,39.6933292182978,0.6224898055878023,0
104.14031353866787,18.641928305739853,5.042057378662808,38.97939207593196,0.09754593198405728,0
83.09317599236654,20.59353103925317,4.541513047099687,37.84457761754333,0.145112375653958,0
87.17432873179723,27.864501302121244,1.6792530978640001,43.42853013240742,0.3405924084810933,1
93.70067730688754,24.13145349592085,6.151000042261274,33.33402215604202,0.3449160134275553,0
89.95681887972604,22.468886393161768,4.243100165570309,40.06492707429798,0.5699091507342026,0
86.50418905143576,23.53404658947586,2.090071928713994,38.94513752693781,5.542914155627597,1
88.64961002466225,25.956847298657205,0.289498920894673,40.18912613955852,1.715194878922216,1
109.03415585238275,25.761977984653353,5.21333302697976,31.3390692093164,1.0981116124394412,0
84.42381202966415,23.699891998412795,8.900911468263,37.38675555929996,1.6593073308470678,1
87.01099046714967,28.371836443586673,1.969491453307437,40.098845955186135,0.011455852949124028,1
95.50654396007612,27.881850547626666,4.340894100825932,42.705798181489484,4.502774890933339,1
96.05525932957984,25.653488116521583,6.220994558183154,49.2319825270625,1.519912623662286,0
96.8703030556038,24.218447131640282,1.4606954677973976,44.0297419436951,1.201685445116914,1
91.38730222029184,26.629284380478158,3.040086461829951,42.305776003167075,5.680945196543653,1
73.56995087269516,25.257069687204734,2.2796824414771963,46.35737396140189,2.621691774701997,1
101.33431532301096,28.24320028722379,5.9693533896490925,38.48088776728383,0.8232304830622224,0
73.53654606981311,27.59824550695323,6.651045138708119,47.769640818174274,5.502671751512713,1
88.02635465239034,19.926984394329086,4.31807252946347,45.596363950310575,3.821053916011802,1
77.45724149980641,19.656147317033174,2.3165318620117983,37.77061104678769,6.181569062871626,1
84.35861653407008,21.195001822383695,3.1144181241443043,49.61977587866645,0.2023473353051164,0
88.2876241030348,27.904554760267686,2.7390029715064936,42.234676574533395,6.214887578913483,1
88.21357215450273,17.694764012915016,2.0454622767539865,50.96484488030869,1.5656311017220055,0
89.21920754235285,25.579029556431973,3.795923598363071,41.51591127141653,2.2307952322954874,1
101.13711269058646,25.450172364371845,5.149652968923724,37.19035070244682,0.4771208145557049,0
89.5353430151398,28.65059223474477,4.980514888857039,36.16231678323297,0.30257969528017775,0
82.55843364709351,24.72135476265555,3.9835352708609784,38.2212827263353,0.16543213391382225,0
94.64087168288357,18.627162437664396,4.114107673650728,37.14352528985167,1.0974464779673847,0
96.89470488924641,20.162580157407508,3.8368984098204426,46.35694278479347,0.5003858937906883,0
72.72392184863007,19.2720179124087,1.4055769216674534,39.855128777248744,0.17029439573913654,1
90.97400069849859,21.84822413466744,4.320269793965745,31.929886637187956,6.205129785724967,1
92.01172742310898,23.268393730304293,2.8327488290907006,41.065021579358444,2.6439468016504573,0
82.02436496640009,19.33823389511577,1.3053135616811247,40.627565215551435,1.4590187205449985,1
98.75706813311619,29.882647962609155,4.741411134231168,37.656961894154946,2.720064364287156,1
83.49944412967473,18.698874512190237,2.77653992716291,41.337960109921355,1.8907089007124231,0
86.25576453471542,29.384413695449922,4.4555078425176715,39.77945283435552,0.39210907326920436,0
83.26928175716131,28.74065212575736,5.6952756301388545,43.16882683688283,2.0071667187526496,1
85.15579047581467,27.59321019875614,2.099522557709536,42.8748946934161,2.285205274648356,1
74.03724913104799,21.224933570012997,4.184242564145943,41.824514281995356,0.5422290550079991,1
70.59949117405705,25.369803516707606,0.37915423653927727,33.50572048114967,0.7717504400522254,1
100.94505063224972,18.890515465797527,7.065066181218553,50.59508364071156,0.966747333614953,0
76.53038651681672,27.643628140134997,1.281867006222436,32.220071483338444,1.8453553686013,1
75.08607650543692,23.704060873854925,2.9703606752052503,39.35645411592455,0.27119959100584895,0
63.466098863962856,22.36271914165326,6.676759807527914,34.527833243255984,2.7210826590570023,1
78.61038252310497,19.105020613374922,3.5309541478380284,41.98169080830063,0.8493700789450892,0
71.76910206592501,14.089975525483933,1.6052046273993996,40.69202862403654,2.3538350412576365,1
101.4201516013637,19.845836571856978,5.426146464573071,39.156169576898954,5.402766749223292,1
95.09817089342634,28.451192782451628,5.38106492430237,47.58886391968926,4.078514074836523,1
78.11849654822277,22.388666286100783,2.733627321269533,45.54247958588558,2.6756266188277826,1
107.52435805344308,23.32268457153981,2.950146958439202,38.36442328454235,0.42967375404753155,0
94.81765486991594,26.62221743315381,3.1291820587638277,44.02067320958127,2.634091663329576,1
81.75168616491378,31.22267551246506,3.5859520786279373,47.82340128919227,2.0200460472109194,1
60.005942851264265,29.300018619782556,0.21405784615638668,45.506725197714815,2.9616217500270783,1
107.90942572590743,20.110659984735246,3.6371522777638012,39.31890707266248,4.06227702410558,1
71.10427533236404,16.229717714250373,7.567828396366297,32.04849549285242,0.7464076325597148,1
68.54601253043108,33.438457036400415,2.2080600655265914,41.6232395245993,2.06735809824772,1
95.2257043200964,33.075966446637814,2.8330128130604724,43.34305167696995,0.6435484852905639,0
109.39752406339272,24.75381438571713,1.6327646736072081,36.15191549858239,0.8501674187404502,1
98.84272818510519,18.918047017672713,5.224323852790707,40.112726335290205,1.4706257559531555,0
90.6390912005236,27.852906135575758,6.406394716284753,39.58556095616987,1.1388998408528934,0
90.94754341665286,23.56806525594956,6.36063567835525,46.938553179026215,1.83573696408692,0
93.53415558780307,23.548075507573557,1.5039788222126798,49.269080877950444,2.8439381710091642,1
92.58928589786765,27.577835372420516,4.99958346099392,45.87607235150351,1.857840421134252,0
87.81191423969376,25.337498987493195,6.8675000684284715,39.57222158411945,6.999859464157521,1
86.04201103951875,19.25674035594022,5.0193262154202465,45.73858123473909,2.6797378604710547,1
84.37406872100478,22.701032259672104,4.9568193666875535,43.24394102915135,8.400987639307383,1
77.46035411133323,26.644611714645386,3.056714842729683,39.6255021180913,2.720791091528028,1
82.19324923133226,26.041008889620073,4.440219647587327,50.461951445016496,1.4182233645621578,0
68.07043185804615,25.048066297433902,6.47263635941281,36.309907800587496,1.058677759835621,1
84.0166037320525,27.733691817903456,4.656417936857528,43.01954487804771,2.661041203085789,1
75.11408892849083,22.55313204873094,1.503450487940547,44.19780322776962,2.3238991626350907,1
73.96410682784229,24.71467910087629,3.087916651428057,38.56250580238133,2.2098525823334922,1
86.79894151153478,10.4976835992896,6.418559077777987,42.79569093939671,2.558713857326923,1
98.920022863446,22.201399224628744,4.64948664070219,44.727486251105724,4.1141411092694415,1
94.18316606002313,27.05561163430258,4.238124156486153,41.22317210263957,0.5169205893738004,0
69.29499396376823,22.43842213153143,2.8919689335066,42.362477816713906,1.6643345492600115,1
75.10371863429663,22.135090433131552,6.37719836106887,40.527155614745105,1.8491558904663625,0
94.40771187988216,19.834188192900726,7.3248251956445145,43.98760055763355,0.6930442821760079,0
75.1751260646169,28.01346357091658,6.5263782460360655,38.85510665403097,8.837317299594137,1
82.75366850002976,26.193853094162282,6.885183242890745,38.441011083035725,3.079244644843782,1
90.50052099024552,27.30165839129234,3.2825875184676665,40.10280076924575,0.7750522635604912,0
75.31655545136366,17.09514415216844,2.9996618052521926,45.91834437099155,0.8876875414554717,0
86.0537550614596,23.358199826937465,3.6873096530016283,31.26318425664508,2.533528097433964,0
71.65974505081796,22.879555968999973,4.077146483952507,35.453153416445915,0.023119962707994456,1
78.98632356048786,22.87771317360579,6.862039560250511,51.37885024142721,1.2473927551972868,0
88.19781934142537,21.535889825128177,6.331773478936833,41.3759420838715,0.8404803641465945,0
69.0700626646833,22.61558291287994,5.076938774508989,37.96481976518649,3.8483379721150306,1
89.40474737960399,27.398579130826608,1.1376264683062258,43.97425917744144,3.133666156544309,1
84.80362201073319,16.348594586608684,0.6239563108062494,36.074864998989874,0.807224431708932,1
90.52489954417148,31.109179072121815,4.480925489603407,29.486055439025062,4.00195551968963,1
87.23914134064661,25.935364500105845,5.760526411201433,41.77399973873695,4.897535346796307,1
98.64140429973844,23.83067241735915,3.840865902027725,36.34608082977586,1.60797357650632,0
86.25224502647907,27.627336585491705,7.82980900995681,40.5069488906495,0.34689093851604974,0
80.70594458874747,18.19266101932626,1.8351179124391286,41.647003949192346,2.942206871139217,1
86.22297503032284,21.341196379395946,1.583296101008802,40.710580847828886,0.7693971852021393,1
90.43298029036387,23.515698270437785,2.671438051051358,31.455022939440088,1.498509944926184,0
85.48860070325705,29.46224148172871,2.5954055736175285,40.13140421293704,0.09332106240437119,0
85.40591691203882,23.81401367549377,5.052571737363959,42.22300970682203,1.3866560842972788,0
77.98008312193245,25.800218684740585,3.1565762963129944,32.99970368387878,0.9569251170156174,0
78.37099082449052,21.64168401625549,0.9043190774426768,32.40413220576733,2.3171405099075573,1
70.97394728200307,25.947368275869962,5.783156913390234,34.65487707072802,0.08327732237866474,1
102.4957674318694,30.70895837189783,0.4800961478557406,43.733823693801185,1.9613677118898323,1
72.56136764608715,27.982106766696457,1.8575635539785815,30.00842126756215,2.9564340176426755,1
78.07094802204092,23.674176048888484,0.7545868585122624,44.14886925572177,0.02572097871984969,1
77.81592734430802,26.70196338906188,4.414242554141747,41.96027874145115,2.7722955011115697,1
93.94924376944441,26.31006781842885,4.372095424302424,38.712490247340426,0.2789932178912265,0
82.05050321707972,26.0263506867891,7.832908642032706,32.59685168799794,2.395028183393968,1
97.47742072673734,28.447813443441635,5.8276533122911,36.017662275543906,1.2149534511199194,0
78.26509375756132,28.417910815349867,6.883292366684401,43.90952026005317,1.6058852824026912,0
87.78994162223802,23.491365612500463,4.577219302596986,46.2836260092168,0.8230083646208428,0
76.64652946740243,26.567516245911076,2.046136357818873,34.84318591179368,0.5633109546969491,0
106.45149127773388,22.467620315360826,4.256215203986993,45.70931755141889,0.1473950378489477,0
73.12401580970487,20.30771041473769,5.184842014774613,43.429376163540645,4.000373488374473,1
88.09820710227028,22.922024977184055,5.407614764503149,39.96581401117608,1.8854193976470184,1
91.33776880932099,23.694887393041668,3.0551757117833156,36.31072435179799,8.125594039332618,1
89.13799097451498,17.353676043288033,4.9775729475647985,37.09304989360005,3.800274402950993,1
83.14712341122292,27.441330237666882,2.133944058317471,49.1146130807715,4.074807557497298,1
83.70179300266574,12.930698309590408,1.9134448117785658,40.89220907106529,1.8218586632138873,0
85.4381147197911,34.85926775794529,1.7684305772290303,46.64934171005454,0.16881362609736228,1
83.52997998371511,30.007516535185275,4.049251977113594,41.2077899164407,4.892824602267325,1
94.6387911679491,22.955965103310746,1.6443272898473928,37.73651037204284,0.2508684901359969,1
107.10523001591352,24.037705442255092,3.1505112202579846,42.92045090217568,1.4560819356781731,0
79.42508214992166,25.21188749434913,5.805833102827916,50.78917536039946,3.8878046656989684,1
71.30197020420923,21.643358448044232,1.94174064384339,36.779416697569516,1.2788640968093838,1
84.11717951648745,24.770476590347744,2.9913759329913665,44.569344517236765,0.3622533918274328,0
110.79709337654319,23.424000089193356,4.143262553552339,40.95254491143813,0.9342454818468479,0
76.9632543203027,23.622909131076135,4.493773803064533,32.75240991813844,8.911322274028565,1
101.39116805444067,24.725844253922556,3.001418818388878,32.64063078580042,16.66297549322657,1
101.77700814076441,18.745888806584023,5.573720137470314,37.74008126530727,2.481515570234754,1
79.46411758292005,24.158278896534593,5.180904601569449,41.737442920704595,4.378375487132803,1
90.68983079185276,24.653790986469907,6.279713208723406,44.391864848442566,0.0904272643291436,0
101.28396623128538,24.515398485423656,3.8367961513058804,32.145434730093825,0.6458492525864188,0
81.20872259012513,23.136676978255384,2.974362381087313,43.26348760078569,0.9207706258147553,1
82.96419639897638,28.551431103877487,2.634735955975756,39.408098722348974,0.024140400264049993,0
79.18319086051356,22.585389780473797,4.614055035858725,40.016568907662744,0.9462941071729097,0
74.85243269307134,24.90930362729276,3.2456884343774544,42.94305923016423,0.19529530626623173,1
78.50722454933992,29.189190135702184,2.8616604446384217,48.730526600586614,1.4571728015420269,0
72.76059733237743,23.68249543991875,3.1034254715093557,41.51820900203049,0.008858205820656797,1
85.34083468259226,24.857853069870206,2.6326190297514964,33.2163150864548,0.6306544410604475,1
77.30026768941359,23.61446145474041,4.398042225525464,39.06453743535388,4.024065327434571,1
87.33785911790747,28.949479174254396,1.1748336349118782,44.26067011573241,0.4792015987700661,1
69.44104353796372,22.96910175365482,4.606032584949926,44.42521698458273,0.13408261758309856,1
88.30880232214457,29.133418309152823,5.353097520805901,43.32912187045154,0.5746463655859722,0
93.33528961608924,23.58564842141174,2.8382417236454045,37.44984422330466,3.5153968501843913,1
65.06264357428545,20.56216110620793,7.844073879213094,33.16087351191353,1.7695229071874157,1
88.74056569847572,26.717492682296484,4.0352426219537065,42.94753877911965,1.7641379147486647,0
97.27668992473292,22.781328664977377,0.8773140338002228,33.92881570201034,0.0011483529505402065,1
72.90358981308795,26.482003596396652,3.437514187326659,43.465055082125915,1.2778908524184582,1
101.72572386837703,13.082382460305064,4.1253122898715935,43.466446793473175,0.6174520076817834,0
89.19019009366045,24.020821047579787,4.897935111140428,37.661535316344846,0.8195759129856972,0
77.94988144241591,22.161578804970077,3.485138951778307,39.43768355007924,1.8260254093023263,0
84.44230922342294,19.746965253874887,1.9768594485912185,40.99338933559777,4.148347284921181,1
90.58326912521723,21.787035992640803,1.8100387637754345,36.925926633394454,0.4009471995994779,1
85.76005391412411,21.705187422829393,2.6928014296366576,33.091599829449734,2.9239507282052957,1
90.38755992446369,23.808056820597674,2.884449274962474,39.80390361476548,0.10027671777201229,0
75.79326406920634,18.53069415486018,1.7300516702014854,40.325163052399226,0.7912152044507837,1
86.69360824036077,25.265095121038854,2.534373677792602,46.80523681826526,0.4941366848145522,0
70.8628550309502,29.46485914082315,5.31891704887871,36.090039641860706,4.943996256951149,1
83.88773938651299,25.123713987791305,7.296825215388973,45.342480868905554,0.39202467385803513,0
75.9609235853521,27.235954436916035,5.510923427741926,34.26465260536782,1.728497047107634,0
77.64470057410233,28.37824981845518,6.611722172373625,33.276989001506145,0.3601278122249888,0
97.36093175210438,28.945958048736706,5.948236936467396,38.49568777645362,1.2829460354753561,0
95.9131012059427,31.48055477128522,5.666260656796689,35.29545494695139,1.0668239085839797,0
91.09138120907177,22.003192006896278,3.3244074738853433,33.206920963107784,0.08447347341294706,0
74.07687235327421,21.126064059355535,4.281821756773894,49.721651579073864,3.4958786268079614,1
81.83591550305198,27.13386259329894,3.1587613150879568,37.74176181822029,3.0292804107215727,1
97.13097699979184,26.8330648786296,3.561785675332746,51.556517933781244,0.651067997510746,0
86.41716913639905,27.102701198462757,4.136334200773172,35.02633100550712,1.9038106217630437,0
108.19329539981695,31.55712981700101,5.427132303158054,31.45726716683501,0.9009340931220714,0
88.93317839394372,24.045479635193978,4.846646763030248,46.45644859464162,2.932642712926674,1
86.92049116490031,25.70462623858474,3.6763414739712874,36.36671683869876,2.358459288678943,1
81.908835357975,20.078446994066102,4.111077481783332,40.694328990994094,0.1896479545038041,0
86.33540904782282,32.54128449590383,4.866927348387053,33.22183257493559,3.7182123760630184,1
83.47530163619456,22.653820315163557,5.33478887611567,39.809434290349785,0.3955026233692119,0
92.0810867668859,22.76713628735668,0.962009673485595,33.14186965071454,0.3825866519657183,1
94.56702316794585,22.61300043596703,1.8452220722021262,39.63046301144518,2.6466156485208936,1
77.14010539492051,21.42041656542265,6.214621067878685,37.6303373025576,0.4048470560627087,0
71.68767046442221,21.082251804609403,3.878260860137884,41.151338651930516,0.26112179735015517,1
66.63794626896703,21.905182868441898,3.151846813266042,43.12845685554406,0.8176901090796422,1
90.07991326912544,18.53681628779622,3.4730010541479226,41.2053999959961,3.6491333463635853,1
73.96633393826127,20.858728318947048,3.472589388846892,42.255232710810745,0.38913346754245676,1
63.471094070475175,31.795852445790477,5.115875563048747,39.45483662300238,0.8282237470910693,1
88.88578604530964,26.942620574565474,1.783967212038466,37.82340649217181,0.6744561059732271,1
109.9299951743279,27.70361670691087,4.049555492993522,42.35059341394784,0.880302135557563,0
84.93929088460106,28.70883514966766,4.492235458900809,39.442760920609075,2.5054284998681426,1
93.38490774451643,31.33653825744956,4.792535833131006,39.63345108942928,1.0399533375805048,0
85.81829358547564,16.914309794224625,4.445727992420586,41.98872482723431,2.850708163222184,1
84.01110346808858,19.08046753885384,5.031812460628057,34.83392200988741,2.0455434069521092,1
94.19076482987768,20.78510535642126,2.8546076978833743,47.14805547047216,0.8960121024391513,0
82.09725455811349,22.12108081404161,2.1163945353500893,38.75321709721869,1.132115722834217,0
87.67392314071903,22.797722437659004,8.914008886501026,40.62090807985035,2.4322440297487438,1
88.21697806196013,22.212089788775838,3.3974706308515272,39.77740276034711,1.5303840370311994,0
78.31909546356951,24.877235652528217,3.631091058690864,43.2637157695106,4.055067326072049,1
94.92042349536523,24.141181562980865,5.3556801954357685,41.6959083548542,5.4116080056938225,1
83.25040243304592,21.108660819287003,7.192178584388483,39.750380265652524,2.529621790622179,1
77.44254840507155,15.29780489204972,2.9109437661306083,47.24377058068436,9.057737210103351,1
90.36509843570404,20.028525178485207,2.0023694636209486,23.98327195397657,1.8153399324644963,0
76.01532018208962,21.803045386749698,1.5156932984167795,46.213371902334735,0.08129149991845436,1
85.28181157369129,23.011682252769123,7.186212443005851,44.601077025954794,1.4057973691147059,0
84.90881003355797,19.481330162757853,1.9237860270779317,30.82091683598777,0.5227536307149787,1
95.85895565831578,22.03677413401432,3.9448881269688663,44.646416088586264,0.8120700821311302,0
89.74698232879953,19.476050446057656,2.045430335914062,45.292337227797695,1.3469638397029249,0
84.74973041254856,23.496722593806666,1.1032881640833923,42.80881744940528,0.6992590835212357,1
93.17766299200287,19.70763468654954,3.4152492938126278,32.20456278159291,0.7410309641276978,0
98.90207549017313,20.60438137451814,2.124426667317679,43.41326358782113,1.0283836876326717,0
90.57810306351863,18.765263476043444,2.6167431491533746,45.03598428000964,0.675026129907961,0
85.10352619843381,23.385997217720863,8.012210194834807,37.13896752609564,0.3714570964423884,1
71.8816376764984,20.534208920190405,4.849792208344805,42.205669279930284,2.9011134147363786,1
74.34886336924627,27.627137066701717,5.862939039107978,38.23396052240274,1.0057538053507746,1
81.94775295645333,25.623401066771596,5.649319125698506,44.42688495258421,3.564695404253103,1
78.90487797840717,23.720592527265428,3.7982781538419506,38.432466573861284,4.28633074391928,1
83.13028697014553,20.810058010624847,3.1205632812447526,37.099412685769934,2.7803115026154965,1
85.56649924897107,25.52208122126521,4.497869223722233,39.803517286651406,1.0105924185270447,0
90.2969275435673,26.762803557394548,4.336901539864988,33.291739397583214,2.5553973821982483,1
84.29501221940909,24.57075364880652,2.862389165669384,39.30709008383819,0.3373592752122941,0
89.86501643826202,30.41480742186772,4.259695660933721,41.810463686791195,2.1641934047038656,1
85.6447441481012,25.838549272299264,2.587340586607416,44.34979634683175,1.041859881593509,0
65.24533433646128,27.654428870272138,3.6570841387183206,41.244783693190996,2.132160956271321,1
75.60664606181246,24.534261662143912,3.329433050965326,32.83699181456801,2.8112854151109565,1
83.55912444278384,26.702657813027905,1.4622548147884418,46.761355691148815,1.6542098448404412,1
72.90305257158893,20.812875069323297,-0.70231642622434,47.1807925318712,2.0571200781481083,1
90.99928729996205,22.166406547148824,2.1218735001206017,40.56283627635391,0.4803961413242307,0
100.30750832343698,25.397454213929517,7.6082093291726025,36.24029189425673,1.7964083421079111,1
97.18761851697317,25.368397926229527,3.380636435926544,37.341910317692275,1.234129675900222,0
82.86557129069791,26.03044729177299,5.551936321792809,38.982388011409576,1.117417407371747,0
99.90726136849952,28.401571569114918,-0.24889028618671638,41.3933422809883,1.0563361244822864,1
86.48667457202112,18.300115312738352,1.9834278640713445,38.4775735924513,0.744807499751344,1
81.62914028881961,20.102189809558816,1.2910207652752992,35.70806233049412,0.7286501560060894,1
78.8659733645906,24.918290564297013,3.5953999798257703,45.11504942108218,2.4059894186372768,1
81.97530313511872,21.102545472786158,8.843910961070486,41.286429440370505,1.6319849168014893,1
81.11823181458772,37.511072965157446,4.920477886455836,34.73813988782026,0.060819669703329096,0
86.70416222375488,26.062878476680545,7.3912250665561725,41.456552281428955,0.09948421741541269,0
86.60573981049865,23.68667660427937,3.4911265446286732,40.809354143895405,1.6884937104394508,0
85.03046020153414,21.938122907664564,6.729738747710144,36.40973544027804,3.7452902886647275,1
89.3693816974635,22.079350867227824,8.146513413365781,45.975248798054935,0.08994831233522424,1
96.90646274786342,24.12056264526071,3.7812618671790834,40.67444603213658,1.4153318754043,0
94.49554135441323,24.44792773048503,2.9214705775452705,38.91689178958916,3.809435892937683,0
70.15102031550097,22.17320342122595,1.3643781260196945,39.582591259622895,0.008915799570614212,1
59.46078865098045,22.907391013920392,3.3818794828460605,42.219583979274134,0.645358538190539,1
94.34319911239274,29.377138300938384,4.1637933504015825,39.63908292734948,5.049463741155599,1
71.33121301584579,29.538019850604137,8.061907234698298,39.597281634805626,0.16996060579897035,1
82.75234598107316,25.00813591973951,1.4100520518078272,45.32982534162689,1.8678734080948236,1
73.2988697394064,18.63496109105305,4.119323787393956,32.907978362563675,1.416041152732208,1
66.98019562419981,26.154012626556174,0.3713837572207659,33.742234302025196,0.32899321032273493,1
90.41462728204787,30.217129766444103,3.146474342322864,43.88481679995969,0.08683198285051408,0
92.59155160302647,29.479124407849515,4.6227907148240375,52.07924893541817,1.396669633190009,0
79.2348959927328,26.93770341123867,5.025166305377116,44.38247725076026,2.6570337058341598,1
59.0895770785509,29.689691821143285,5.178046159283843,49.321043980363626,0.39018822499444666,1
79.53755551747517,24.213537089916088,4.794808065773691,37.82814193142136,2.3508991656785443,1
88.91804005402547,26.51241187933482,5.160843880192482,36.814594108310914,1.5810054731507512,0
70.21088431225871,21.27689773469928,4.091478258005327,42.28266586623026,0.8858555828468494,0
86.83359919779156,25.169061824622847,1.9042673880220566,44.768244799135154,2.1838523585448235,1
84.84690150827005,29.318136975882098,0.29668607263988767,33.442245493588224,0.4263289605199321,1
90.79291499601088,21.642306354052437,2.9066243565255663,38.933908135850835,1.221038972587689,0
86.19580368414154,20.554226282142853,3.7307691338735407,39.86491416177973,1.5939288045947237,0
75.26931059118445,24.38995575609479,6.507863594350961,36.60564892157313,1.2275467725602514,0
96.96571501664491,23.093351185104,3.798796649687626,37.18889086727128,1.013339797720104,0
83.4147042697303,26.59659088428168,3.606861931566615,44.21534650529597,2.701187669800411,1
84.72695460490068,22.18696189621183,4.771054253683559,42.348422405454116,2.1348143440457163,1
75.66732040926804,30.873758462410855,3.4599760250975957,43.99225710929727,2.0403163108391675,1
80.5671774880849,18.841295608155775,5.6210839978938765,41.68437345186387,4.447559745943285,1
76.15197285973099,29.014939144878937,7.958667236767756,35.633716615737306,10.072108477404022,1
83.27053940076577,20.940603086767588,8.381571028421401,42.11551525919586,1.6749800513468134,1
102.11708480142343,16.816069061663907,4.194081254488978,35.23953548811246,0.8562433136793138,0
71.28098857068643,24.951500625395468,4.6737847293908965,38.44123330482829,3.018057411236962,1
68.86438602123259,22.981568055944464,7.157712240746967,34.81875672590888,0.30653328789757556,1
99.71170327493608,19.561562528387878,3.700075954207458,36.94556103964567,1.4386093323873845,0
82.90676322848134,17.274492433138946,5.358384283848358,40.45239423677258,1.4868124702511794,0
78.30927261340084,23.966556850914174,1.7296797406283497,37.712546977523395,8.20489873879829,1
95.39904687396077,27.90334756649527,3.3783217034500037,35.58418794987761,9.42257641845682,1
78.94384460263136,26.339813972345777,6.312229233290614,45.6889873579104,3.211032606817637,1
103.26009713546937,24.22682659535706,2.563608732424753,39.4020414131107,1.2811689979558651,0
91.7792587133927,25.91539029287094,3.7438976425406443,37.36035976783538,1.5847234207466936,0
80.12088591854297,23.891143470488572,0.851580708795761,34.58800444649012,0.7705651986534356,1
106.57308213265503,18.281103027878515,8.011536589019274,30.64002557428426,3.542099256300297,1
78.94285076996661,18.316424059106225,6.526056139633806,38.889764931344395,2.74514739351943,1
92.42095372009307,23.187325884061284,4.376199132305497,33.108906482400144,2.951784308286605,1
87.99292580406492,23.3573868545357,5.015025744164657,43.56018229680477,0.29856986263807944,0
98.01741289398798,27.403930714027062,4.791796213886737,40.147455972992645,1.0171029941412388,0
100.61511196726853,27.02921689509899,6.768623506061571,47.79180389569068,1.5415762081502575,0
85.32004149065767,26.420532063035797,2.9623999152572553,41.115371366185656,0.26628115207920805,0
77.46582129653817,22.878869147691276,5.464535239856463,36.36671101370175,0.9197043445935111,0
89.59972142939117,18.47739131955944,6.1548329977043466,30.59996198815775,0.18298649644058118,0
78.22284630247894,25.648284548264094,6.430651940952914,44.032719318708786,6.380636371272033,1
105.13387247526623,26.100677253048673,-0.5187417676633954,33.50525869732305,2.782720981229003,1
86.36535331082737,14.445874150089256,2.8014510434697106,37.95927738655119,1.9391094124201969,0
81.34678448687892,20.66264725366935,1.9616587573961919,48.37044123277457,0.4584651877461488,0
86.84680305864909,21.235782490424416,4.299176571141372,43.05491674524363,0.8133139477285347,0
71.52873710470304,24.473400804493746,-0.03206043902854461,41.9493272726747,0.31210307509074386,1
75.28385961489349,20.786558268937224,-0.0912457818912058,44.721612215600544,1.5362571534452598,1
97.00413907944426,23.84746172470144,8.34018998375252,44.535249094527636,3.435338309242523,1
78.43105721028604,23.157860238588032,5.235378776526681,47.90473215977085,0.03844009830278801,0
74.53089017318061,23.363402113849087,4.242018486397623,36.989103247655656,0.218087179037802,0
90.36652752527286,21.134422825197014,4.7273452956779645,38.11657923284618,0.521041342108205,0
96.85704154662997,21.44405978373329,4.2926818474983595,35.38807685469156,2.503993726171758,1
92.18953310665067,19.67893176087723,5.994701313103052,39.83651181808013,4.48825200533335,1
94.96047685805816,25.520269762295328,2.7351116158720425,39.33883635414903,2.7968337801139147,1
77.43204911430539,26.284410514365472,4.373229652147138,31.22523881332213,1.488660120701117,0
70.78189333258156,20.917528199498644,4.45484253587543,36.73049621452727,0.2221142301705887,1
100.01333651955487,30.082560384068177,1.9062840830833245,47.19558267099483,2.812295274146318,0
81.77320161157864,22.741594210231803,6.553966118126105,41.22104297443543,0.2232932200158852,0
82.49166983544953,30.120742495186242,3.108646520197181,43.57699309043356,0.8544702955564986,0
98.28194141849058,21.431491304673585,6.034843339617802,39.39727666074659,0.7363141136384805,0
90.5623000940066,15.893688893602258,4.22982545274296,30.564532379010792,0.8901489993560447,0
89.55887772081607,25.608791299649404,7.267169664818116,39.356820390852306,0.7995497864648321,0
106.65002344901083,24.99418042047595,1.9172418229569517,45.20848278760489,2.9322317313994253,1
78.56481769619857,24.137575181230332,1.8304823969791002,34.071581043780455,0.3768170512232031,1
94.27840128081237,21.431070086224043,2.1886088179913825,43.73519463371819,3.7396070025657777,1
85.57013124897084,23.861711098056723,4.266591101028748,31.490841653536616,3.9075252631988335,1
87.68592278863257,21.95496216852189,7.08293679155641,40.10095619116166,1.3503230837125415,0
100.28468426412532,22.790601734672997,7.1861872363305,42.72259225073314,0.22443180597387621,0
90.07835756289624,27.366529023060302,-0.6199372008768798,38.43943737865304,1.7132495577648796,1
90.38296079049633,24.736868918120376,4.4994143224450776,52.36235770226675,3.4399722976991054,1
95.72507337309803,26.439805549327907,-2.4259072210300454,37.534047814556985,0.6834981230386388,1
81.35047270457115,23.07252597349684,5.59006358757007,37.10791881160899,3.6372020960030818,1
76.60790332660994,22.6319306167809,6.236338829790414,41.022460209275025,2.259703514653865,1
74.55190805978967,19.386069876445426,3.919511450615629,36.22513432081396,8.72388977782044,1
65.33643410623998,22.519853549727213,4.1679631549895095,32.793312030923445,3.4826426245033906,1
105.56207129940321,10.715541777643445,4.14727778588048,34.511651125388916,0.4500417850664619,0
73.96791634278317,21.63911213477746,2.4311161625175073,43.78993379773948,1.192055675130183,1
82.78746376414227,23.672503291236644,4.863411570642961,38.47530220562322,0.21853285607372283,0
82.2318670011108,26.254694617080624,3.5371839966934857,48.51010475250963,0.14443305265221185,0
88.07406697809101,22.925288489900172,5.860583418579237,37.79381877463732,2.4487200428468525,1
93.15737212539297,25.390694168979998,3.7727461309615404,43.55255177366149,4.882127228415425,1
93.60473488359746,15.280845354439018,2.277953787023482,42.554209897309356,7.266928599867232,1
79.16922561431062,23.7726525911722,0.9282706582689793,37.7192459640999,0.6306995807904576,1
83.32878286213588,17.281988828346385,0.2718703498885757,35.605955354170455,0.4507203671067846,1
87.825799504883,19.16678593736267,6.62501868790887,31.34098150537026,1.6429608406082383,0
82.51308873816453,23.251337808544555,3.0844212942819613,42.765603898400464,0.44843844197930327,0
101.07345576019992,29.10505595149422,4.677148380163297,45.99129866275072,0.7016899143940485,0
89.90974951638252,25.484827053880235,7.566459783489037,32.05034664122883,3.6307891423248337,1
92.34877786049817,24.072923988548467,2.8743913374042176,38.14777532501663,3.3263405312564633,1
91.62881268667412,23.92187844213159,2.7450450312376926,36.665408349036255,4.5089860592337505,1
96.73473857485325,21.14548442718213,3.7356764952893524,42.75684575160104,1.3165005065932949,0
86.81021558703706,21.824066346509266,4.058865400839986,38.35673656023666,1.6606193837605792,0
72.03168052044154,25.70950418188319,7.7751027005116935,46.61490285208908,2.9444846786750403,1
88.99687951752642,18.45855792622202,7.131641188188226,38.07803404516575,0.5469418171585326,0
78.4864310620817,26.372216201132083,5.241750831813494,33.81808270232048,3.4642689011242793,1
79.71383318250243,22.44597173152459,6.898827537993736,37.65597337394594,0.03542688118565614,0
90.86364018755093,27.302228299478262,3.643561974864288,38.20692699920623,3.1956105573859332,1
97.38283071433636,27.844373828928333,4.598329134376957,42.63049972747331,2.9913967289114054,1
85.21271576736062,17.30766394997704,3.3969727109226104,38.13240472317258,0.7184419355959837,0
88.08833012598964,21.673676947091128,1.419263234840721,42.200482567001885,2.6032621038849264,1
102.02214944635239,20.577889248237504,6.407749483587191,36.04757863955491,0.48158072422289194,1
87.40753179488568,16.74908813970743,5.063397467979721,38.52661660102672,1.7171412960773167,0
111.01683114180395,19.869866895162357,4.036146946847327,36.074828616437394,2.411861272032045,1
90.65509645631545,33.76502338106136,3.995064301375649,35.766792051619305,2.5084202069985775,0
67.39237240844182,26.43803958484976,0.9875702581869832,46.37416778642006,8.141467217787692,1
92.53341621104532,31.669151874423015,2.0450493336945694,36.424352142703654,0.40179972795012064,0
88.81158384882778,27.316393760073343,4.67230634022805,38.261976089261175,1.3109269455680583,0
97.89752754082745,21.0326273559661,2.941774665450988,45.22302229974715,4.242270235820208,1
91.73181351269959,22.47291521330383,3.5645739175650197,43.75000698135765,1.6488484314946672,0
83.61544016016227,26.35374472096123,3.7906878704417966,48.20603608330767,4.181231893666016,1
72.75701763710634,25.750024813892146,2.6350624619657785,42.41400932252089,1.1385301063083453,1
82.90976742713974,21.690631937166664,2.064163359951899,36.99800305156971,3.1729220405026344,1
76.494795457907,17.96002731768317,0.7752847381492529,50.2857232447795,4.081200247261726,1
79.19476550195277,37.151044749554956,3.706963441976919,42.910403722776344,3.747319608685091,1
90.88578404420609,23.435401310628777,5.237217095220567,39.22652330599167,4.101553377701442,1
101.69904504351406,22.69704442726952,0.7127317155600994,40.2873277485026,0.49578124083065606,1
88.9467152982298,24.453337855621207,3.9519043498003477,40.896407897253575,1.1560121723725563,0
73.04116937964815,23.029085642755884,4.562286505383121,38.815940626053376,0.38370616616170483,1
89.4460266822014,24.490915630821934,2.0208391925417106,33.12072199041416,0.3982222581851101,0
96.96631486645651,29.147789144465676,6.844283623096176,48.13360526123291,1.3381868429175947,0
78.90217095680617,23.501806081254305,3.228569261923184,39.890829619126144,6.442144205305833,1
83.65982833327082,19.349158242688954,3.7974806230869778,40.91748256351322,1.7925414833722426,0
85.14688194729197,23.353424822085557,3.6774609988040425,50.3907202969724,3.846176474832335,1
77.1510168691776,22.142392874360358,0.458451154817888,36.58357368391207,5.535090747385382,1
91.4828043384386,29.695595748987405,6.017504143368088,43.27742662357052,0.18110880243673122,0
83.79051851392218,28.684476258950284,2.088962463161525,36.038506582150085,0.3536270840235841,0
89.19532443907028,24.430100001723197,3.5269589691885272,41.605105812727196,0.6873532364360672,0
76.125078221979,18.885056580722974,5.195322002555991,41.00752873125679,1.9182767824676779,0
80.62541699676589,19.09643094624022,6.921806852289068,43.95300548570158,0.12743338398833823,0
92.22381357827771,24.060493046338216,1.8401354362063214,46.040843588451665,3.0896848157727423,1
81.27166847908234,25.345291877285124,3.1070328288111457,37.10239454400164,0.13182819638834764,0
102.26963851233405,22.50150872269578,6.764837260014307,47.08337420361959,0.34497646374517277,0
81.00363814385398,22.079321663171065,4.927427758550894,47.43740469280656,0.9615884430373971,0
87.24684725751887,21.62880306728541,5.342342718103216,38.75007307653245,1.6316235783751685,0
94.3259083187309,23.906424159024215,1.8977365284476644,39.96708709298435,4.265763523438586,1
70.81634267066968,14.46895059170774,3.241580940146884,37.528249400252804,6.633516442835227,1
67.39191188019224,19.59469348492116,3.6643291352391385,38.47279393078181,4.319432035862623,1
69.74343685429905,21.491796618210596,2.284210485314052,33.98262172374966,0.2264374159236865,1
97.62584103427182,28.83001277980768,0.6508607486521858,43.88767886164595,1.9951614793356418,1
79.48141854107553,20.744745432284283,2.979002882472808,29.74853053737614,1.1657698557685092,0
110.58199285668252,24.721872567324827,6.70857639916886,36.51452574618657,0.2688743897333729,0
79.35752401342612,24.906171003723983,4.118346931120993,39.76918974465216,1.619867096745951,0
86.84551303197037,29.191666022643048,6.748581827146753,46.4989866521397,0.8821585786728691,0
100.42109952567876,29.0503096278566,4.358041828459039,37.27377715349047,0.8486471507742794,0
105.06092888159122,23.769988124820333,2.470584540824075,42.139258355512894,0.19841478934557338,0
105.61503576636397,22.098061035242228,6.555238026463444,39.59507942774884,7.712511208318557,1
97.08366230593143,21.344667588697238,4.424652281335798,44.72559450236167,2.5889616675080314,1
95.24062525811462,23.035747110136878,5.923677664854795,41.87792874478686,0.6579367143105856,0
90.92526949201184,22.2638665827056,1.8633436577588571,44.15104694019861,4.989311813152868,1
92.78361076166638,26.21450963743293,6.077512579229007,37.24682542422705,5.916379640791107,1
79.48814283671467,25.681239269940818,6.137778551088397,34.92987552920832,3.3254120300679646,1
76.81801116577692,26.367204764580062,4.579534288713071,41.835641595266814,2.1535949279950546,1
84.96625542589048,29.037134845744674,2.386155828380435,37.561359904803695,0.9444173001488889,0
83.29815377475072,31.451476485600708,3.907982342574776,40.15161935924986,1.1395471855186359,0
80.46771950672725,24.49865357363023,5.222582294476489,41.58637470132045,1.2139802660710133,0
91.96387447456715,28.397855085582613,4.469140039873067,46.20953765327362,5.942573238560717,1
94.5530520857051,22.59335926466314,5.202165476215528,43.932853216949994,2.85535473175303,1
85.88406886291847,28.740027934332062,6.02449181530581,36.59495163613015,0.6906627758916283,0
99.77530081055262,28.246036628703376,2.7031066932561574,34.274888811212215,1.959742554459613,0
73.58310885866496,28.033663879771964,1.6898487580797217,48.53690552377223,1.8023143318482344,1
83.06340540720282,24.376279364766095,3.9249223972555165,32.086701640128275,3.34397814529718,1
77.83177679397195,21.326567344036444,3.3405136822602643,37.73748576154475,0.2003223247973434,0
66.33463382926939,18.421886248538094,5.5716928263123,43.22622410161058,2.4164409024225253,1
84.17319314157301,23.839851169915605,1.8510032206823839,48.19380623475016,0.8044502460418406,1
83.78252491616716,30.13205016899673,6.040763748355359,39.05169237437902,0.27767843007648896,0
100.13449743242131,22.760620394543707,6.707224219093532,40.136714971354465,2.63184575275258,1
91.30811684554777,27.14050634184022,4.00060992852458,35.62486289201287,0.8058746828132992,0
74.75813175670795,27.375805602075726,4.121472251162609,40.63308056067602,2.6195834698625724,1
103.54092566334188,22.86525511629131,2.4649069975396936,34.249230103495606,0.3545174692146049,0
97.21033695525352,29.265379350078078,2.914678202051867,36.248575233906735,8.52711159683668,0
90.82097703468615,12.365357022077985,3.1833266387086327,43.8194527706924,3.2532496872364534,1
82.73515901150168,19.1089988850473,6.885880135675862,37.83211591569037,0.6825927087668703,0
75.4056076327652,20.33747081456616,3.8562584283784522,44.586244610265354,2.6981840906747374,1
81.27793223928947,20.72113990853044,1.355654086719983,39.23246436675445,0.29190182344179133,1
95.88748619704185,25.345051804743584,4.510708684224007,33.155799535645926,2.119383926842579,1
103.84586305934609,25.160151212215606,5.6525802492445525,45.841826378556505,0.1229783283469741,0
100.43243528272188,25.575962288700033,3.94917726135681,33.42336957474056,0.8110926021092985,0
80.11150578213726,26.384325976529947,6.938426879453979,36.99106245569693,7.67592356290938,1
73.80382566710989,20.199581723417403,5.5550173345317955,39.00150459030928,0.25775959721150243,1
86.40886246911204,19.127295732770726,1.901742540224293,45.029143103296036,1.8197429213109761,1
67.31560634437149,25.58527872803145,2.897134375207196,37.367575886548785,0.14644371489607408,1
88.23167714184781,21.479071705414242,4.452452562849218,35.36641418764958,2.2136995164800948,1
83.52397413701331,17.718099818528117,0.6676215239467855,40.81336535780198,0.6532953405100824,0
80.33963498131757,27.885377138165925,4.672713474941229,38.930171383866906,0.7420566436192101,0
69.05296932733205,29.58040762600919,0.4768351454907034,37.66304700480419,0.8243829649414591,1
90.13600106569717,30.228643558794637,6.046866911129019,41.08242678243923,0.45922086977151494,0
79.6729916033809,24.74803088589888,5.8145473695834164,33.98201892303434,5.682844986630539,1
73.30083164289712,26.50372838389161,5.009562721830141,31.390797295171595,4.725346368438715,1
56.2773778671835,29.479472893447642,2.648243271295377,50.69365053634128,4.080675978223652,1
84.72485094949364,21.434336839906262,4.340405649227078,40.52093046680789,0.22509600495112544,0
102.72251596669744,28.44271073621637,2.973245024970702,40.87090440981135,0.5316972356823995,0
101.6125921454787,25.101584936572834,1.9383694450998674,36.09005309661461,1.8946644409597244,0
80.42903743413729,27.654846609370363,3.3225139764571785,44.488494217470056,7.038003428904011,1
78.97787939638219,24.74437208350374,5.396531072984191,37.33257369927077,1.8568145952804267,0
89.68774256075024,29.18502683899201,4.087628385663522,26.069261561097328,0.7923223336498624,0
75.01614560811709,24.894095050166147,6.901419848268846,37.164833297456845,3.4009596520523213,1
88.01791899819466,18.06408376213033,5.531561078960549,38.59293461037775,0.2910472830306521,0
92.6608027838469,29.807706529258887,5.317381627811237,39.14958197832743,4.269771230208608,1
97.26933223884308,20.209877036111553,0.782146901108792,39.00494168627709,7.352067834421358,0
83.99845923520047,29.012232840975656,3.4296829396894433,36.775426915118615,6.862446600063149,1
82.96326249823034,23.63902847423871,1.8712551791316008,36.29239470148316,0.31962533866448445,1
76.2201741324344,28.704043940790825,3.633994240752192,38.510106666039846,1.5952717386479418,0
76.73119645960139,28.53907445946706,2.6134477521536863,31.772619564820424,1.7585633369864895,0
82.73521108098473,25.720571897261486,3.2447900938841228,30.21201853094729,0.433623753528324,1
88.67365506816178,26.034141270508524,6.122325464747702,40.49027744959819,1.5827435340475515,0
94.13584626233249,25.690514468770264,4.950499858011668,40.573674371324955,2.0799561811813065,1
76.96821049319655,15.944700974875689,6.0142288579632694,44.39700290026998,0.7978582626722602,0
99.92688568959522,24.473320875592808,0.7986337819680287,38.72217344814614,0.7586615091969864,1
82.2887639895743,19.53574329571242,4.115949393231327,34.03186393446236,0.12425831815864045,0
84.78632705651565,24.684748574982653,5.933409962793202,30.30176592401017,6.28501324750319,1
77.52788320852177,19.428229814467137,7.012591829774312,35.549019620215674,3.255365972385016,1
60.75759739727059,19.2601922350957,0.9038232206150139,42.11259872028759,2.849647395782979,1
93.8404539636105,30.419738007015606,3.29703272767766,47.207244517044614,0.04403916252861985,0
92.36843897092433,28.27778955249676,6.068453348009525,40.27042706385757,1.9579771207438401,0
82.18672442881787,23.983429660223383,3.6154433743771093,33.93205054831944,0.39843547859251,1
85.66990717224871,24.739074600996094,2.1791646516605523,35.60039698747465,2.1677480526195287,1
90.159392177041,23.008335897027965,0.9000016430079847,35.75647037967841,1.941258849015862,1
69.37454143113457,26.27950550391809,2.1025969306736663,37.97005699217595,3.820077584492083,1
79.70947322653706,21.29578253380478,0.6221966628725419,45.60447712497435,0.5899078174008711,1
92.94264679621827,27.97496105147183,4.116920913668052,45.99454725078391,0.05569180483061208,0
72.45710576830751,22.987652635943558,5.7926203715573195,39.13872052612557,4.909396219306992,1
87.9355793216663,22.320612016675085,1.478050482182792,40.915350550567986,4.785808125827942,1
71.43418195376594,24.086852073939372,4.515459482422106,36.01221053563267,1.2170957377033103,1
89.66429982433526,21.63541268029756,5.690542058891734,31.450457778231467,0.1626111371690558,0
84.64358517702516,25.314729397985932,3.9945833463033007,48.94169176731373,1.3781867719366172,0
68.8486818409449,21.8505496427464,0.7786114101655093,28.387564747032304,1.4847346015569427,1
96.64739354457171,25.874094411275344,4.772423109325006,30.820798411677238,3.4488612467894346,1
77.65408423201951,28.864026155645906,3.890706110471059,48.982029275798226,2.525333812518426,1
76.89747562985619,21.122713252767305,3.686990702798289,40.08307702335223,0.14687240537507537,0
87.00569197230944,23.477698170819316,2.9063255084790702,34.37042546455979,2.4438500436305413,1
96.48637349428715,25.84532285214169,4.173574852548082,43.41351815544655,0.2917620291613913,0
74.84178181021603,22.256570580074374,5.01963581689392,43.86526653022989,0.18746131532182056,1
85.61679849847971,25.85728224330666,8.781296268671698,33.33657177426128,1.0170137331080644,1
89.28816500330574,26.22159544260696,4.224664136774409,37.335773117652124,0.1610401246523307,0
91.93105607263143,28.333047105177215,7.022282320025346,44.381229318528604,3.535332048224818,1
86.76441555277225,21.57603981566035,4.715510166853753,35.91547126814754,1.2439955627940795,0
81.32972160916678,20.2288990390781,3.800943344704493,41.41081869306916,1.768633559350655,0
76.7240977935128,22.769690441745023,4.297095055422585,47.124060931831366,1.7201257516186534,0
85.86143883046375,20.1289906418116,1.5565272606149811,28.03757584229441,7.643431214657271,1
74.27860988014393,26.25799281618999,4.611720541504075,38.293758403356186,4.948705246660047,1
55.78649516505393,19.352994799294354,0.015869870357255067,41.308179992837445,3.7826477468190256,1
89.36559804157667,33.33206567301075,2.2746672842229363,31.03975307028296,0.9666453972477703,0
94.03934841086195,29.183711446295003,4.219686186267621,37.35194304873766,0.31354085124493625,0
61.37067564458162,24.050303078401257,6.387964546357688,45.22249322070907,1.7923243668973459,1
74.90269295290062,27.469577971991903,6.861248793996788,36.478424256280555,1.1607661488743695,1
91.19154261005198,17.452792542756832,3.5269068407181305,32.5783678205712,0.5111440642574612,0
105.574954697117,34.09349332559823,4.311434639060882,45.654159115811304,0.205598963061154,0
85.20793707675408,21.63914155119804,5.968724939164056,42.22250846765216,1.1457329239217104,0
77.71997058770866,23.518010344402562,1.3410128556141623,39.6557185424769,2.1046088074491514,1
83.1710355889516,16.576266851246253,4.809495010631007,39.508040864459886,1.9637385939385645,0
98.74876419148185,25.94514921896358,2.344214265268382,45.14141235552471,2.973745457403191,1
78.54035820875464,19.574623371691565,3.6563499106465627,41.472641625046144,1.2567972139362151,0
77.00807993349747,24.406623046264116,3.0819534990113695,43.22806073134271,0.7761530647604332,0
80.17256477817968,21.822902268301846,4.870716254096295,36.537168025964576,1.5474151849103712,0
75.46671391741287,19.689024260278625,5.100607348018181,30.413224955966278,7.378243748542561,1
86.22670315994796,20.78255399294953,5.782157354794794,43.109568501042276,0.09227749446518763,0
101.2467845846956,24.903152136342086,4.696397656928896,45.50463960833091,1.5043757785942502,0
88.23079273116029,18.874036108524702,4.343307539937793,38.87719016163758,0.7987608220885009,0
82.47646497873713,21.004753315905692,7.708047600877204,44.43878291896757,0.2226459314021929,0
82.08188731084456,26.653093525057912,0.9512818596056456,38.32393603411541,1.1406932973287256,1
69.36809191303342,34.40991949949725,7.391219720258479,39.546504193407635,2.049780363234618,1
93.83109777147159,25.91035527821202,3.4203561822632063,48.762143941936365,1.5022542659850573,0
84.22162802987198,20.33095343129085,5.14178317273661,38.542399731467846,0.05922113590737485,0
83.19520086409375,22.531543319710757,3.348680638812798,38.247153037233026,1.730802994535435,0
116.93107567844861,24.126356024610313,2.594916740896748,30.65010238396343,0.5279378203279329,0
87.98752908365687,22.602300197457172,4.969154385588457,43.45036579990496,0.8355103097003624,0
77.48208949904816,27.612232666947733,6.0842566172288866,36.45079317272847,0.7485281545689434,0
80.73642403794457,24.869893932056897,4.94601590993481,40.73612505506346,3.9110992284006394,1
96.48445709196756,27.63140953963948,2.9157684266342354,38.42480456283641,0.09748366771106526,0
86.13270410537764,22.742224838809484,11.222700125631338,37.771036422540284,0.8554114710182761,1
70.61722021682633,29.302000878885025,6.397147341732504,39.41135255069178,1.0044465831719112,1
94.19228934575203,23.334057662873818,5.866684608414506,39.795738302202956,1.9290419889248536,0
78.31855914461006,20.115240523448033,3.2940715385155914,45.880395298176126,3.1114611289964738,1
103.73297776217545,32.70928152416889,2.7496684234219213,47.601059283462895,2.601445716713408,1
95.80048065714648,16.700089012155534,3.440321848314121,43.25357551220794,2.7936763306833776,1
80.52678104341248,21.04504509878029,6.162813088784967,46.357779567354285,0.4273446315649183,0
97.81016361735112,21.49188859267842,2.018791325848344,44.27073735373358,4.85487477342641,1
85.67855510527403,34.03322509222625,1.863592337091366,42.4730705096791,1.0693784816280612,1
93.52773675122219,31.227435536586047,5.0790950667220365,47.275714676467224,0.02234239413465158,0
89.84732817294474,29.97571257456879,4.6383928892842405,33.45762684537338,2.205820114226315,1
76.53643345009127,22.67736535049467,2.4593729242182083,36.57768899375382,1.8526962720937339,0
78.56450167682539,33.7047120153671,1.8175928431695505,35.895492365719534,0.2692528641266847,1
95.29960817581161,25.473408015363884,6.8757939867368645,38.493060416802706,6.431142851294472,1
81.65224667893459,27.90905348121249,4.714008850599124,43.42950179042147,1.6490848250888792,0
80.96351536758003,24.718781524424827,1.2729282725439348,34.424482739066256,1.2669810614354062,1
75.44877420650647,23.802133714706994,1.4127489278354122,42.513995984055526,1.0154017618524536,1
89.23599065593461,22.992885304294482,3.2769760550990616,37.06469540797881,0.47106844519872676,0
105.62524919243145,23.16144002632335,5.4656836139952665,38.26467973406528,6.107265609660874,1
74.32467085745728,26.433966594712317,5.1900176042165596,41.00207831716928,2.4223885602292468,1
85.24219456672758,25.468799195101553,6.263357074002435,48.406240695307496,1.6768257265892046,0
99.12220555415429,23.874114519185266,1.019300385078405,36.438264738729366,1.995002668942098,1
84.20358608754285,30.038095970795418,4.447693379559313,39.59953303253282,3.6704255759480975,1
89.52371796249734,12.132987725037077,6.851820664642721,34.608873872014726,2.0196664952332313,1
74.37606471853121,26.03954899168478,6.665603460952198,36.39026141827639,0.24341057546602846,1
89.28307097207649,26.870954826635916,4.717819962825372,34.56329282537763,2.3899941395437576,1
83.12855734995452,28.587851473020677,8.696037017307752,41.22392543983286,1.664218015332165,1
94.85729995679863,23.740514235786556,5.21857023283172,42.12654384744389,6.783134263209585,1
96.87386051564751,24.83168026953583,6.085493265682686,43.43524673361914,2.6464078860013114,0
110.89563642018614,27.943793533258884,4.088895837551013,36.2317514454683,0.8431978702795792,0
90.79633173213576,29.96466561712072,2.4380494143114255,42.53971539272513,0.2909716433617631,0
88.25796316582166,22.79785605928493,2.249581598442508,40.56550039124009,1.316643735580954,0
86.94384301577335,25.067903132510242,4.363230429588841,39.71123751374336,2.274836887790332,0
81.46833707189312,30.71429585739503,3.576995986299586,33.792885862461446,0.39026781404671246,0
88.38483843461691,15.503891696484596,0.4628286601730376,40.76626749659058,2.0964711919076517,1
82.0459858986097,21.23994960074166,1.9484128301485177,40.924783099555825,3.4929423791576935,1
86.68460976269614,29.863343914411853,3.363192851891814,40.50864222271117,0.3416956926795249,0
98.17597535607959,28.370151334433213,5.454558751874319,42.00025378638605,2.4468937557358776,1
74.9345743472036,26.089780843706777,3.9678522276758508,43.472978295347154,0.14139786682339767,1
96.39878561129045,22.20561250756352,3.855871578998972,34.5098834552114,0.01596370658524993,0
98.17115067339866,20.472726004058323,2.0261747459933677,38.91651956785824,0.06635814888781767,0
83.81931473008922,21.635137523030505,4.046332160124198,42.57883800782122,1.9966539795989717,0
63.78145100991405,30.19203288327477,6.638202054891975,38.65802589562499,7.250836977976806,1
78.92178012905568,21.486229243378617,4.311150225517114,44.797117785309226,2.9513203065434466,0
97.96994546561109,24.405691856958633,0.9853728370362762,40.45089248346282,0.5871568705401827,1
84.77131937701118,20.985169420553017,1.4969544113909379,30.225386794382246,0.1487762706394941,1
75.0069776770509,27.371096120396107,5.177577754446306,44.19714459598847,1.9176352797059606,0
79.95225078771783,21.845094878614233,3.5513690495547605,39.41448386572335,0.006468218500574309,0
93.40620026504553,23.609624439382344,3.8508395397929718,31.15144583437357,3.1460733431356616,1
90.4673356820138,17.266471467828698,2.774531649970486,38.73855069856601,0.5571025064518481,0
82.61067900830305,17.546527055180242,5.0068244243998254,33.65817810692693,0.7111142121187716,0
81.33175588185313,24.030692773286024,3.3981645735093013,43.76565642797077,0.8431249173017707,0
81.08241850956178,18.69937137920895,3.6267735565427905,39.820795099269176,2.8840619023100804,1
75.77589815501497,32.42034655733801,2.297553216673747,35.38127317599117,0.6177892771073297,0
101.15375689469442,15.753907551551002,5.843382596285539,44.0542402848143,0.6694660028197454,0
81.7767953078866,20.799298805343582,3.557734416767157,42.29262832998124,1.557375010280998,0
97.17158520825497,24.0668034690702,5.21576066623952,38.82117631487321,1.2435163377712206,0
100.21316051922452,22.539468248816863,1.6128168719319644,33.772012802318194,6.2276667171123465,1
94.9831089814796,19.583418173344324,7.467766276757216,35.78763103231703,0.6114112697050446,0
80.68379687281951,20.16828864201893,6.554748077026445,35.7127104514698,0.1927822628392625,0
89.03730090336609,20.037383690003047,0.18040466068214656,43.73248601632194,1.5573294187279667,1
84.75804393609084,22.85311322071975,2.3961250498725697,31.595513571778866,0.407955730782442,0
75.96298139269872,31.807716358069694,4.95526878201977,39.76382591718458,1.067597323953687,0
88.24359281721603,24.311749186232838,1.360542687701992,38.74857804613957,0.41453534419755356,0
73.20960208840198,28.731601957550097,3.7368118356733486,45.17769508887709,4.2567575639101145,1
96.87679388461564,26.027905383312568,4.853263571953594,41.1636827883766,0.7933565482616022,0
80.35382702701607,28.455449591928883,3.630548176041033,42.67605142571834,2.9821323698859508,1
87.0115965587284,12.800142789625657,5.077677407074193,37.373199981349906,5.936366245191169,1
87.83287871546142,22.782167915407083,2.6133401907962366,33.84500906247369,5.645258829938708,1
82.41095026295923,29.228541692602853,-0.4883630843362443,38.37262012061754,1.4880436374029544,1
90.86693801475275,21.713056709002664,5.9642306243301215,43.88581192963216,8.179323851394534,1
80.25096343377476,31.04989265947845,5.951629307205061,43.87445315575884,2.133862267082097,1
93.71297297457244,29.935560615071047,9.007273284576666,37.847062144421514,0.2750534391087646,1
71.54020319753252,22.123477135490152,-0.4143730358686293,35.69628097675721,4.385255293907325,1
86.26379579546412,21.987345923814573,5.501664218693631,34.716604375464065,1.2648163936384602,0
104.38928999058285,19.945576630582124,0.06263572383322602,39.316866986367195,0.33138742828667483,1
74.99668675394426,21.48162307254481,7.512986563350639,40.682755858596664,3.1348820686489,1
78.22255029475149,19.069643743324338,4.975733667392019,47.36595756487879,1.9584770781504033,0
90.13907849658915,25.715244721732024,2.096142304647494,40.616653788094375,4.2761927270353945,1
86.79581781939598,18.175814026614265,5.560444949202871,43.06882996903569,3.5126587472905904,1
88.50630099273559,26.414932064760887,2.893909984566128,36.09766006047891,0.7716497708098475,0
89.89187130147664,26.512314787600996,4.600832199102538,40.20850502464562,0.5922742719473976,0
91.3472146856177,17.35518237926431,4.411921432418168,40.70039227768433,2.647229244617838,1
96.09699841956223,30.19927442531336,7.488336272294589,39.29734736077811,1.7034084758682728,0
89.09818656928513,26.054437177660887,7.629851820173025,39.89090601565037,0.14487217837600647,0
82.58742345381458,26.998792085779478,2.805469253452988,40.63109233810053,0.4009005044675396,0
91.72573701202731,20.96533919382891,6.116211235992072,42.40518406547158,0.32822497780892673,0
103.99881934895215,26.489516473892476,4.709680311140595,45.84559021706881,1.7822056685884564,0
83.67366253617426,28.505573798888264,1.1746358659861764,28.67226104180145,0.1793292708121562,1
75.25470695329358,23.605566403981292,2.60754323925564,45.56868757069344,0.4656327070158902,0
96.07080669286972,32.00768983699344,8.672292199199248,31.445959418410116,1.5765713317890937,1
83.79618836046401,24.17625853965175,4.71570880220931,41.54381410518376,0.2855636580836746,1
63.27330453985964,28.563143201809897,5.999559159035045,51.77814484544237,0.5707609550986504,1
93.47421677150422,25.17203522903462,3.575911375266018,39.78729855787109,4.7458227168174885,1
79.64671814046078,26.34208613142747,2.9201161705613163,40.90009569707321,2.3888207968995583,1
84.0946671769584,17.31467092946091,4.054529015268949,38.44870143039766,0.7331083896447779,0
88.31980330569014,25.484214952861453,3.4677918895075655,43.33631173632468,4.1969245462943565,1
86.90499679779066,21.060099594970936,1.0134941379368034,41.81104276319871,0.576123777865764,1
92.09451817139039,20.61440677688925,1.9933490850919364,36.61976377610465,1.7787266527581467,1
80.64513629430157,30.976412737863914,5.415769028824462,39.42823472407589,0.9192967414287364,0
90.13105798176083,23.144919007750605,3.2386186217951782,34.40781748111394,2.7898583429195565,1
82.40453322416083,19.986792676098013,4.051409764055815,39.40529289383843,0.9291165035245078,0
92.38810480887503,22.5634734875645,4.469846100994421,37.90313906541631,0.5723309066606072,0
91.15367484013053,18.798199084312344,4.62610009763744,40.68270475795358,1.8714803411828507,0
75.64561297955404,29.73553787278508,6.293158122630741,36.450430514290304,2.7356553827473675,1
95.85982116175032,21.21727702333394,1.802608369862936,38.927841549569,1.53730968968126,1
79.64036554885952,26.117199735774676,5.140505447087249,40.04386387594072,2.5195932936635552,1
93.08057798281145,29.4244268568413,5.510055587039296,40.39208848978329,1.096418895331462,0
88.6728731340134,21.999389275141084,5.971703558003011,41.37141857852921,3.1738479776586526,1
103.38183676795123,26.128089729091144,1.1741648011702552,39.12916167359507,1.7590724586036313,1
82.76534017628148,19.87965578038228,4.509638436693996,36.06653170534152,0.4369339689997571,0
81.50683203881802,33.78307827645474,7.432151892797035,40.41036636324789,4.428264068296853,1
84.80580394112268,27.74552053846649,3.8017589616867538,39.105710872021184,3.6258512965333893,1
81.96820217165724,23.229574244956776,4.966989403928583,45.12322821053605,6.643601350161044,1
92.9994190194205,20.908665076444144,5.56079118917037,45.7537075045518,1.6833338972687426,1
68.83689391563412,23.544013788641493,1.9490603112034792,33.13959782281489,2.252425301533158,1
74.46317580853646,22.640065110593923,7.667649457999949,43.08577274208876,3.984022636200623,1
74.32197078420808,31.811778215998025,4.999001593937807,44.08872080544954,0.10804947876419584,1
94.50307591973575,19.09786111114039,5.039005628386852,33.2708435206793,4.865493103633172,1
102.10613372581925,24.539205693160813,0.67594524397893,42.89736409456357,0.6326114868445354,1
83.95550781462528,23.92664773346516,5.589089596426626,44.4797745888315,0.11747063893989255,0
83.31178276809989,23.530358798620522,5.012820682758274,35.25176681060705,0.5425861819117047,0
85.70052163113182,23.56553338024663,7.248382655444129,38.81829188439481,1.7655183202279892,0
96.6187830260819,23.535716759518067,3.377469571391293,40.93159967910111,0.09805908299338238,0
75.72646865809426,27.492264265328398,2.024683340803117,42.85229030049639,0.001530117810886716,0
87.38368982734785,26.43593778596974,2.635522010451334,35.057802947761985,2.039764920697539,1
94.7519762978243,25.675646445491147,2.9900435299854022,45.78503348907806,1.2080297160042865,0
90.01094169939846,11.864042551418924,1.7623069637372524,29.853259349671987,3.7200370188378793,1
86.89581616598744,25.199179496652654,6.580320047531986,46.6187277446275,0.5955921926763844,0
95.01046092567141,17.377442559319668,6.655395725863333,42.75133733894959,0.6589746680111878,0
57.967677070007625,26.5852806525433,3.6084165977198897,36.891142444285975,0.16143641334643985,1
91.77875319530908,29.89798947028206,3.214480155831612,44.3220292135354,1.5465970679581837,0
78.45924316872576,20.295043549645797,0.36903617336137584,34.76100478198935,0.9111110626616524,1
66.69367103143543,22.952877110629174,5.391922510607209,40.57468027196938,0.8301457761889096,1
90.11202599524981,21.602577179788014,7.3068802176516865,41.19252436904298,1.223623568496201,0
98.73658545162958,28.941727103027205,2.7256105654808866,41.180674069795074,3.7900759979629273,1
83.62551485372308,24.380111541088294,3.7664309484472036,35.801412214423266,0.22228460909956013,0
94.52874547202939,30.913317522265334,4.868582922631462,37.51961413821211,1.4829681305367557,0
101.12278257988646,25.65501681178955,7.448836721219811,40.63372433075408,0.4373944111896385,0
98.14914453584048,24.969800722543276,4.399552443670189,36.366281285167105,0.47750751147709786,0
101.39964529371393,24.272827130411347,4.390859832053037,41.35726397138304,0.5934058419066001,0
92.42127491071892,27.271968397029347,4.358637002319607,36.92937015886711,1.2301575526906472,0
85.75433638901593,17.049255207018625,1.1499349861926538,45.00000013038622,1.3640190673443042,1
68.98034188102832,24.34137582208204,1.1064186923402706,47.81342475285468,4.103828035286922,1
82.53937511870052,23.71981422508814,2.384009661770255,38.51267912671371,4.453325861088272,0
76.56753404683808,26.901675308631063,6.025781148074746,44.60129380485053,1.766989897383411,0
106.70942717497815,23.249193576503853,3.3292858589080137,38.938477292117,0.6609123746112325,0
83.24114187567663,19.84506226334932,2.9407919023954143,35.31784401629328,3.4123050559988584,1
86.23204806784486,24.029402699678798,2.9056507917124645,37.871411297224185,3.148933137232934,1
90.51485376040468,19.668637884526625,3.7246862430546455,40.427848703781066,3.198514153921791,1
85.43602446372454,16.29895114965006,7.404215868203281,31.065211677864642,0.033006024381729886,0
101.95051040430752,26.90848992594197,3.697605228605757,43.12828380722748,2.803740946790147,1
78.77350638265548,26.316246290778682,2.4274051892502833,40.43010424468182,3.8308321121960396,1
86.94607455237242,25.8683637759743,4.050491258163266,45.002719787345775,1.8579058113689932,0
77.57529414301952,29.211713687783245,7.510167211523074,43.04068776885679,2.7825671566878256,1
71.79977488779295,21.339872438784298,2.9943505621287683,40.599741585819444,2.9937387357514114,1
78.88230909094715,18.27554342891498,1.6379899831381097,38.22082532325268,1.4128028858772737,1
84.62963202951588,23.719880892767822,2.998017460539166,47.61430860851494,3.359943042802372,1
80.7069777548274,22.60999880117636,4.257527472696866,50.84936343418016,3.143234179466515,1
78.07579020126144,20.630817132919724,5.3764819016506795,38.304252974700944,4.95636319458097,1
70.93682536328166,23.680603386048816,6.013767157364492,45.21146736851276,5.086096333152965,1
84.16894427371305,21.553579415181662,1.9085654520753432,36.46625170517349,1.5088309968093665,1
69.95279625968998,16.655978866572674,2.0983093310818606,37.0615702315547,0.06400087176449798,1
92.60055963689602,22.23529323682496,3.35347548122502,38.068775242507506,0.0385836047343497,0
85.82439752934503,19.45449933318457,5.368986049393792,43.423413438031744,5.591361046310581,1
70.42448500535069,24.92659228644369,1.479984204695489,34.62543352830471,0.8230501228681667,1
81.90790922950137,21.37586096703738,2.7853461791646055,47.74982113502117,0.9481299806242893,0
77.47843594409417,28.446525896564207,2.814512541176104,44.68936128686515,1.2694095161205996,0
88.19174510419181,30.415464269071464,5.883497710728742,43.30757602714441,0.6179448841632107,0
98.40450446023145,26.717525492047624,5.056521521328875,38.530926669986556,1.785217722318768,0
66.24827530354256,17.79589527206672,5.80743672209984,44.147437949283706,3.070706374494931,1
86.15026079147417,30.020783995516158,6.677355948466109,25.413185693484678,0.5950382952004425,0
83.3986720443336,30.30288180149506,3.388699809821839,42.204506817462494,2.7178351591673744,1
91.71340076450466,24.075162045231764,1.6251876902926363,40.80061033831373,2.2296000717887106,1
87.1319662823769,29.29170464134213,1.63807276430596,30.568922173910526,1.4913391454551375,1
77.48030668261181,21.793299447813286,0.32378486988232025,42.03126491366084,0.7873955225507966,1
81.80946064333382,16.535016260601644,3.0824663406676143,42.95445862938036,4.123587718552979,0
77.03974143196511,20.958862245513625,3.2315547703365235,30.731336275829108,1.0309932709910221,0
95.76007138598598,30.917203464179025,5.575106813610096,34.0661429117396,0.938929367323526,0
85.21311648671943,18.035680305554106,4.033828434353208,50.32194575925476,2.0509328735606664,1
104.01190685753008,23.99808512772598,3.0193431113147877,39.068232269487666,5.059765965750197,1
84.39339186185379,24.136575573360847,3.768002547678828,44.878130297491936,1.418625966634184,0
77.91593233089537,21.948103024128752,1.9220530325704717,45.63400962144838,2.5652433156245373,1
69.86285607387173,22.22591360065154,6.050813141502573,41.96968406997634,1.2208611169686234,1
66.96860323744055,24.28899653694481,2.428168874380983,45.08620675594639,0.493867747886273,1
69.1586405699451,21.75135063226109,1.7201374561282088,29.43555820917641,0.2646695348942014,1
87.67126651011483,18.311766011328274,5.63576393341494,38.84735294159671,0.29312080318495687,0
90.08725023229934,24.860127771773826,5.148328416727703,24.597006364130362,0.04311278884972132,0
69.18809297967867,28.29346632977989,0.5526292428819768,31.269531677163762,1.6099561775452804,1
93.95038314076115,27.478290074613685,5.710003269420445,37.26992751507527,0.28106823341028275,0
80.1693894831656,20.761058130440755,2.516814721811887,36.6730778050191,4.015333644298916,1
86.4679301198555,18.995088338489296,3.2517909448721602,40.207051445712395,8.137064139386188,1
101.12220628255425,22.863248471380885,4.374040215387875,39.89674744198505,1.3698371641786726,0
93.96839315865532,30.271166039182656,5.173249765233644,40.668712149906156,1.1944887017241075,0
82.31469352094167,26.58239231583818,4.890958349375053,40.873548243153394,0.8556437636680352,0
76.08807774584713,26.815858707176936,3.900363338187995,41.66461362301485,2.032371010071013,1
63.48184598670695,27.55942780714198,3.1507133421681788,35.204776612940194,1.8731251077249595,1
77.8084668075758,25.683066250074347,4.824441387130895,36.37603840318099,0.8413060890131799,0
82.88869761172306,24.482434190454313,3.763224325311544,39.815609703526235,0.8406498965693364,0
75.12820472848816,26.64922758659187,7.610708918251849,39.89328524663538,2.0701701198345748,1
83.68743032907695,21.815335583127922,5.172818019939804,34.590363173518504,1.617323402523041,0
85.76851882958768,18.342147954534717,2.15316875001929,45.407796905065254,2.5356395043393043,1
82.75144018191921,26.891987738497292,3.0448000972526974,43.62400338775413,5.673780072768324,1
78.4999741917654,28.9509524229969,4.096384354519659,35.70141657318436,3.0245458259224143,1
86.68654671966728,19.527072242575876,6.59886243014091,38.95816993541657,0.7258048979849169,0
89.41940649569409,27.287685929663603,6.82221001822427,50.04769825398558,2.8469329977124116,1
74.09600922557154,30.72306285355276,3.2077305592688714,40.802885189171406,1.1957631937262516,1
99.10932379746271,23.991015192971517,2.132731566821114,41.978429776000326,3.007062608013391,1
84.01411867715738,20.727991261033015,1.8770047175876252,36.95532224434435,4.353161147318909,1
85.18849622944848,24.49207469410702,4.50485751443156,38.434439457358295,0.5752024157892207,0
92.08214423256557,21.797864127197194,8.607568618434986,47.55662992891701,0.5453111071583069,1
87.33216131263502,21.533079560174393,5.078188208510205,40.56647213646268,1.133469313076898,0
94.53136633913245,25.73273626908617,0.8121749466319854,39.64535890563559,0.1058184062102219,1
87.87124165201824,17.585082099880417,2.5479917935079976,40.03820542968233,2.3147251990967277,1
78.87562625359563,18.22428431003109,2.7521715963101743,52.726913942075925,2.7701987873428253,1
88.61503525206102,24.07716352149577,2.355994959770184,40.19903751573942,0.8475535111585516,0
73.56273792679337,23.910765844350276,3.2242123501315594,35.849616503932,1.2520437152745778,0
86.08559705776523,25.374218308159744,4.738789722039884,36.723245491923805,1.7849364448188443,0
84.6677000935554,31.500901553933552,5.363962338645293,43.90378001194052,0.15289369410661516,0
82.9188314272746,24.418056144303286,6.183526981833287,32.857594366766115,2.4847173002897596,1
83.71462488561069,26.392688601339177,5.048405146094355,42.25291490732115,1.4960587441525204,0
66.1815095450236,20.09786825754147,0.09169951934231824,36.380912361752785,1.9577278762055588,1
79.51275092259039,27.07175065406615,1.8853908249373732,30.706152217739962,2.5734815281787227,1
85.92844901141115,21.89443653955729,3.6838119262816176,35.099638915432024,2.251301557111455,1
86.598563919974,24.28568333032437,4.294559711534958,40.1376690483933,0.20035149009347505,0
74.72324859074041,23.564605499723353,5.7228367197525145,46.97583696746408,3.0519597130996936,1
97.65707840864701,28.131896939656123,4.086368352433546,44.566647059733185,1.8834559751827302,0
76.33825151785499,18.7600937825,4.101414507727348,38.531548869146235,2.5096961757426346,1
94.69457200526736,14.867045461539842,4.475594726278119,44.86093534909046,0.6062730256912847,0
89.27194361871685,23.146269211648303,3.489956522437596,38.216100853804726,0.5005856071082195,0
78.53772690156197,25.874125027620497,4.173770279755623,32.667442076270554,3.498460905953798,1
102.75310892609512,24.60907750323,6.251664358023501,40.10543817816338,0.9898690669319865,0
73.0636316824352,28.928816949655644,3.832178202431994,32.470330024966074,1.7129645208831403,1
94.19154173610002,25.749490696718674,3.9395745464314333,43.95704153742531,1.604118981050312,0
95.00582318042979,21.74460667256056,3.932829190465621,44.02940044503439,1.7597576427645805,0
78.29379790923355,14.698319383441278,6.595547627582338,35.60015030234869,0.14408022092850417,0
98.92465300064329,23.050751063219128,1.7838933463411153,40.72798753412831,0.7204299638763465,1
82.49953485401048,28.111836009031194,7.551693789582391,40.680246170957204,0.13758693878006562,0
87.88693629279857,22.43180886933154,1.6472362909689737,44.35981690883621,1.3084721663140182,1
87.6032183877122,24.113281054711056,2.691559477344482,33.77465873008076,4.647590501095274,1
83.65691258529452,25.685441017226836,5.4894765394306395,42.9974376178409,0.9858934275772328,0
93.10808273159782,19.938830503000737,6.060633390947343,33.41615374497245,3.0506508774454644,1
92.93488720552213,26.49294358655527,1.193001966003024,43.88594368836435,0.6772388854564532,1
67.51468026761819,30.54848716000682,1.814596273505828,45.31348700666573,3.8795786476822056,1
98.04340242878152,23.308746592426374,4.555685618943696,36.65204303180054,1.0877416667401958,0
68.37508011964326,19.483742312670792,8.688838775527593,46.0956443327077,0.8776841950772484,1
95.32546204341658,23.733595891912106,6.492525561997361,32.12983518490606,2.391213161537039,1
96.26705136827583,15.102463565564525,3.5038059007363795,45.49791722605274,1.4379857726623129,0
74.09033569784802,25.347613055906464,-0.838258276151512,47.192281190813205,0.8229262548365295,1
80.89185712045415,25.809097510594317,4.163285468842319,41.729075970757656,0.11969583469855458,0
73.94295331514064,30.702545175382248,4.724593607293107,39.02237109485319,0.36457749182431465,1
82.85078969711265,23.2240208297335,3.2346097178343927,41.562099100499616,2.95966094174895,1
81.91965715814258,25.633941352585882,2.298552018906809,36.981208156344366,5.069834146905194,1
92.7966053226934,20.554847590456397,4.3183305206427764,53.123133395813724,0.36986179980195427,0
98.10308746119608,22.574291517899685,2.1154776122120786,37.06734354782854,1.6853428580591938,0
98.95683810789956,17.899258253351206,7.744897321617447,46.587005848286594,0.06954253665487503,0
79.37831973421697,23.220841514867057,7.033489595067634,36.29386291287929,0.68735796619498,0
82.90778126255472,22.77876338592574,5.315825263185522,47.98404139751825,1.1912714289861581,0
68.1656180777905,25.196799064355584,4.179421138238633,50.06164290877585,2.6626873178902093,1
76.94129933503811,21.50561247866944,2.6796718267728803,41.929954055096715,0.09022037946430025,0
94.64851633097457,24.33338140390037,3.9584256322181974,41.43328634283575,3.0394746101951102,1
101.15582823548232,22.666479777569336,7.278594270414552,35.21710487607711,0.45291749177159196,0
72.65651128120078,22.674002446801943,5.7373081168732565,34.621661952158576,2.8503346045994524,1
79.07535740847106,24.32144930385212,4.407384556952919,41.48957302582814,1.9641710798113974,0
84.73594243041073,24.162091769268038,5.8479486683351904,47.2909623859056,0.8297459581192616,0
87.80161158819607,27.044696156206555,5.091221326761657,37.258987554254844,2.5729087729891655,1
76.90396480078354,23.51742786348066,4.792555079773743,51.039646088970926,0.5392196182055793,0
89.2406104446409,22.600458603507988,5.961126517983071,36.94927030185081,0.4962252992246547,0
80.26160652929084,23.276770219651095,5.034055289649515,41.14695970374986,0.1274665083430909,0
84.85547729121721,21.14134353263603,5.717102940206757,41.16008233201828,0.9987072714974913,0
90.462842480037,22.560355625733315,4.322774099269018,39.49232812382242,0.20563113823899032,0
85.06422269810938,32.12463485229293,3.491748353619793,29.780862418368848,1.0877340749316258,1
80.63614109473431,20.349284957216533,2.9036742421197026,36.90463449784552,0.01970389506159439,0
83.90390196074169,22.88537466448276,2.6653807890580827,40.99819646151436,0.33703458435892103,0
84.11637040794665,22.45004534692124,0.789659115116935,39.52007452009893,5.387464607073438,1
81.29988970117873,23.0113135510224,2.176120106376671,43.18101329701391,3.174979257513745,1
82.41203937332898,22.67504276448642,2.1182929408356377,43.784179559959256,0.5388032734856749,0
100.98647170504717,25.116960404883997,2.985309608031928,38.799607694105454,2.533768461197432,1
90.6091944794124,17.159299594432824,7.124488421276583,35.187848138422765,2.2081450839644234,1
82.0451968197084,28.148685890128018,3.6848760888924454,47.74158852691706,0.38941739696310995,1
91.96954404510736,26.53033119856879,4.48353377976862,33.22268834742174,0.9274341486454929,0
81.6618051024399,19.02851365574746,4.5466392890238545,37.02346388283926,4.899984449913103,1
96.73124637586642,14.923690908190395,7.175161825684733,35.75020038013099,2.684309096322054,1
88.69642192198094,20.091711415434396,2.8488290923094173,43.73228810901054,2.85714479953697,1
83.92697855995772,23.02933415429151,3.5549558394838767,46.58510987240295,1.6597033585454917,0
89.47716925810278,34.3211675947631,3.7876012564516333,39.131533122445276,2.1904747725372213,1
69.29123847931501,26.173027859897093,6.273069711549536,41.148883801674565,1.421557316191592,1
73.73232531090194,16.76964140327417,6.688211387508909,42.14385910494575,2.701034551182699,1
73.06074993600944,21.241377980396223,4.949167639387889,49.020020492944305,2.6389741717673374,1
86.42943094763707,23.787150254908067,6.465818748123759,31.132132788934115,0.06315303932873047,0
102.32514999485092,25.014734217192387,4.355321992937979,43.72110949563464,1.9981189303618938,0
107.31300146192632,18.74100455875831,3.654793504766355,41.882623739697515,1.987497577114676,0
91.38051101440757,23.460039088091754,6.357448173171244,38.1458023737709,0.1393861594359792,0
90.00844474944456,21.129443449557836,4.975235350467595,41.63113367860148,1.05655832625232,0
66.9894226584726,19.584965749590733,2.5289386681848365,43.70414487914959,4.581098107434488,1
79.57326200265979,25.038382586795816,5.994841876248701,42.915813562414016,6.133976466502262,1
77.12216248091761,27.09550869377129,3.5830147379594406,50.792503029581496,3.048456669458482,1
78.79152401748884,27.36416510784648,3.338352954551591,40.63740793896842,0.32850247926976456,0
83.3185618141521,26.297545404535505,5.786008736399424,40.13452591645163,0.9391113209192483,0
80.27909422302872,22.01052186743895,3.822335718310174,39.09350607165113,0.4031392746426751,0
65.20700189624212,26.858199045854022,4.777917072080579,42.76489418572944,2.1118881432171253,0
92.47910256117534,25.23621775241715,5.323879168141599,39.83970869257026,2.96688362690398,1
74.27256974260193,24.53576753180805,2.4341138414552312,40.06604572532383,4.30429491526395,1
87.39246864111149,21.553227513192805,4.769701129364404,40.08914930003128,3.9415111696162146,1
105.74082669749973,22.01249549063389,6.698946210523248,39.32695715254953,0.2089660851907964,0
75.80615408413577,24.295547744498215,2.0870657125207797,36.95663598923796,0.26860396628696387,1
59.697124772536704,33.759497867942,4.899817777662456,42.09053269098455,4.808611436463577,1
82.13995778119889,25.20496992036556,2.341064530839425,38.574762174916906,3.71303675784834,1
96.00959634998571,21.555245990998856,6.042795367680796,43.068397514102216,1.2337733807989417,0
104.58347454220593,20.67044222012223,6.0238111674995425,40.55383814463998,1.1244206228250055,0
72.70450405547584,22.032933549375187,3.2913553195018026,38.067125618354765,1.609497260271933,0
89.96699223236521,32.70917379019626,8.419257304381725,47.82415202517532,1.8158310534520363,1
80.34689543219946,22.402973416216152,6.213250618274569,39.48843707226512,0.5866400328212239,0
83.94051645695865,27.627482138441138,5.413857970272338,43.11411507280903,1.0341628460007355,0
111.44343347017035,22.496287018114575,5.301221792212271,36.500085470039494,1.9335527268021393,0
69.97029671604847,25.044738165118513,5.967853818412447,29.872303344344104,0.46201726544848626,1
87.53739661494573,27.16698109603489,2.00871518551168,37.16500416161477,13.507045147685659,1
89.67693171765433,21.712388600760303,4.3892151969220485,29.31275646800103,0.6651899921022612,0
95.85786324939347,21.43555338338892,4.766380770754655,38.81568566590376,1.6077788726613413,0
85.97983153470895,30.63547877782132,3.1997278733948797,47.343235072695265,1.6155884489611907,0
88.08050539504103,27.938371579583187,4.929590538887931,35.47357488961674,1.2010821374143126,0
81.08351432578209,27.16268927476291,6.4633886008680115,29.46978071202906,0.5529395495026486,0
87.69126941245108,27.149105172491655,3.1564618244681872,47.50128495506263,1.666442476019283,0
81.56807724502589,25.83830195324426,3.8911513992573887,37.62322618337874,0.19085208680274787,0
91.21571889856051,32.07110325270026,2.358829408292111,39.92130808915656,0.9785396348294132,0
81.30389663956366,24.17563320750863,0.4260219803784153,43.94139984565538,0.5078556103962005,1
88.77100393902187,26.30904946880368,5.557864361041021,42.61586382494575,0.265184293922456,0
84.70737186315021,18.196348285623948,3.948532410321505,43.75256209805934,5.193454128300907,1
96.26050250772168,20.700157253635037,4.095158834305575,44.50214494772712,2.4075650778102538,1
84.48606276411513,19.196724000659838,2.026452763652946,31.269426837052727,0.3698391751289435,0
67.26967531793119,29.096254334064596,3.6289929419276183,32.928261299299905,5.967443799402006,1
97.61921500713991,13.789839391917,6.193187578364247,45.85584831314421,0.4866723850886563,0
75.94267699137382,22.39075990898911,4.00164267355892,36.091304284541565,0.5373628373458947,0
78.46233661351181,12.02517358935751,4.058367516110826,36.63677077518221,0.28605640535447974,0
79.04338705956508,20.67484841807244,4.415056555726845,33.68578738917841,2.602826830272896,1
98.74438093170818,22.036204201072536,1.527235743187088,37.975260553262586,1.692016070767963,1
63.64325786021304,29.539484375176176,5.249840928204714,38.25341968157765,0.12003326973752355,1
116.37748533659993,25.58651175688583,1.4896037701683387,35.312696561574214,0.05125099148183233,1
95.56056809066052,20.667433906684135,2.1207688374419473,34.734586275621275,1.5213942775616467,0
87.23238914129159,28.263854878927305,1.9015704619856706,41.59331546087853,2.108413112304358,1
84.45105999383713,24.07132901811903,3.649550066738909,35.961653665557854,3.461783540446689,1
87.85554074857657,24.150267434829008,3.295094592924285,36.96843871510869,1.3012213420790317,0
90.21122428379338,19.189313968912032,3.997549923383491,29.068608266129594,2.2573007702365224,1
91.45215585950056,20.039945144387442,2.1894876804471135,49.691001212655124,2.6459305993459985,1
90.55604466003449,20.699610800217904,6.010990640612757,44.709120147373504,1.8989335055776067,0
85.8958068125525,24.18584509261676,5.6680551374526615,37.52596973336529,0.8683967222338854,0
83.02661579692673,24.3115429079227,3.652372974216559,35.5045953217114,0.2828863206243297,0
83.48726716346488,30.176370654096182,3.043266566824124,40.05444398616562,2.0856280177830544,1
83.0509171964732,25.54022067175134,2.8412850133096015,39.91733205201173,2.928047701733208,1
96.33770096867065,13.169737225311568,3.3797100099786412,33.62016715242677,0.4210152406577124,0
90.93556722280861,25.050567951486762,1.1995095424976467,27.2473188553882,1.3658659238345894,1
55.59611365335719,18.19993457532987,2.080785375576319,37.369620462416655,1.012490210045358,1
91.55900776529761,20.136116301553855,5.720240783969933,32.183127345502434,0.4605958546903076,0
86.94736194718774,20.75132211309468,4.603624972151738,40.85689973361771,0.5629047676041723,0
84.81291243554102,21.346646705950793,7.268548971953061,40.89040783330337,0.5427623756704697,0
81.11481546911114,18.49940243183879,3.401609699661357,35.13393650829046,1.0857713802180842,0
96.24112719986013,24.81392801380915,3.276973545786265,37.32707866172274,0.9901077036701013,0
94.47526462122858,18.356790859636163,3.1842021509127036,48.815208459890414,1.615674304369696,1
77.27122332176391,25.426670428999387,3.361671033563663,43.875642631354815,0.19569029794861872,0
89.07052287124534,32.947884308246515,2.680091973706804,37.73873614645548,1.7409639960052279,0
75.28343265458714,18.682563764263744,4.5419764293744,51.4597966346799,0.044176494785003004,0
71.20381835211069,22.86195878264311,4.058208134296823,34.015312940141776,0.5951284902521387,1
78.73282775410036,13.90617054995012,2.980170996323455,35.936526375917225,1.3948647537436714,0
93.62393472382759,22.796258828119466,6.502297826037805,39.447429146460365,2.3226972111652597,1
94.53125045376086,26.570868610525935,7.793165844972615,32.344964673118426,2.950387754227155,1
90.13085420097293,26.882556925429068,6.3331544111468006,48.951545823139234,0.07241804353812105,1
92.25095786847997,24.309454921136386,5.11624802616679,40.915760193546404,1.5421607441797716,0
90.16178287114958,27.557053699035905,5.523539452527548,36.050255715501024,0.87526368700104,0
78.58518404777048,34.18421814377117,7.71283103565267,42.238934757023806,2.374289849895404,1
89.31922544673941,30.8492187497504,5.520638631518848,40.730279241489455,0.6675351290058494,0
93.00409525227683,21.90991628236145,2.829628294801431,38.47674457937077,2.7229976901066766,1
92.54291329813574,18.195584054133047,4.7845450533010965,33.9574241658926,1.8437973934951561,0
96.88913371474644,22.375394333704786,5.252488532126636,32.81894037235446,3.1181777727724183,1
92.08303847201064,20.212068937530606,2.0105654519281604,50.934004987216134,8.320194273178409,1
88.51448207541583,25.80539019145853,3.4301383627136444,33.236325574450014,4.784712779157142,1
95.70150238316427,19.27522584228201,6.2007836481109315,48.48982759675688,1.7993107146036749,0
84.7347874075094,23.708710269638633,0.3530145299008276,35.77620426192022,4.484150177289052,1
76.18125348772283,27.352056218145243,1.4991429099188118,43.95016283770161,0.33232125276136504,1
83.36933036056236,23.597216508731293,3.6471858927433445,42.327165450403896,0.08797724959909121,0
77.55097355193551,20.214744709008816,4.707359191011409,43.32709350148208,1.5234227874549247,0
78.24821725025619,28.69925623034277,1.284735110102186,43.66007136120095,7.327966008608193,1
83.55481329284483,16.48407622098469,3.7464214966681175,31.942171888312444,2.4739319335751992,1
77.07580079000039,22.68881977649015,6.307537078177133,36.61827003762912,0.7280967033085752,0
81.9203847036096,23.833359906474662,4.1373029141485675,33.15976020391143,2.2098927301278146,0
66.06385333046214,24.063634633598525,5.878177887262261,40.94650530423799,0.08145173391610967,1
87.13293707372938,24.721984224312326,2.815771757329993,33.38327833937887,1.2720961038942717,0
85.01205475362224,26.44175927923797,2.3801662864216366,30.094764114633893,0.541664813253845,0
76.82911368931809,23.858370243818598,5.697747660570095,38.81261331728213,0.10089919882229301,0
91.59245668432405,22.52776687142528,4.73853106931238,28.954604737562768,0.5751251743973507,0
94.37570137626558,22.36964262136122,1.6288079844510817,41.29369097360478,2.563583532301529,1
68.92440135631026,21.55393679184658,2.398318167674422,33.71185238311129,1.6023058602734672,1
77.37275221433785,27.15017329730746,7.129162482114829,35.79710125959886,0.04742772493443771,0
77.30857650212701,21.413886082093942,2.150889561061368,28.5979201342115,1.0543767093148477,0
75.60096898891135,27.38708443603298,5.868657493451995,48.25051106904273,2.790033417138212,1
93.29474841931749,24.075996329039484,3.0436266055326007,32.685425565109604,6.184693123463682,1
83.06173861227197,21.914980772575483,3.993648286465737,38.179993827260525,4.1486305407233,1
82.35485158689389,26.47362886297654,4.589185241886744,31.04130703769377,0.0030418144464724804,0
64.96137635593246,21.090184301107527,-0.20196242099919726,35.82166095809614,0.49359727202689835,1
91.35418030209226,26.55273616291285,1.0745653291454018,48.75910890512105,0.4657234509464186,1
72.60741605146528,24.85090448476714,4.172666037574325,41.487383676326736,1.0657833634739968,1
85.59932630266329,21.614701243632318,2.5513848724322394,36.3818450184471,2.0755305711642515,0
87.77376937958192,26.114539261338237,5.993162590549245,39.829132601722684,0.3322722470471435,0
98.60658595838652,26.186358902754556,0.7877582382637507,37.197204716566944,4.946241411517877,1
71.91179600880888,28.63007842323983,5.130510112515974,39.53789710086207,3.002215853432433,1
54.80487844179174,27.864588049637184,1.2475575591913475,43.71934359516481,1.087152012195418,0
86.83849544753694,25.96509608290513,3.2957900117111425,38.344510050464805,1.7541086736212863,0
103.00511181510853,19.489636195164948,1.8712444715240721,41.09995736962552,1.5609077708142998,1
97.38946352939438,33.79434795269623,7.804859760942396,41.182477488241275,1.7456487408021617,0
87.09659415274626,18.38553515571276,1.3210156740599284,38.369271763511286,3.9338728729803982,1
80.08363814367952,27.797052697129235,3.755880609261953,36.320370051649725,0.44658622362233,0
93.0712259663731,25.725135267545195,0.5463277039596961,37.374083216977695,2.3022166247790032,1
75.26453800295532,19.303430510075543,7.19914024414118,43.495926257675386,0.22641085811470266,0
89.7635776935622,23.502796244486003,4.802564832354411,43.912083524877254,1.2292782836136227,0
90.05470159166627,23.68498845502144,4.273946179197336,34.31102834365765,2.0203176831399223,1
95.6020990749888,29.222330863242092,6.948625878583451,38.695053328059956,0.025160928764467527,0
112.59660038911078,21.146756398879155,4.294844882845225,36.23539065448833,0.2287268723305833,0
88.92415967178766,22.952219974302583,4.439142712282154,43.99976214858071,0.19140740718380833,0
79.91036374292501,14.655721579914948,4.263450576130303,37.643984801100494,0.9390238446304723,0
84.74425687808005,30.93905117249431,5.127268650886238,51.00461908785684,1.9457695581778394,0
67.30924095110882,19.718127027919714,3.015117232157475,41.08948694948526,11.025513055264447,1
78.05286868910942,25.3076434569567,3.571425385273335,45.90998227111611,0.5862708575912119,0
80.90717561886896,23.594368681112545,5.620669256914892,34.92694586598317,0.29227134544714206,0
79.75911602065408,23.60799613286664,4.554745903115764,40.05861074542933,1.0714755695684066,0
86.52354872033722,27.2394479394835,3.7715121717957487,43.08086549185112,0.3155906364803857,0
76.775800676178,30.68504984121454,1.1989552179385754,34.833498790891,0.049701562523531626,1
96.21030667324472,25.005974679767967,6.996100569073191,40.10171355905289,1.660038277277237,0
85.00207064918197,26.620312070522104,2.6770917800984586,45.25929516100268,4.233414953393956,1
84.90699678861385,25.315566146908164,5.974474476838514,38.36274996038257,3.9444070929185044,1
81.72105283487082,28.070125695722506,4.351507303376171,35.74123747713688,0.21247418351812442,0
86.55190683858979,22.148334482054693,1.4130989545402595,49.01479727736259,0.31910998272326396,1
93.25098264667635,28.301562217665655,6.50455095506123,34.14127349176851,1.3510899965376821,0
76.32869784289099,28.441999462589536,4.509081292799079,40.779453141907936,0.9168348826327232,0
78.41883510924744,28.33014803473164,6.670690713474086,36.45861830831597,2.4285483148662257,1
81.96273971223336,21.359408530654097,3.6351825985281625,35.31582880571224,1.3661600505349787,0
71.54129076526785,23.326649463051236,5.408102459934109,43.70828541351629,0.040646610172800884,1
76.80742140278502,24.95786795512174,0.47494577730997234,38.97232044168731,0.6697267622295656,1
80.23779126455341,18.516631820683976,2.9995682728124855,42.02943232709849,4.635232406323659,1
93.74389180712727,30.379680832344057,1.4540133355374567,28.72427139437403,1.4328677540121895,1
87.62561329001925,23.950893865991297,3.2504322999232165,42.5155989098103,3.198467818637308,1
86.93589911367545,25.135711550418886,4.94362347901229,36.39702044091833,1.029319593901835,0
93.50897962167971,21.69198224109119,2.7908398246917088,30.605740244208658,2.259980833449108,1
83.62628211600604,18.69248976253191,5.727684187277563,49.42369777393588,0.37025871131760674,0
88.9046484992889,21.583880458100914,2.2867747128999776,43.005067632473136,2.66765634057355,1
83.96778247067503,24.876816750534353,5.7704732272999575,41.13638706339799,3.0889962537853646,1
87.65362349399628,26.693715251014773,6.619514331748072,46.24709424869933,0.18892964449454405,0
79.17241342388418,24.64716616241088,6.027052270181971,41.23784640694268,0.404993205853305,0
60.611828417235714,25.3868960649678,3.3116218963404545,36.00692994928197,1.2431020225909342,1
83.65720837813696,22.651894501274494,-0.2509071958882858,39.12516194758811,2.0291125993189723,1
99.2274813609994,25.98499426498171,5.1643339934746955,36.60816893403974,2.029413800703992,1
94.26215402241593,29.93133146554363,3.749530570569392,37.498235535876454,2.2064637686305906,1
94.6539748459117,26.819157769755947,2.0432141197452935,33.71148167070379,2.506432871590147,1
97.36130721806218,27.23816755301176,2.8874418702591793,35.1498971209984,1.409494960118418,0
85.88657590961438,25.176065597226525,6.868850632889603,44.47292766334338,1.7106522851246309,1
86.97315707405596,17.98737972160159,1.725319598779691,41.66037719401624,0.016883329217977135,1
78.8234810456565,19.821333877475027,4.936618351242424,37.484934737342456,0.3644848126742364,0
81.8392714397295,25.819503202655373,4.435916351274807,34.859840677684325,1.3805587616424004,0
91.15771149771142,23.956243792159658,3.2852246706735357,37.973015105960336,2.7376403208583473,1
97.03884437168816,25.759371545891312,5.289065374626094,31.580750985164656,3.3101774692421633,1
83.60553724319,30.705693671376295,7.264490517797731,40.63315299712176,2.6108574027696223,1
80.49810735148588,26.904143996917334,3.4080569922276034,44.72735740996282,1.33263165793407,0
85.00527958856597,29.035544822971286,3.5136381038457976,51.83486330029511,0.6605600300884233,0
91.01206748929116,24.37872555788292,5.2441298099804,34.48370638717941,1.1765517459591979,1
70.56145183866458,20.771137290062242,5.836485642870003,44.519012229753045,0.018676730426596802,1
62.03819046862762,23.768535363142636,3.7445855857027297,36.463942771510624,1.8224046800109275,1
79.49463150508416,20.78099274512345,3.3892525278127033,34.35771854974494,0.1549868785472546,0
72.79287574085842,30.233179827089792,-0.43529304143952086,34.355509355720116,0.3142203309479206,1
79.9185980235269,27.161564306141877,2.443982175266893,40.70367863213483,1.9668739427233677,0
83.52219681182528,26.08204998651312,1.721376655864899,35.346031881533655,0.026877133498706324,1
80.46751590976987,28.943772808912414,5.369249992623782,36.96577114353258,1.7045453171097587,0
99.52467534470745,15.919774341907099,3.512194102798316,37.79799334631369,2.0343231674577553,1
88.2674476460232,26.352551805370638,3.4339567889221434,36.300160800505445,3.1049341600323053,1
88.00474359610828,18.75741686278251,3.9818874727540376,35.93707723650427,0.1409104403173621,0
91.22207144043402,23.970977206137356,2.2596470597492004,27.854201187407625,0.005871938278076091,0
73.61166882219231,22.753169630131143,7.106494373377508,40.434766450559344,2.9122142280629095,1
95.39111787420269,26.64694644838779,6.596387823393222,40.33835744779226,0.6851323960445547,0
84.2423571346454,24.912749155843823,7.236213566095376,36.01327575132244,4.3643704621845245,1
91.70480617241212,29.380468694447153,5.366834462477783,41.80192135194186,0.40905726333496206,0
74.28142766959844,21.592411356269544,3.9410437699561256,46.98453766032843,1.7613923790847499,1
69.46241233983936,26.836457558533134,7.22945860601377,40.11789916417142,0.23174147532534856,1
93.17889658025028,24.64889286759533,2.638066328174041,46.651288895781136,1.0306385716658923,0
88.76409526097517,17.45883891971379,2.257582041933975,51.1906596021356,4.275233047103098,1
75.9794844564249,20.325534165907868,2.796976970460282,52.652623445601364,1.8747606668262988,0
76.30336918725305,23.400487865911327,5.045742533828597,34.058819567449994,2.3398967508950728,1
96.2543478441477,28.44916979956691,2.475789613224655,34.08468496790665,0.5122901466318346,0
73.10588107132672,25.854892230228458,3.689254023564003,37.777850016371445,5.121440554849049,1
101.42672953255963,19.329996704477143,0.7962894122304474,40.643576006299206,1.9535811872947044,1
75.99379265352131,23.43873508781136,4.962195330856488,47.9332599992179,0.22384283659615556,0
91.38391925608383,32.07122579517212,0.9657932656337818,43.136206105454775,0.03134890547893381,1
81.71381524251015,24.444893339363432,2.1356778902692763,33.9835643516375,0.03210128329952088,0
91.03187431082343,22.690697699710416,6.434334269793288,36.94171295762836,0.10513935874787131,0
79.55885997885807,25.966958563024882,6.36063663397222,39.789998960172426,4.852125525802126,1
83.37207093927705,27.05357231832788,4.748626179092995,32.55420010927252,0.8875141419368636,0
85.40919175395722,22.175326610079765,4.551327163470461,40.068342287704574,0.7083063312931616,0
74.97812544218527,26.01029909748575,2.9380807056914815,34.05782204470377,1.0775783816291784,1
92.40824345420125,22.68444201331676,2.4541926725155974,31.746394332213143,1.0538137406646055,0
79.86786433528415,26.877310407317754,3.2755166044852406,35.26507360265193,0.5449125526747094,0
82.71400084659982,24.678772631885135,0.9726916510753645,42.05510527446168,0.19264300312254107,1
75.05650625391488,25.927871308211568,4.5048971099073265,42.0205785549326,0.22998370268329518,0
59.376663412046895,20.963265815329983,4.097662249616819,40.4832695834372,1.8285290631460354,1
83.08972237399831,20.714854463708562,2.1331574665794664,44.95806830270439,1.0111291469183636,1
109.12615421612915,27.78198921863758,7.137363837682715,44.427916171067174,4.654890891586511,1
92.84604287898024,23.682414474458025,5.213827420574097,41.02190671035139,1.2462600534792392,0
84.80739620265605,25.140138968397444,5.383683608017713,40.331909250128525,1.4003096565761624,0
82.37109170791733,22.774418291653923,3.0253201479216694,40.64773352610048,5.268994959396148,1
85.22465892812046,27.594907096054577,3.997339843947353,39.26177410031459,1.3928681107999714,0
90.4711911517521,21.56876007988137,5.2547453403748445,29.12828636686162,1.3942380259246705,0
73.19187184691155,23.45759504039647,4.3055647342004715,45.6774242240991,0.9024830243603044,1
96.14321694668872,27.143971250812527,7.203801569539744,41.987614159468386,2.4785911473436864,1
92.15381315441245,28.691870796657064,3.5924248611664975,33.9183627708647,0.9959098426765146,0
92.18185725707934,21.904962835893265,2.9908789355277787,47.139083096362185,1.775028405036601,0
89.38475738809727,31.83873592782353,5.268505752942852,37.050100658936145,1.1862248808238447,0
85.1961665769399,25.252966774774464,1.4707054554269758,39.46115498670689,1.5047112703343977,0
91.7286123596682,19.828286952765048,5.848593864616224,45.11787797784127,3.509242991116899,1
90.91814133741379,25.476208194359874,1.3985763988160342,41.10069679194795,1.0679599963573516,1
81.45959289058976,22.46800314206617,5.277169332117101,46.676879209579496,0.5229316320375088,1
79.26398227103098,25.73627394873271,2.703452891654675,38.23949250478605,1.6894310470724774,0
86.01856295261987,23.828575009358648,4.953168293966787,48.455866056401675,5.545459657721883,1
100.49020151495188,24.29709476076058,5.814685892122035,36.11098550083739,2.3631967831535623,1
72.60892924346099,20.353626493655415,4.306842391007837,46.588111646548086,0.7373887601786803,1
70.3247473424756,27.96024492286544,1.6007580967186401,28.674453905503015,6.593341345690922,1
86.64760841236517,19.375490531395872,2.206449510985696,34.49903974332925,0.8392809141214211,0
85.50887701856018,19.56494041838002,2.5426817179324352,41.489830692446596,8.17919455513453,1
86.73341664370409,25.469441396589946,0.20998621280445207,37.99777286928446,0.42636101696601375,1
87.439531979085,30.41137698871188,6.254955717463858,39.626256900487185,15.91249566426308,1
82.76797745365195,22.589627611742372,4.220215171512658,40.208254600803556,0.15788220412969176,0
99.89863438602082,26.803889290815864,1.7289639096220104,34.04548695936472,2.4982184750938035,1
68.99096021523485,28.29336070745418,6.911349714916714,34.42035192563716,2.6975469995298282,1
76.71502975219754,27.258737749176277,2.5973437997236735,41.160610244042104,2.276212124858402,1
83.96745239850952,22.755166843305275,4.501144978149743,36.6683352408911,3.0066162942657586,1
68.56811188845833,19.635813131223703,2.3494589096075966,46.70516929480584,1.2766852938490976,1
83.24145595567929,15.16980973731458,-0.03652030665805572,39.04026422283608,0.11126633622192117,1
101.61470165728018,22.948638002150428,1.2711188822974786,43.59375621553415,0.8855655397575193,1
85.20886488295962,28.712349474248697,3.1030191382671375,42.21425834653554,2.056202324947523,1
87.30700905718683,19.503336060952265,5.796593742412096,36.99419471413657,2.078312966413794,0
72.3983523482742,26.800839390075062,4.69306629363849,30.098356065238136,0.4343076320788748,1
78.83638591960522,20.199389879792513,4.280410252342491,45.92470683810524,0.5833941269972288,0
81.24803619676064,24.424290305547352,-0.020055245489763784,35.10545461651429,1.3337823633703345,1
81.82284903243766,26.83116645662007,6.54017229536019,37.98120972260628,2.6084006086028095,1
97.81643795003768,21.362018252646287,4.447359392991112,39.24578779216713,3.83190037111765,1
90.57691060725125,24.681938722787656,3.76116466021568,39.744942159481596,0.18091063318437875,0
73.88542043062968,22.339634653098685,6.264846219977791,44.80979331269509,5.19713411348616,0
87.46504778432005,26.820594635752705,6.494993447136547,40.02912028961639,5.254738357201488,1
89.98221748496785,24.94126867393855,6.309180495218382,39.363229548703345,0.015930763375639236,0
96.40149038521267,24.226030697717068,3.5058270065934245,45.092279782725065,1.4120984124909364,0
100.80540686568374,30.233399840567913,1.9930468784316089,43.00326185943393,1.7693141092986793,1
74.84905808172131,26.64922456947321,5.977845834284146,36.32214777009673,1.6135879954040446,1
76.89142488789662,21.238592535494845,1.269891113859166,34.26422311260583,1.9130365225403156,1
72.42422141085383,23.656544396808954,7.894513477328564,35.8815011240004,1.3997446146856152,1
82.65980140893019,23.69640485968136,4.055999090389125,39.75390124905893,0.6957331712660428,0
89.66358374446335,24.321278290500846,1.8782314886008318,33.76973112414789,0.2011979311710672,1
94.87334516589102,34.09803710642998,1.5362628916867793,40.45376523581234,0.4673461114483649,1
84.24048976357477,25.483407570843987,1.4447903518878809,39.354008451048294,2.696110673084073,1
81.80152476745155,15.856389719580896,4.280725813441686,27.287404838447188,0.5516743847012736,0
86.5175799224874,21.82880411313214,3.987215359880426,32.969124068663525,3.5405087677283484,1
76.64857098369977,16.270511650016765,1.528155652981614,25.571248781579232,1.0333130710927174,1
105.89538721694774,22.68080697181664,3.287088426888196,38.28048469477845,1.0704957167254991,1
68.92338972881942,16.050759081094284,1.2641292278173153,45.370068226730005,4.057477709298318,1
86.84740578895725,20.513638115726287,5.178603611888345,30.54671022285998,0.48233204017121595,0
105.2360621922964,17.91711388146352,3.8908134677745725,33.388565901033175,0.42050212723883323,0
85.06799844559998,25.53664071186991,3.2431949881651043,39.18131066363409,8.454345162646202,1
83.09960964998506,24.002157450515515,1.4237785398649456,34.68123485573286,1.5556873082314984,1
81.42554577189573,25.211849229994925,3.399688799554469,34.65663616466604,0.4227281650888148,0
83.19608318237592,23.581794445725894,3.1705442373073462,42.7079705308658,0.362575774536452,0
98.7284847467653,18.42280899918233,4.635453402419193,37.52552277713539,3.956153555124672,1
62.88138088670493,26.05408547701894,4.3340359562339215,32.56637556301009,1.8318114476858764,1
100.33433701296326,31.688898241077812,5.584120204158684,29.561420549714498,0.24442172017115818,0
70.76042847549854,25.636850314426187,3.030846912989875,51.042038850318654,4.359108830544315,1
82.33347670765585,22.296301602729734,0.27917699560701115,45.64154527281335,1.173632292465747,1
80.70755579701338,18.28773129557822,5.98218575319608,37.74183326968992,9.085756898410885,1
90.88553269770719,20.367732116960138,2.127934973903639,40.439290058319685,0.661903920366295,0
69.01875648116253,25.812158626288237,1.786165893969489,37.55734468951506,1.5050184332015941,1
89.62172666081943,28.2924721071975,3.913766909772496,42.55228365395625,0.3801436995083426,0
105.24309623286852,25.043464698887902,4.604541025909033,35.72892816141059,1.158587189967207,0
71.3682599540719,27.199549158823935,2.938327188570635,37.28413391761588,0.38847465451618185,1
86.89706167610396,26.83071297610897,2.922614637063746,42.277004200972485,0.7341175871641039,0
78.3801782220339,26.02613756554367,3.21794736446889,47.269295522232035,0.6290536819129853,0
89.25887206193036,21.366105618954975,6.833080701986287,43.707075473310525,0.6656209085938666,0
85.19147777415752,24.69569404790061,3.9946438248837355,46.16956938795464,7.001569944946763,1
78.58513090955691,20.60648878447145,2.064074321076408,38.4379133124441,0.07841011699105303,0
89.87872284871074,24.069715811832406,2.0844332861940655,36.88494796311528,1.373779698602844,0
103.04348109786743,25.32345412426765,3.4982316408352614,30.30809430459038,1.9844319622832516,0
83.09096208272702,30.71513522954742,4.475715868056015,40.36099178670642,2.1621030180711878,1
92.19757942148182,18.76107210252947,4.967960323932381,41.8952351567822,2.809288902882884,1
72.06727042128836,25.92603052396522,4.248317207694431,38.49997302136397,2.862294004138624,0
75.43563623181991,29.92494636649438,2.3162532981658224,36.11649336950133,6.224666226177532,0
89.72406277880377,27.035391063355185,3.1521174008784345,46.21701719921566,2.818454274013718,0
99.84116028535965,27.331781771300165,5.467815763729249,43.159021385983266,3.4710144222756556,1
88.5561334878566,26.35077960747125,1.707816079093809,46.56412725259506,1.519922348990938,1
81.86941969476845,29.19333795910167,3.068493213845075,35.23210452491898,2.143979725502441,1
84.99291405423354,19.65008732755053,5.194925715762706,36.45882936725988,1.3006517486084683,0
72.49592266030282,18.456293336119014,5.7505628532703525,46.01588621625798,0.6470801681282787,1
91.04515326355367,23.974663438138975,3.614169257817234,39.763264601221046,0.7519575110482796,0
93.82333062323409,15.35535158571316,3.177586378858368,37.15447944160723,0.8942397215041791,0
80.4790966716692,28.922583216712045,1.3557641171125199,37.5024248811858,0.8329813777639765,1
80.29957852240499,28.882860781981766,5.0512798454541885,39.94459736932848,1.5235419371342078,0
87.65878229652049,22.266597779661897,6.6375593702935785,45.014759079177054,0.5690586958470395,1
80.63280263959405,22.51691761335796,9.130308117199384,39.19743573954206,1.453995867872816,1
84.33867385374178,23.710610099397314,4.772892367036093,43.952664150888886,4.959630732649763,0
105.99721789166516,24.20808260175848,3.8982406967120378,42.33688888423024,1.0416301346036303,0
82.52974299254004,24.50869567677714,2.160378773698185,35.60830479909513,0.5037190336732998,0
81.41659847978778,26.23292842751321,0.2422861725137011,35.604353160064385,0.851914987113532,0
78.52458194364841,23.30949458796609,4.353918499479667,37.74866704034261,4.189310076636739,1
92.44191971499937,27.772773213911176,8.700678240308605,33.31581172668866,5.684235134801524,1
83.18775826781896,25.783791108501212,6.541624459313826,37.42930572100303,4.355200870200889,1
78.50626961678574,21.57214621650946,6.2331285382275965,47.567167083656926,0.6775230218152256,0
98.21304032273012,29.340450671216388,4.491205634115831,39.84304832086315,0.9815411993655919,0
99.19603004513637,18.566972055510053,4.719046320560644,36.167736669562736,7.372471865297512,1
78.99576434261294,23.631336756714095,-0.8474946365559548,49.57872325910239,0.7826875029155238,1
66.33460048639384,27.86766960430187,5.525021161527994,35.34691340136898,0.29667494930780874,1
95.07513689836922,21.107707580351423,2.841318860848369,35.19058516597306,0.6628338446354849,0
78.15370174239996,25.238222587068606,2.596545306808226,46.147428409033495,6.647224483961891,1
92.90625599162769,26.173358387996192,3.3534860939027853,43.3065902980016,1.075282098346905,0
65.29896182288164,20.557904528075042,3.28599102109797,39.34970573736807,5.432626691987961,1
93.92597338299309,23.71008912162386,2.5647288160566752,44.15954449994581,0.21981325479044403,1
72.8882807071922,23.373984679163158,4.027744144351952,41.50300000614583,2.905343359844445,1
92.30764119066525,21.79304859267083,2.883444807583894,34.06903792130587,0.19598301672850962,1
85.14273067836434,33.2066994082031,4.200645911512292,28.01207646492847,0.4400361930217856,0
75.46060580603356,20.947574586218096,1.025644370899934,37.16327424146355,1.9147580306981467,1
80.9296368707322,28.01972117627153,3.571884458735965,45.424624179491396,1.1400127336812504,0
91.86318456956701,22.42879593247543,1.8074088206274976,37.85764955826692,2.1972700949171764,1
86.05894453115235,19.653455244458872,2.717101363004268,42.30048599174622,7.254161268566187,1
90.84412980472484,24.411256972620276,4.286797686067061,40.92242724222534,0.10830787314280649,0
104.76440584515485,26.596373537550004,0.7920047704900841,31.532498526928002,0.42546257501640516,1
69.35758388288949,27.682038300262715,2.3551852454557256,37.968021531468416,2.0445468962226463,1
101.17212574968624,30.249060442620276,5.137928769672668,41.79439665223289,4.536878512664438,1
86.04355937523214,35.780985159740396,1.173644316268398,36.06426872247817,3.195492158583601,1
76.01215951676872,25.00205681502239,7.5557342805576155,38.18730921486024,1.25315576650245,1
71.6968637426101,21.34763130469845,6.408815912261293,41.958735460485556,2.7367098788662334,1
83.10879609222967,25.811497307179565,3.010945831095442,40.3631499957149,0.4666341557560613,0
94.2165011192446,22.935148198374034,2.425580624429873,45.23454870462358,0.0276514560071147,1
83.72450879622465,27.70386451940892,4.403879806670964,41.918354565817395,1.6880175854624881,0
100.11154930247348,18.811342814537113,1.1050754859456808,35.22075000798991,3.355911839724277,1
70.48824309948441,33.473338169601746,-0.004285449664865659,37.61226643035232,1.1363570755585406,1
84.87911052153946,27.424192379102053,3.081329751894867,40.10148142113139,1.684449098270697,0
72.47606555586881,17.263983928815342,3.7319024669956176,46.69207538257021,1.096989889987499,1
88.63631882624968,21.16388439074011,4.18885444870706,37.63237184858847,1.4432492827965755,0
93.868873900973,27.264324176455755,2.770518767764231,31.33715598800986,4.314309169200246,1
80.79238206318946,28.705376224685818,6.547893458949895,42.20283451745594,1.3007122715068946,0
58.95786143372866,18.91104949107215,1.0097206830322332,36.222008758280005,0.015007337413526762,1
86.98948146796495,26.852103401731796,1.7234757300838024,33.57349340212516,3.2173628206794693,1
89.3673855173351,16.210640509352306,4.973271912289623,40.094015064129195,1.9231900000532733,0
89.04294754961698,23.642656538115816,1.6767052287257176,44.86433820904151,2.6215823712376127,1
97.35782191822155,28.448187368412825,1.5993590956053665,37.130597301694905,4.627033378342195,1
74.28946320350951,21.793937079588076,4.246709584414328,42.482869435913145,0.6743448248194792,1
91.8021610545045,17.972310803447947,1.892954759367937,43.40956831521216,1.3986118988733165,1
96.92507512477975,24.584859185510236,3.7338311441586254,43.95898246833315,1.8450379209014223,0
67.21412415993484,21.581124533458087,2.6002868806844868,36.338638451906995,0.8474348388875856,1
88.19651825918977,26.518233464263343,2.2766725932545206,34.39458971033307,3.742477651826795,1
79.95820168992329,20.458694271127758,-0.20461078268988064,35.07623447520702,2.3917856039495473,1
84.18477326898355,20.9094524413876,4.2791263056426745,43.954873360612346,2.6440686361053607,1
88.47676483538336,15.915990716495026,1.5056200157741424,43.33696577335406,3.3005955275980083,1
80.12771435886448,24.67977884420593,3.6635155929389605,35.214246996498325,0.5970389883066276,0
78.24291920838388,23.356380246893604,2.97579020330287,50.66322013171818,2.738023457121148,1
85.34152417488025,19.246461317039717,3.5869838826002334,34.618180167064175,2.972732081831985,1
74.12754061137197,24.775194855068367,3.7006492519734784,44.99732042350363,3.6952956197064766,1
74.14174871114815,28.108281202576556,4.387256501836527,47.598327196026055,1.3409633125014615,1
91.79373282956503,23.1377282263242,2.5444813970171145,40.54878802996682,1.4031234293006114,0
73.51205964841344,25.072667799287895,6.485392958546736,36.15138078209584,0.20667672340475715,1
91.66312500909211,25.09324499834066,0.30519987828884654,36.260609862758265,3.8227212573867613,1
89.6259129285395,19.18268069128416,3.5468177629455417,38.68954899818563,1.5249438801426916,0
67.74193271209404,32.226343282830385,5.672461952821735,45.40435389034017,1.8049468720024742,1
78.22435347664344,22.116600679510864,4.953545106005207,34.00062093650076,0.2589436453631014,0
96.94109403047372,26.624464807441083,2.050328846942806,30.806169837936125,1.8417149466972316,0
75.18834468860318,27.076861108916198,2.3835090140239523,41.81027495284652,0.08579068086585276,0
80.35595737690612,23.441619491536994,1.9864148813467923,42.908063756295405,5.133329588621607,1
89.62060893251896,26.427180100238537,5.198455261328778,49.83984723399634,3.9834104444204548,1
92.83390509282596,24.983276887265557,2.520152542968983,33.08840512366635,0.43213087978093084,0
82.48461113955504,18.329440971090378,4.5102461762469,39.325966940188806,1.8018225391260527,0
79.02489805308359,22.67090919499965,4.52860282815191,45.80918716060239,1.8461228049576341,0
99.22369861698508,21.54979639058375,8.736786936470743,40.60431083801366,3.253497922542988,1
102.3889966379758,22.153019834615492,4.626502519603407,39.02280405469238,2.8287323280652723,1
94.78858050781795,18.78398728865345,2.377711970499073,43.9495274846477,9.994416358283468,1
85.85318142565023,28.50573486698412,1.0796994758672018,37.00305517896701,0.864154205256971,1
76.91734278359074,30.407970618453653,3.448294570724509,44.25705420977074,0.26622285151499736,0
76.69555593443435,27.912011903993633,3.761828315145363,33.73218403904862,1.7041532139684503,0
90.22514105265758,29.082116896588573,-0.4213990547811113,32.40284148358552,2.8877763904010076,1
89.18398220888683,22.621460651967375,2.5722916794139734,38.63205990543835,0.673165871952114,0
99.01598592946429,21.454972660055855,4.5947050856551055,27.183551065517165,0.5389152799827134,0
91.50450092536138,20.885651812753153,2.93528865946765,40.42349818356452,3.2435736474904875,0
69.96919698240183,26.57625969182889,5.937247571411675,31.33719328647644,2.8025909686942816,1
95.51947617722918,24.9082522125766,0.8832871105589599,41.41210260283189,0.4547850502067754,1
75.01939372685587,23.6911131536063,5.353765640306434,40.927297190584724,4.069251543185852,1
81.16028728047648,29.180594176781373,5.827779483051906,39.660188069175916,0.28942601709740823,0
87.50200206251695,25.619765415261373,5.912992951683073,42.18204333769046,0.23136010381675265,0
104.95667489783965,20.64536944991766,0.8682872306912426,41.02098734307044,0.8649756186053869,1
116.09918556005361,21.27636468345722,4.629105591714769,38.53499698334364,4.3524792918617905,1
91.06723059136183,26.72797319701658,2.66249176295697,49.15503490238566,2.3777754413759222,1
83.16803381279612,28.16693141061839,1.1877151160341977,41.96655346776221,1.0041235525869008,1
90.3450564848055,26.206720929023877,3.1722645500525832,43.85954043655439,0.3421720412574483,0
93.87655425873837,31.587554991488325,2.1900440161983816,45.36539871986297,2.4998695323236952,1
81.79332374442808,30.540028662925675,5.841500936327739,43.34074689521045,1.8283220999563223,0
102.95211355912322,25.764143339403052,5.026126686027139,50.314164594624025,8.793535273751987,1
87.30070759191402,20.64567736207399,1.6951110637822646,40.83003442410598,2.9011065835105083,1
89.97743089091394,18.76004995307293,2.551557372338142,39.9651932708197,0.21544651259481412,0
91.65924252054461,22.45047301994114,3.238605148766753,36.752139560966924,2.605488370040409,1
89.21586610614456,27.01285378566463,3.8551897053642055,38.71863031720009,0.595322183357219,0
93.38940500469613,31.30658831724775,6.012756549607561,36.34387715474419,6.534856230873032,1
78.82746813453076,25.6697881376432,5.381564652961266,43.3860595650077,0.038923550433090745,0
79.4169824605397,28.674891176924945,4.10278393794968,35.43841876340681,0.544537842902427,0
73.99845767028305,23.01877005524879,3.4787023002101556,40.36896084949064,1.3822918748143262,1
89.39501230620226,26.4910765009102,0.4532919307850558,42.797734671511876,0.16473902615714306,1
92.78936503512114,27.29342731790869,6.583995252252112,40.751619432976106,0.8433805573738247,0
89.57772866151886,16.081622896589888,3.1058068042686857,35.52042562215036,1.3752647231808326,0
101.74492433347538,22.34624479049396,7.109680480852514,43.49472457002992,1.1845531687879143,0
84.94403981170953,27.79880153711148,4.392218584263671,39.57330145732026,1.2345409544608765,0
91.68741655592513,25.097873342546258,8.05056841724289,25.636438917767748,4.224310526861158,1
74.08299123860685,19.21393980739627,5.212643066732633,35.08324154708307,1.4075706249920004,1
81.12900297525599,14.279510497090575,1.1359607375582423,47.00566118201367,5.662024464642474,1
91.95537757565778,22.536877018791973,2.7711690394775754,47.42160920757342,0.3197077461035808,0
93.49102110743144,23.713657228424484,3.66173007865607,42.63055605032599,0.6577196146636994,0
82.06033052335818,20.464308200686617,2.252434225783352,43.92034488479165,2.137228186494964,1
84.28400748141934,24.57233974811198,3.2458783656359116,36.10853009371068,0.6657008359898121,0
69.82126253319191,26.02554698893158,1.2661216828357813,38.69927790630471,0.8532020200471403,1
81.42970799193391,26.682748682904933,4.011442562198245,46.17683300229819,4.625840595556708,1
93.90383163519786,14.576324300270711,4.47482389802188,42.12957621281037,1.546802912046547,0
90.75205016106567,18.742859608767517,1.9917811855877625,40.32474191943526,0.8149164539792334,1
90.00665721381209,22.78150940658106,7.880508586963824,39.06595728553491,2.998583732448801,1
85.49773687180961,26.288692524149855,4.127026522560918,45.87236000617354,0.14657147543960283,0
85.07063158628176,25.956936054200142,2.3665182677541763,45.61016076775073,1.6586790101654987,1
78.39678860526553,25.887479791506703,0.7409214000695656,43.24835875384381,0.2099872151682584,1
91.98828420202534,22.466328232124273,4.119885778794337,40.331375330412804,0.3892356185091451,0
89.20972944389389,22.689466250760155,3.479022934373294,38.21621757116606,0.12896068147777387,0
89.92018847992799,21.08668292631304,5.566081814572886,43.465068598423564,4.6391172391137445,1
79.7396515733242,27.072776512423392,3.7132594700560637,34.4904507751276,0.09881006973982369,0
63.46657080128756,20.318044849041687,1.612562435462546,35.527150762067286,1.453062344552075,1
95.97152711753695,27.40014558075828,7.341436592355162,32.744543196075306,0.5097261826474051,0
80.21162543991596,24.831412952550583,4.871249759014371,46.17614888996563,0.9676814717797589,0
76.37224235956879,23.819822086179386,3.4917825768032826,36.396666879353276,1.3610787270345308,0
91.93478911913994,21.373158400894134,4.329277062899476,42.02003893375812,1.195892709046416,0
81.07987360080871,18.577832555343495,4.948083913123316,39.37221239645236,2.757344485788503,1
95.59936384046622,21.40938897448782,1.1422867722131298,54.48769495060967,4.858187009304918,1
91.17005949576698,22.679972525500453,4.31538843992562,42.20952727017918,0.714127793669919,0
91.83569323200477,14.523902753674994,3.0997530534122166,30.68929620377328,0.04969326807205155,0
71.34044288799466,23.210579378661343,5.0145999712595035,45.87717878298292,4.487603120281406,1
97.11943985386401,27.697429472104023,2.519636150787443,38.06424518197158,7.706005523348759,1
87.61250531233856,26.26887162173549,2.790596289805835,38.99536099025473,1.1360310445779693,0
81.30722860753797,22.01517649703397,7.325742197128115,36.637438684949785,1.2168360286136182,0
86.43388467342251,24.18774519366091,6.461824181764273,40.97806259319231,0.31133458307121437,0
67.2376476710168,21.775341722312,-2.5911223599346167,40.91256568837411,1.2907091231503727,1
89.08652811480671,24.595042933342786,6.313523964928623,36.77261411175686,0.7229420994377456,0
74.70628491817928,30.160431294976128,3.852695947484486,37.45927739756786,10.362871264509646,1
71.47329714156466,27.873995210499505,2.5836358742019763,40.506430665441584,0.40876127230657316,1
69.7764081378211,26.08317722277101,1.9856505285846997,28.28634256744969,0.9515178609697899,1
96.12688374989925,22.028460350465128,2.1017647434400235,32.79251264748149,1.9168416527445697,0
78.70736606307212,26.999753571779355,2.6401281104831695,48.34996048049009,0.846617379752018,0
100.337277099165,17.252492194507788,1.745734832636313,41.63910472160121,1.2865191958424318,1
79.64198536947703,22.99058607203644,1.2908006778547154,37.375455066296105,7.2599862461657665,1
67.92642042407053,26.3348456792958,1.9192396983121784,31.519585842315823,1.4188432925759087,1
73.8347556005134,26.961684856191006,4.646787710131374,39.71841917526761,4.82302477909145,1
97.35811620006939,26.679537960862966,4.100180297141594,44.92596045890553,0.08807696697765605,0
83.44101822063332,25.17932275683878,5.1117129031037125,53.1960305232497,0.2552539308576164,0
79.51712703509399,23.21710008366447,3.8672603215798915,49.46028212497849,5.783162389051992,1
86.60018225852788,26.151903879305955,1.3866413387104166,35.565309899357324,0.27560927517569506,1
90.01782736167544,20.188555837654796,4.988881846987212,37.52100234307855,2.6677924395730224,1
96.1739881590246,20.621290946827,1.9906214422501702,32.64250384881664,1.1811941958916317,1
99.48499229892926,24.24693870584119,5.293228603977868,35.79172466688024,1.0442731346390872,0
81.40231354210914,24.69279057083499,1.6681599940860785,38.93578418437624,2.153037893397666,1
71.73952313917962,16.697539285741414,2.6250467471929495,38.16431501686928,2.6009734685918118,0
80.86534838876725,25.820585523798073,3.27721671886417,50.27283653289716,5.375591830629526,1
87.60280506582886,27.090913511677574,5.3488096021138976,33.42321528761892,0.5938102523740114,0
75.3624107378939,23.69085905013482,4.35199450425479,39.774527754060514,2.3951888964570527,1
75.42849085104957,33.49786513313597,4.040002644301849,29.68270118851678,0.8379696307739177,0
88.43787881549885,21.268259574739254,7.77133757011061,41.65445390243867,2.5289305626688514,1
84.5134764842955,22.55565134645252,0.326033677549709,33.291473296620254,0.30657306709933224,1
85.32796995411587,22.41973237549116,1.9232447145988978,45.513131541913964,1.2232912586530595,1
77.41504665299931,23.69524955483593,1.8376230439220174,38.54487053492354,0.4057745236714724,1
82.69599285794233,22.685100748134836,0.4586953801554512,32.99007865858553,0.8202907764222719,1
75.75766855731696,18.372757821580514,2.560960974227945,29.48649123221021,2.5149539763323236,1
93.90198411124787,21.8138068150541,5.3755383275934125,35.106812556951645,0.5314494175195852,0
95.35249334723753,23.609517216903697,2.816705202968497,41.19690445371419,2.309628297493308,1
66.53812137761906,28.91428832824799,3.3339940560273806,42.10756823578231,1.3701207106928515,1
75.7048913980759,32.80897309349165,0.554890344239436,37.50781009413363,0.19310232453381534,1
70.03470744909922,29.34189559140262,2.4069488496793054,44.628985217164846,0.9777848010165974,1
78.49976065593101,20.898483881309573,3.076602568824832,34.321285535524645,4.06826652865414,1
84.16562030209639,21.21676155749534,5.284800845094228,25.364700787457153,9.073322481667342,1
70.5035478030147,23.362685689962596,0.6501672041635578,41.4127682537125,0.9206487607756529,1
75.78140186874687,31.138235555414344,3.0899825085577235,46.45047906341692,0.11287560143340489,0
74.96042627918501,23.338303791272427,6.173636060137781,46.49666836828872,0.27895584632891524,1
87.07267329398944,18.689970037850276,3.109833428753472,33.500953796923326,3.1037386304925043,1
85.6934433703625,21.99529145218786,-0.23112282823735786,37.276534063392205,2.132989679615745,1
77.78262446662747,27.028224007277668,6.558351554696383,43.61910007870254,0.6709790371148004,0
86.76820872139398,26.759761107584346,5.469793885076665,36.864469460206145,0.9928547644710407,0
79.53319915412735,23.199133334033377,5.7387943501575815,40.52692430304247,3.3336069086355704,1
82.28344889673947,26.733658694240123,0.512432706509212,36.41780052094859,1.0658355597249831,1
101.73452090298537,14.907311189812672,7.024911451694429,34.553056212693136,2.8193160513619735,1
98.40461051790348,24.41531694013079,2.4534478297776046,35.51813174296621,0.6996985875132581,0
72.00418763072402,27.44274168547452,2.981122111559538,44.77862596475616,2.580600093287057,1
93.29732417879174,20.66854689938186,2.594445668015993,40.06891382315437,1.2562079852215673,0
93.11396554491591,20.65464585401485,5.893874363910414,46.359408192027786,1.5764736086828577,0
73.51736711247382,16.5342073889461,3.640403294989409,42.6021034747721,1.8262570356464907,1
93.1877764375486,30.359582379242777,4.963482065175252,48.03232615740471,1.1977648922672515,0
100.37931918412554,21.119384091913734,4.151802045768736,44.09034096479368,1.2552268834961031,0
73.77455193755586,24.964173111448446,3.809915992614159,43.79670415123352,0.61769870921591,1
75.82497178985736,26.415668165933496,2.106431872507607,39.39756050682159,8.504015743712001,1
95.17661466843502,30.048271796565814,7.624281174615531,55.04603288248325,4.724989881681296,1
87.71495310825648,23.38440890405746,1.0732127429895417,40.56349109947267,1.498939157831344,1
90.51476275239523,21.842280824886327,4.8245079480693684,30.1328831543706,0.07048644584865599,0
88.40589216400497,24.692270594282213,4.753313184214558,41.340167698069834,0.3688747171014132,0
88.90695920928144,29.13632110616915,6.3087125723048505,35.08853878381285,3.8474099968360607,1
71.73527871688917,23.319309874396865,6.776180064758556,45.08510760800807,5.341857796100266,1
95.47317706621448,20.180523673663693,3.7252228011664483,43.629083790904694,0.35178558230166906,0
96.69589992427774,17.83696876673855,5.060788611849506,39.04243175033674,2.652421419065872,1
82.70609255931973,19.114810461579097,7.529747420905019,35.56053493278419,1.9511438451195244,0
84.56523050186138,27.45756598962666,3.8696464661554955,40.73212863360402,0.7230446899708904,0
69.68892497444278,22.717502094772755,1.867133049869647,36.79383096071473,1.145726207571373,1
90.14254756017834,21.56991636031716,3.2310637746011572,43.939019963919186,2.2618748886594604,1
90.72057441714144,21.13613110726423,1.3907080027710657,42.78007857129023,0.21360291508288853,1
84.37808983000689,24.34018344080073,4.743633621989446,54.67983296246718,0.41907963604074117,0
96.24353359870503,23.042179624937663,6.1289124162812705,37.77442730674537,0.06776511530336224,0
81.6592276902006,22.90747142512299,3.757917015864923,38.48287185757678,4.649696688719751,1
90.646059258936,29.397295711242958,0.758079901092719,39.226121630316136,1.7061445517258766,1
74.80335661307885,30.152065127446534,6.043301670115355,39.44507232864459,1.4822705633325732,1
84.76447849125762,17.559913308364013,0.4474020768684426,45.1353946898074,2.4499887046006017,1
83.25645742097164,25.31037092457183,0.9080904441539177,38.61827177468934,8.904936599248114,1
87.25307922040942,20.89255160551443,3.6433232250105623,49.861908580717476,0.37805749181399534,0
81.30473071166641,23.006995544555625,4.503570491350998,42.911375548628506,0.28567718113482116,0
83.68527404328333,25.237113540506776,4.844494997516708,37.57131976005988,0.6985217492853399,0
93.26047171441506,23.149120332276322,3.8677208959070533,36.29377157509664,4.685651175112179,1
80.63235762761782,24.92183952251053,7.5200875302697145,45.204360967042284,1.0602228481794114,0
68.93422899261321,26.69188082412767,4.130336682166404,40.14260075943405,3.1548783352217256,1
102.4958390420542,25.178307202161278,6.0693362035058716,40.04530026878378,0.45362093214067933,0
98.81454078690487,21.412654783329508,5.5739091281893955,37.00759886787941,1.3608783107331253,0
72.07737304894381,21.483201572118706,1.4142525355909408,39.69277159539746,0.27271771890873014,1
91.89707805245195,18.24117881352786,3.660539025428957,36.80522574598614,1.0651147814165987,0
79.97025229448657,20.58431880991713,8.246641026562038,46.80855728112999,0.6083871926138851,1
87.6348721533106,31.848273447594114,2.9912982921194855,43.58530076127699,1.5944907458827582,0
87.94224129013493,20.831985703619022,2.6507589512866185,39.12615580349613,3.0319517248782857,1
82.65592199683678,19.22648475022472,4.341151162954045,39.05265958473635,5.5732250789375,1
77.16234334413603,25.279711447379093,3.062960141479896,40.46087084119608,0.6677111137730046,0
78.0945894768374,23.55854096283256,2.412590840995523,39.97229880563933,2.7183835201862556,1
75.83808084518758,23.2176270526031,3.0334332114048266,35.21531910345416,4.335974440958407,1
76.68177791769556,29.63618386564836,6.864019342737251,30.49612935807509,0.26672424716056836,0
84.32821709950645,26.19650670223346,3.726762617044855,36.01149666779486,1.7634512366505906,0
77.84240010889248,21.8800282731861,1.343849934490576,39.357412546674844,1.892707811861684,1
91.8205206571262,22.30209632963288,0.9765069238236714,36.310834011412545,0.6359667148554274,1
99.87246155335927,21.98965394437726,8.413609864108938,44.096690151977846,0.04554376394881074,1
79.19946758629958,27.49895848632103,3.5533312611317953,38.85423432049623,0.5933190226318719,0
87.39404500535377,22.76740948218745,4.869157001930836,49.3678678751431,1.757674925042708,0
89.99685110302934,16.827385990183398,2.4572455473207815,37.192528708854255,0.4374135975795273,0
89.72002270919275,23.806721285062622,4.641971938542832,40.703583993507785,0.6775161973314244,0
85.75955267916088,17.851895995488285,6.918659303203064,38.55569121915108,2.461471928665577,1
92.42682418359722,32.736922407019605,2.69547363251249,42.198890288674114,1.0160444192479714,0
89.82248952680658,20.137328344611078,4.917173559897165,45.32875564498522,0.13532762497725837,0
72.62337577672702,23.352540938569078,1.188507448219224,43.04140479463548,1.018872792446411,1
93.69156064389273,25.03281093880455,8.045732236733585,29.846018652669706,16.74588158260171,1
93.87290837266742,22.84536735728308,4.537071860489149,42.49930805236434,0.6050542035663414,0
77.36713895821418,22.83987839413523,3.1744123112954163,34.94560928859481,0.6164677179798628,0
85.37937835447602,25.687309144643507,3.4042517534276726,38.45115410791861,0.3723854754932502,0
91.83328992811069,30.104863835185114,2.979923650971329,43.446645934186684,0.6339125082225124,0
82.90686180420639,27.07003632726919,3.0821896717530137,34.4011954579248,1.7101716318137143,0
95.72978047766011,29.91405551429417,-0.8949902846993201,45.77974003742525,6.682207374302356,1
108.6387249461936,19.813523567625992,3.804068535806489,38.233070502243834,1.8714327490659424,0
77.14013967365018,25.269450533021445,3.7202426387885756,50.854686864590576,1.0547489145349858,0
71.18955396846225,24.620984208233118,4.977323074520954,40.34338912896881,0.9873917880636975,1
88.03818595604876,25.40436516670694,2.953712507116947,48.52671371325885,0.04904831701245958,0
92.21562505126144,29.50492788254229,2.457927371717955,45.988396122667545,0.005091078675647846,0
82.69133626155231,23.116843400831783,3.98445011109405,36.94447458972751,3.191006376287565,1
99.53260663321035,22.37798653378365,0.7752637638190323,33.49154636183239,1.3473192548662996,1
71.61394200276752,26.135923189674656,4.286846375069168,40.56813680618773,0.06754673295557148,1
91.9291862303161,16.88718908973661,0.2763614809565582,37.086784407389125,0.6738203904351784,1
78.94139179241107,23.052591803511287,6.241637297661592,47.89859390043503,0.8822318794492826,0
102.19377906207296,23.463209242858188,5.36853991132155,38.76570414163689,3.0583802052882456,1
104.92515353168119,20.318565534772297,2.1476282471519736,38.49798020740613,1.139689310962549,0
77.33343412216652,28.228236045426307,5.322276026676073,33.02050769631491,3.1146415758244563,0
79.5044286409142,19.751038730626863,4.223028448507763,42.096085065398846,2.00879114496618,1
93.59587886979801,23.456507806544813,1.9819795378302802,34.12888859026584,0.06739529613659313,1
81.12869350210485,25.172628901291873,-0.045752314458178844,42.21218456440357,6.927552708397208,1
84.54588782067762,29.413806245904475,4.632871366852904,42.900458632490015,0.400400146539545,0
85.2538842054241,23.957774260476587,2.4114363057299304,36.251624440128175,0.6448771147039541,0
65.80326843802344,27.744614376512843,6.189939139392159,44.78289965508856,3.3140449067926068,1
84.86162253905762,26.80238158910851,4.0280674677637025,38.625622803543806,0.42104670439599995,0
78.10272225935826,24.49383022467657,2.600834607005366,32.6437815204789,1.0252804840715364,0
80.06877177600228,19.64194636690618,7.595677466180943,47.72643670156846,4.004830903886208,1
99.43632003468814,18.261676556382604,5.152892985206011,35.3826471296284,2.0282055966861763,1
72.43493105720744,24.426021605676745,-3.3101730302082117,42.535352706332404,0.7193033098612958,1
93.13205186747977,21.829212504389545,3.0272164624182674,42.12897237023622,2.0659284501834434,1
82.21037069668192,27.677044366725166,1.2318220159751534,41.945923369621724,3.3492810471279246,1
82.20239831504166,26.98342607239431,2.400404124559383,41.85930957965068,1.0346577234323184,0
92.90371896051711,23.2615560222518,3.710535202162928,35.14906181719999,1.6957445782349525,0
88.4005129456889,19.369148304234923,4.708097017175092,48.4567480075136,8.833680904326439,1
90.70612997219531,26.042942198429095,4.5227314842271475,44.7812457510032,6.679988756154179,1
94.68184660532862,19.9282022154594,6.155746153129604,42.375283656252,1.4227742916015012,0
81.68691616816677,20.96614430827654,5.2731967550173335,33.335118822421855,0.20216437600320233,0
78.8776326549225,20.082337047139383,5.14949385825101,35.10816062172283,2.412498044648018,1
74.14849473442202,23.445995912240186,4.402984646266549,43.28728313344582,0.625646389234282,1
76.74589470021044,28.680769336282246,6.573597705451803,29.981579441515915,2.2141455243618813,1
114.49094425308725,23.979836519105884,3.3674469136181653,41.693519299701855,0.8669749809890317,0
97.44679580736786,22.227125230289218,3.4193934625296185,33.3441160130719,2.5370826588101014,1
71.48925633791978,17.897540279819022,0.18885329405493945,35.659841112451936,0.9155891149237143,1
71.7754204325643,26.208498338919373,6.112328087620071,32.94466196166202,5.667066221257,1
89.81866061718492,20.87838157628549,3.846148488441691,41.23053207891151,0.29392320231506963,0
90.47264797377967,24.470070476632387,9.867211412342545,45.581807259171484,0.1417138665183562,1
90.48883835317365,22.583125536333437,3.188934616475084,41.740087619063424,3.0391861650570453,1
82.45044206446302,27.35270887839775,4.17715625883347,42.28916524461123,1.0260760056301685,0
83.745457399971,23.371054431885792,5.093009907216827,40.83979448077441,1.2531299607765307,0
88.27879524159357,23.764294581907794,1.7962000540225742,43.4134675543532,5.430671156839588,1
85.85893006293331,25.942988589821837,4.717095427758455,42.33542807125007,1.7828095342227699,0
62.80699627252465,32.42776072905274,4.069322864114371,26.424509030014093,2.1586233881093753,1
82.70200369424806,27.55378772143422,3.392623620646325,44.53153368830822,0.039315765415403485,0
76.48593565739687,23.645575574605562,6.345207917486013,44.0057598098045,2.2204453003641205,1
86.75211418908512,24.012791962461154,2.192502564178689,38.18843584670797,0.9831997110416646,0
114.85259002603411,21.90056215870226,4.549804226164444,30.128966361336538,1.233166742263383,0
88.67481665474304,20.20001718592122,6.909328582770092,41.21237012817203,3.301041954985558,1
81.86470313827603,21.788996851734712,2.586756488087403,41.633304020682495,1.4838077798416722,0
94.21801501977252,20.91140414515223,3.4062280346154017,37.79758258719578,8.66583449838214,1
89.82687887209212,26.61347353518354,8.690609126943656,40.933498621733456,3.187238665048218,1
89.20094490451841,19.715220568524057,4.9487821303121144,45.35920128985185,2.6082607815281666,1
91.06850593215671,29.332842245520176,2.987605046714765,51.98760859147583,1.7767999272603363,0
105.56543564829542,27.00818553447532,5.605249520156956,40.73451836457933,1.0634065116850897,0
73.69111564674084,24.082006917470675,2.863812896817948,41.66956840676621,0.10864276705238535,1
89.73632076811454,24.001274445860272,0.8701681516798581,35.881055624073035,0.03733819113047217,0
75.73618870018461,21.770874761541787,6.74472789053034,37.49303977011711,0.09577455348648217,0
90.55512646342248,25.080337645391054,1.7938814717379712,39.319786848142606,6.380401034866136,1
75.81313488513905,28.352369852834357,8.903425249994582,45.88859017695299,0.7807947421205598,0
80.82633186394915,21.187374150976744,3.021335249075589,44.09478878014029,2.412012957237858,1
82.04910085762094,17.86643164432508,8.266529363123711,49.646766720039814,1.8043546144546234,1
94.7581671934471,26.812873019426977,1.2626578629598844,32.54886912169896,1.6957120096177556,1
94.18454443942414,25.297463896975202,6.050987172532506,33.38132514675514,1.7313927918850156,0
72.54282623553615,19.519204794235282,4.9994525459693,45.510414676179664,0.7199201635443563,1
85.5493411099985,21.066434516343527,5.675492451110304,47.24430188157244,4.352478455315288,1
77.90420145250827,20.563582903799436,5.936045413352521,40.165640608354664,5.031710760333635,1
72.41495089324665,21.101870923863004,3.0045097154376563,17.671980682355613,2.0686051294745336,1
82.8298294957563,22.70526898383525,1.3823123159940032,36.28235419050626,3.989454175665346,1
81.9151721154418,22.93381078287701,3.8981645393215643,41.67746826074695,0.12371041831122218,0
109.26716486345522,21.39682537972616,4.446060515170268,35.50293506711134,0.21159066648049824,0
89.32959825360696,20.967344722000288,3.0563107576889905,40.92563078468858,1.637721167917116,0
71.22382499245762,23.084862624322472,4.555107940319724,49.492777244359885,3.7482011628002145,1
79.35225995829057,24.670766139438246,4.6592510623494805,47.13066409797501,0.7579270006367713,0
95.21383295429399,22.734813854540622,2.1799471069122682,44.04446122685069,1.588393630235492,0
105.88442772869925,28.634668093365207,4.789942563380931,39.677753605809215,0.020020938920759013,0
69.14016687762042,26.032350857683145,3.4655759526107084,37.52665971049804,8.629485589898366,1
66.20075614860954,17.636616572565217,2.600038199593258,43.78875657638737,2.9132694370787733,1
103.70965175371782,26.094911061655413,5.574750276447986,40.12697326250114,0.897013962340422,0
88.89614177370903,26.42217593034233,2.4460175766129115,40.29852219686185,8.150593928732649,1
76.31707268123634,22.261060127503235,3.0866648201905473,32.24392193559486,0.19396473071054557,0
90.34629086122435,18.019209650787378,4.144101700373311,36.42734808887054,1.2478981843131884,0
58.64252260983122,24.032267037644544,6.7486232413084775,43.75930233658407,0.12130822513125626,1
85.0337550659716,23.969165394071023,4.385568155448596,34.49466579625707,0.8158312808985853,0
88.27821172843085,19.51341505386722,5.056576664949335,41.32853549301229,0.49529307458611865,0
94.2427013953783,18.19512313496026,3.4047149280070075,42.0625179743207,0.7612060534577374,0
74.86104047707462,23.64978581418624,3.8430207512473182,42.35443907877009,5.890432572118949,0
85.8568716140336,23.06769123179671,3.9022455329608117,42.801321081788444,1.1143919246968221,0
75.74575373940412,22.330938538710427,4.58661247203405,43.13863026570033,0.785672807653697,0
87.55383755674318,23.666357061013755,3.40806485390348,36.88103453978735,2.0475981051159415,1
76.04653677636976,19.588894504718724,6.679999770952419,32.66172718169413,2.3000376488288965,1
80.91899160839779,22.260717548535542,3.253667522995716,35.63232293808325,8.241648097240006,1
75.04184605209771,26.133300122457392,0.5855177295892653,43.649605984524555,1.5795706815695145,1
91.51136241823657,22.600119678594844,9.485593208740038,33.99576703102153,2.793203753546958,1
93.58451116656666,17.312110112829792,3.3452626181124963,34.79694660057746,0.9630677572722387,0
82.65379430042586,22.109230889105714,6.626339574182695,34.76927999621163,0.37514900978421545,1
85.38237994960028,19.719366145972558,6.809581683919517,30.770127726283697,1.1236604791020501,0
70.51408585366455,25.068545185846922,5.890428624500764,34.264978169341006,1.0852375534629535,1
82.00323351993212,25.2753496135217,3.603945560805195,45.00198456661835,1.0915709590928087,0
84.49795382958256,17.364901499655875,4.573369639748686,36.416176736422194,2.377647990999934,1
111.20793091029975,27.036051882328756,1.4509795813901456,31.25530921722827,1.0415576905343118,1
73.88032974225837,19.551254794885764,7.980295547636552,37.44178072542709,6.165315499823895,1
99.64177238752437,30.236729161929404,2.2963880036346604,42.55273607946834,8.119849446336374,1
94.96858773465809,23.80489494199753,3.492198074518249,30.846136175581687,1.4819935779275828,0
87.80636404490136,19.01442600584335,4.197972974080502,44.76655154883006,1.6349008950602901,0
102.58620484195134,19.432055717229275,3.78512049032608,32.795095923204606,1.0472354287285868,0
88.72105472606863,25.39238116714938,2.686253435413212,38.02258180506657,0.878851335149777,0
88.89159195667929,22.43480044040649,6.788678104109376,37.95867445002192,8.443429166999403,1
84.46879346982455,23.613384361527437,5.900558566976559,37.19279946622237,0.08301293386468381,0
97.23568882418627,30.451120930788157,4.6440944086513865,39.675991507592386,1.0555578198998221,0
95.96469233810883,21.203023743083698,3.2008938880065,43.89280176988349,0.3281942005031901,0
78.74322712503788,24.239851430782828,6.128551743688941,39.79599209348395,2.59130114640789,1
71.80752805401232,29.679377949492213,3.071062734444869,36.97163169953369,0.4324492762076533,1
82.97019362604343,25.0820539018656,7.140783680675631,42.28674342380448,4.319494526765992,1
76.99961435602353,17.573589058567975,4.222441830966855,41.03631864311253,0.9383374799539145,0
84.36475425384644,26.02155604692855,6.4595630539454305,36.65248220036587,4.981416482562588,1
97.37438134684139,19.347988568866224,3.7723593476328334,40.21150711042183,8.619416423998022,1
80.4269834491321,29.627230114931862,4.143066364081889,36.238287483962054,2.9495641757693845,1
84.57176618688425,20.70852958000809,6.450842122917333,35.671306358015286,1.9518588159274066,1
85.58022734808395,35.87803803098266,8.38785030360889,44.029006070749524,0.3248064952069894,1
93.48430882205284,29.869503953310712,7.1207336350097625,42.23479403284578,5.407927208644802,1
62.53110666015395,20.813549721488087,5.7542692387557,43.851898176182736,2.999971470221197,1
78.93299705234703,24.080055220006443,5.178566865915193,43.17564250575755,0.6794833312200195,0
87.11283692279473,27.014577126533855,2.9861026194807483,35.56390370472974,1.2641114412938859,0
97.00078956426862,27.13464189690683,4.590459482210865,45.006409650333964,0.14012618631391896,0
80.08097552493795,25.76934503990479,2.1739016320065367,38.51196444859039,2.151747494359414,1
66.23447293958125,29.00863614786444,4.751564267369548,44.64608911633608,0.2676678337945567,1
91.19711445966136,23.508124213462523,4.880101321387147,39.37441695014352,2.108413645904598,1
78.6463761117437,22.533129325695867,0.07830971706361689,41.565815439396616,2.2267636141342604,1
73.1033334090964,22.612544048301558,4.077477218383414,41.71613964473509,0.7849863725249451,0
78.75654610286776,27.43349292788851,4.82974979817821,44.06600192642195,5.938674576220682,0
83.15474642344151,25.460724161210585,3.8325802857219555,31.827269394955643,3.018845870354036,1
78.95255335461788,25.165134662761027,4.716097677713141,32.11801143645286,1.3732714723328086,0
62.944339429009304,27.180936997028727,1.3165555132873719,43.35855432551088,5.016003086075039,1
93.97066196887133,15.79579036858458,2.4482713888794825,41.781812324966815,3.873708253178219,1
97.74875041278722,25.240275295500602,6.069876326327865,36.121781759056894,2.3567285446341297,1
91.51521991339506,24.87427555549486,4.001143331291554,41.821544545083704,0.3320272680034983,0
73.62314329575183,30.67523232520282,4.679757962629817,32.96019894948049,1.374624177816954,1
82.98508466052482,17.885648070945333,2.9069576785828426,56.32144755434505,3.9964291888254926,1
84.93478684770542,30.22874652950703,4.038988046553713,46.557856934139714,1.8775407673375513,0
90.9879438956191,24.301636515698664,-0.6040243602703974,43.111513387039366,1.5771650934580912,1
91.68340488718081,25.95595812264018,5.6920238768415325,40.378151853387436,6.2121749414876595,1
77.65826201221505,30.703675150437505,7.6158656779049405,36.90635977597351,0.03337302824076794,0
85.8199555641356,26.24304507202229,1.8699649015707185,33.449068803270634,0.024239061299465937,1
89.57280404615241,25.601473157850243,2.119335624980864,39.43088686255288,4.4665009357450485,1
99.55822322146767,24.969164743209273,4.881759796474965,35.70119682152438,0.07859883975361825,0
92.04506539824723,22.06608746002249,6.947758581013492,35.99279075673377,0.8085627590983064,0
92.89056687375519,23.88604350195843,3.9958053652341103,32.916216801127284,5.154714563331792,1
85.8382662792936,21.137948935509005,1.5413639583749918,41.24831525965553,2.349815910353025,1
99.10459145203504,23.82173240229807,3.5827655267242537,38.11503247088553,2.0891512848518548,1
89.09762795959497,14.656277211779614,1.9401358393764148,42.67535787412935,2.140039839491196,1
76.3891208982643,25.716158270270196,2.6623074142624468,42.28549396827394,0.7644045333777952,0
99.0336997012519,23.513050984865497,3.3919178016933667,41.147323150398314,1.5123170584921146,0
91.97903272539028,22.655185053332943,2.1413508235167455,53.29720129027091,1.9883589522406215,0
80.56955978871518,24.879032335760574,2.44418855165087,44.11852756782772,0.7297464181075258,0
80.20507032600757,18.26574430813824,4.149068000444487,33.697169946750506,3.1730441528426074,1
87.96575545140762,31.717079986485132,4.4300716242744596,42.29368223960735,0.77647381527691,0
89.63184795267584,23.588930154049603,1.1520393323580658,39.729906285157554,0.14824950597479672,1
86.97292265631206,23.41662226811124,4.792763445018674,33.292347145867666,0.4499268470153186,0
88.11308673442885,20.13841515946831,3.236132273737204,32.89183559961679,1.0498843177355501,0
101.9995737457638,24.095785529797045,5.440523047105218,42.266014586397844,4.773148732703302,1
95.71543152234887,29.54783956109312,5.56099504137572,43.487737674392825,1.0748926350526935,0
86.90635591265024,28.143664837728135,2.9109176380899027,34.76871400337737,0.18819020008853793,0
94.41310580767484,27.417751004562223,5.228295388075466,44.850835265973224,0.4374485778952767,0
74.67476096472461,26.185595806669085,2.3260879206023404,41.424571984076415,1.5725763692312256,1
88.97927049946809,22.565829889749562,6.64752412567058,45.9792957847126,0.39119297140869347,0
103.0930634973311,18.199347331853193,2.4017275982870707,45.44810199169621,0.13218262479831389,0
82.81954104607627,23.19584491253346,4.705499217251026,39.207815422985036,2.5093288078049425,1
76.52366071380915,23.056514141865293,3.62478171071144,48.177998650510474,3.0681729551452173,1
78.4791111140694,28.195177758684963,1.9662109715247977,34.37941954939767,3.8027009778632723,1
74.10366962657612,25.23756176983928,5.801831523570618,51.95147252475348,3.714954636395697,1
77.15238091872297,30.449246111614194,2.7717363822664183,35.606071597570526,0.9536845755277992,0
81.2949190140997,28.789954160152696,0.5998556700433872,39.7599863416116,2.6520547657842672,1
70.94432980821358,22.174017561983618,-1.76402672633606,37.164058506936186,1.7519242436176814,1
85.15618333949602,16.819483213520527,2.2499106111440588,38.1160450606013,0.04728314900708053,0
94.02277173786648,29.542300935765923,6.7518168385979465,54.617768312569815,1.0269853868324164,0
75.9224381985308,29.437540892922975,6.515476935007319,37.68639656294461,0.10865675801214535,0
100.19283923641768,18.535153636391094,2.562803195304936,44.25554186146461,0.17407233009980858,0
90.10792088527595,30.036960079310003,3.2510901705972413,38.822985443567916,0.11526341030579623,0
95.30580585624057,25.52846868237007,3.070173848887954,44.682752147938736,6.485647517407451,0
78.42165446147862,24.64274199250261,1.3331357091008629,37.27920240814504,3.7183770100116127,1
93.54525227066615,30.45913301698931,2.102336256753314,41.280660468295856,1.1564412504127874,0
74.08066099604687,29.37874069292246,5.96229903880157,43.14349150236371,0.5700311754072542,1
93.90247500836509,26.605323807980817,5.007775742758801,36.390942733317594,0.15041894382882234,0
86.71839339793532,25.892868263247934,4.546177717059778,53.78862962112795,1.1284396206298923,0
90.53251219984784,26.465577162121438,1.3297067766782829,43.404705216168985,1.8343466477757635,1
73.24405394375148,22.399770264469897,4.201406428067956,38.87014522741312,3.1901168207224133,1
76.04930157723395,23.779594201070715,-0.6076899389760433,36.51382741574654,0.10587557834615104,1
90.97228218253385,20.39073138162183,5.685605382521066,40.45861511813491,1.0821230371731947,0
75.51651995775799,22.667840897044325,4.517149801474283,33.92000994693265,7.532164351640518,1
89.63206292099123,22.533464485324266,1.3095350958003396,48.911476319249715,0.257304994286631,1
71.32862193539754,21.45877852151334,7.232851114980081,42.156268862005405,1.0226494792268124,1
93.48174212666669,24.54698601059385,0.40767068166283726,39.56006966294303,0.6433198709490814,1
72.67476685231492,22.70407659719769,5.060612364499205,45.22988927178356,0.28783163298857417,1
90.52299937679523,26.008938881407897,5.110343537957323,36.39242610957016,3.6520272615319316,1
91.25630933646,17.51071754682494,1.5206591212950387,34.220202067847815,2.3888055558753583,1
78.03228181570425,23.5465808235708,3.9242986183797663,39.349334641356315,1.0605486737936338,0
90.82026567084726,24.526206560709984,0.7263443156942739,40.637718247347955,0.9211121017569447,1
87.60442263333556,22.757483040652478,-1.6927486326536272,42.65293103296385,3.517602334379165,1
79.61158143807262,23.310429200763075,1.8642475461366828,32.618610417838866,0.19034483902124658,1
74.91445315923792,17.65901595708057,2.7667501154760066,37.71841584990384,0.31760059953880493,1
65.3737430832742,25.425908418677967,5.288512361621583,24.582676034157224,4.740657663377577,1
88.49650047299694,26.590423930268283,4.134816170121639,34.08825414546954,3.3987980426795135,1
69.35197228637945,25.974149176815068,4.1870909187722924,43.576307668502025,2.9822234936766088,0
85.95344199441308,28.15490823776873,1.97115675343283,44.80512904287367,1.9562042130705444,1
82.36551783917751,24.80611842313001,2.939977391917227,34.2899773234349,0.6918941069477091,0
91.79142775438196,25.914724722603747,2.140146780261678,38.37697725462812,5.460180780716932,1
81.97954500510136,24.624362953827408,1.5500519859403834,40.12803077563997,1.3540312796124514,1
81.70552213652908,26.750202878369976,2.812601146025486,45.39055069421055,0.6587297946615082,0
92.31870704288295,17.69108145547151,4.149024770192668,47.645474332584946,0.9100711641110202,0
88.35058029084118,20.425676128087957,2.8547229611515936,40.76541127611511,0.03396887525121364,0
88.16155957182778,30.347598628132364,3.352994661150054,38.696916722088844,0.5891691784152898,0
89.69267589808527,14.158256711615179,5.389829621822781,32.78153195649683,0.41640177380534826,0
69.64427876792894,23.439288280698623,2.998491162618593,40.5403461728053,0.291338992082814,1
92.56788679986983,28.689099838432274,1.332066738024217,50.37461250745133,0.06533564643614254,1
91.12468794013603,23.62695733783294,5.126907043202478,46.450962749686596,0.5146302187494098,0
74.83316871423503,22.37995571419721,4.531699297016569,40.87429148129453,0.21855573041447943,0
82.55919526325799,24.517686707261202,4.657318996344629,41.516889043500555,0.09238188440035494,0
84.6069271237237,22.587519279990214,5.2516773150714195,36.55741819273972,0.2954281497995778,0
83.65503215598267,24.123397971027757,4.91328305461589,38.21432185611739,0.45230455480590226,0
88.33859966568535,21.26647585391948,4.057457384942608,40.73799587792175,1.0755795728827664,0
99.31366781831184,28.434697679822897,8.782905325704185,40.753171701592215,1.752677525387922,1
95.81766727672829,29.693059684262643,1.4300625073960913,45.0537496645153,0.7780003908531888,1
71.87780806568594,23.46643871155351,2.827165443022883,44.81041466370648,0.3045767993463787,1
91.22069990306049,18.45404231723503,5.934668729356334,42.60283390105541,5.637644973963537,1
98.28933319535409,21.90462731874642,4.285172584191149,35.00426910900356,1.4466096184748733,0
88.86808520689203,23.264045359588142,5.515846068022477,35.19292339409098,2.7086639496684146,1
95.90980425185967,26.022155507612833,4.339512859073743,35.56054264857707,2.3711864387296173,1
105.12270445700764,19.967947107317286,6.748113102319962,41.17760144603331,0.6706567021731673,0
95.23709546106981,20.923350725431398,1.9849782887335086,29.868394726219293,1.6413335906915503,1
87.49308595641729,26.04270455143523,6.68491977881342,39.96862463767689,1.8434314202499074,0
95.45088474084753,27.75563532815823,6.341992986408533,47.04321358227068,0.8670842818422961,0
86.44887833096891,21.513623819317264,1.57942177153924,43.3341301734032,2.2219765048163147,1
85.23903043284956,18.667131784196016,5.2613308197753454,38.24636194527108,3.1277492450949236,0
81.48585764286267,37.136472805151534,3.913920135526821,36.5087229312511,0.9057756500494166,0
100.63413358832108,27.133216948354853,2.7868359617618723,44.02857642388341,0.030055448569750114,0
76.81571334057999,22.931984952931874,0.22276162056456084,41.530276830261364,0.8595236063834001,1
100.32367724678116,27.47612510212336,1.9783726577653664,38.767837737086296,0.24844254116780434,1
89.99864123740372,23.50217348114231,5.416224280369178,37.054845605469296,0.3382766119947313,0
71.00693825198059,27.468627556400744,5.627682538521114,40.38191494843637,0.9112532767180334,1
88.67649292991422,24.637572791104887,3.5785790388476566,38.48481618006506,0.4654311804381371,0
63.99973492348376,24.365087592670292,5.633970286286568,43.92189784958357,5.463322114651598,1
91.25508016831036,23.545672527076846,5.890520155788275,46.20584547989358,2.1157254262040843,1
93.8523148298899,18.21047466614764,4.309279917252694,33.16375086078642,1.4611339359957014,0
79.07644044347947,31.75237959757256,2.5553327522995914,33.8709021373558,0.01954386574038388,0
86.23547695955583,20.233864318929026,4.882108225631289,46.74028093824366,0.21877666228874734,0
104.54157433750287,18.55990569475762,4.973969415317726,40.829094713319776,3.1068510846266872,1
79.94253295738064,23.14856046897453,5.34788878070062,34.34174681605579,0.9877526988491248,0
74.410924129434,20.154112745957974,5.730806540004479,44.91625803330321,0.093121015253043,1
99.81663402462598,23.793148837758917,1.2756708561575567,41.70842549944416,3.492338482138182,1
104.62587190530795,26.751055394247075,2.980141509268516,51.016228809624465,0.7209242502365032,0
85.03695671847848,27.981211602116893,0.2027573086243608,38.823491613672296,0.9764838715836174,1
95.11463035408356,27.258922886486726,5.493992076710694,45.543519985343565,7.327910957343228,1
98.41475915530881,22.77747178085728,3.5753771040391675,32.7558278043362,0.03126864523288751,0
77.57515767461616,24.198367310646343,4.86162814139483,46.98013775081786,2.555413746132882,0
80.14694164632132,25.631516203589964,1.0486425036196834,44.720800291055774,5.947322336980436,1
97.30874513154735,16.968850304231708,6.801961699386101,48.02173716896886,0.13197958980521535,0
101.85014278708509,26.282338800479437,1.6113216707614502,45.55290158754368,4.020980905984411,1
90.62880860174354,18.170802849664675,5.549126608764918,39.50475907062161,1.0765364812233655,1
76.20185646497946,32.161386395625954,4.235900341785083,34.1443671798157,4.207411351611769,1
104.87061111699441,22.38193966143322,3.621114444947642,36.98973549817981,0.7371324252997886,0
79.69029102188036,23.260499291221635,3.4596797867756517,31.1942480640094,8.10979242302904,1
81.64862218828549,20.921171603048577,2.72387398136774,35.39550484408145,2.0828544051723297,1
88.42337834489622,21.48011987257724,6.590392353801537,42.12930674604216,1.972838283739253,0
100.54160420714774,33.09637427657296,4.025225668704485,39.76123560587407,3.278798435015563,1
93.53975976552223,27.76147875449319,1.4615569392935597,38.882049299338895,1.1474813966510755,1
89.1486550036191,17.80319021940865,3.23207959593032,36.03448542026251,0.5986178248679235,1
89.63288530118106,30.016851602740918,4.256678054405876,31.138004945708573,0.6101453462447236,0
85.43514668643466,28.772969100565724,5.795610562890651,40.91041556618625,0.8027581869744634,0
90.58139514518507,22.875150150846846,2.7907605589655855,41.895800962343216,1.921282861651211,0
59.70439922305697,25.22678776811935,2.9244468883909045,35.04218219976642,3.6451351734402047,1
82.03392540930201,23.940223682315704,4.04686425429481,37.3327986491814,1.3846065871766402,0
87.4132193491678,31.89031961778773,5.746849639894652,47.710667270447146,1.0331785043843396,0
73.48985916380494,20.81483924403164,1.262490928807941,45.79748976786817,3.1582805012976225,1
88.86323317811559,24.58404243910291,5.010709261983491,32.57787719135524,0.6840453628033653,0
82.95528779013878,22.287418676028782,3.071874939742688,39.57681806384622,2.33615155700665,1
102.5547569831549,18.267838381528584,3.351134836503027,47.27477841186126,0.22366330726394462,0
100.73019725214857,32.766553020219945,8.003151490259498,38.9178950134624,0.24035790621073927,1
80.34194430881837,19.27373368359035,3.6070615508969492,38.65528405796419,2.0659607877641895,1
83.49162288433304,24.880516749951102,5.5093875006171595,45.46368813371538,0.17275155283608182,0
84.26052434391607,17.037197574478657,5.437827674406697,44.93534622137608,0.33695840502370344,0
80.48340523840378,22.40371784302763,1.6399521718029866,44.676516726902996,1.9582963052282485,1
86.95024984028127,25.68787528573383,0.3092113495541917,38.690076254129345,1.1532318902953684,1
77.4171793111241,20.70106408199055,5.641964184833822,43.31444008137523,1.6478627706311615,0
73.69384665062474,26.34720740294262,1.8329076151029624,47.4737275697761,7.539564153854706,1
91.22711223900268,22.92383563244767,0.6716340908579457,39.75063150765712,1.9991329424653903,1
91.29529584221811,28.640330049594453,6.052324429688396,37.98295189343165,1.787350815348623,0
76.95684240340007,29.447043653360893,1.9611465324488142,46.15036319544818,0.9565170753437441,1
93.95355430762599,21.653020957079953,2.454965048631212,50.22719901448561,1.993253938160028,0
78.68422270834668,24.306931437571826,7.94874631017859,50.57502441782911,0.02616951800076503,0
87.53165238037981,24.73381690588893,0.6805292772368579,38.12744250112525,1.6298173616854963,1
93.20344012612456,26.477397181738795,1.487427917186149,38.62979875251554,0.14277152256802042,1
84.66387435296286,24.057527984977064,3.080603715052159,34.85418833431725,0.4973644261861847,0
89.54740912141135,24.760843837371368,3.519486320331156,40.59026162207399,1.6561980302077355,0
79.83570356112428,23.02637410081952,2.2125094357646935,34.62940534271242,2.204942741769013,1
83.03533416571902,24.460959467888074,1.6826898053541672,37.36683279146253,0.9716044745412268,1
82.9414056911966,29.19176077414053,7.019988648863862,43.50564899081195,1.0859399094463984,0
77.53421653459762,26.584332964847416,4.525972248209431,41.94988705069699,1.3783995867637615,0
83.23225836884218,26.805022557773476,5.170337488418376,30.946393474164864,2.846535938247041,0
69.51381701136253,26.892281296542315,3.725549646882928,47.851461491371936,0.035569982231274506,1
80.08846252857896,23.384764888475857,4.5789098977182725,34.56501956424132,1.1850404968221375,0
82.15124506630329,25.27530817431812,5.865803322219181,35.195330380604986,0.028752891098127037,0
82.4382024750462,19.659305286657023,2.0074019709093305,33.80538924117775,0.7688026135374613,0
82.58502554129221,29.075230625267828,4.529671993035963,36.693583307179956,1.4673077050709276,0
84.38235800139871,12.868158270627118,5.392084626815782,35.51596810667086,0.16658775528702366,0
89.79441518086064,23.651406430658298,7.089594692768521,35.637832794055484,1.3280061634516447,0
93.74517074132523,28.563583908601096,7.895781959603523,27.678639741342778,5.169203916173067,1
78.50234773151733,18.544528265482633,4.139719593963523,40.64963696026907,2.3125400349983387,1
72.96799144610856,25.599119670467406,6.277277899374268,41.1603258390778,3.0488398674239656,1
74.57955587756896,21.276934213683894,-1.3403358667430938,51.22203368946105,1.7369745764047186,1
80.12797078805073,22.524786939244525,7.104565818753429,42.4317049883278,4.533644164064793,1
81.48078682183491,27.78376384255775,2.548232676558393,37.517054901409274,0.31768501992990106,0
77.30003933802543,24.7922277035406,3.5178051020242185,33.996425107632895,1.194896091742747,0
72.03883335750106,15.862576528462549,4.882208968734043,39.51861770100369,1.8178023757728248,1
80.43879172525811,20.094297841073605,3.6931152653689727,42.243614446962795,4.134636123120133,0
86.81426620113972,27.90134293955504,4.392906759136269,37.48325690340477,0.736368258110325,0
90.95029465835565,25.79577087277199,7.175385936452287,40.30508013174286,0.002257228822954414,0
79.42576946891678,30.992542290097138,3.231559909308057,49.486770470294104,7.331428584184853,1
80.87002177856566,30.73059037605319,1.826152366998893,38.079449364804184,0.05264134779888969,1
75.73301691152689,22.63101947941283,7.626927714597102,30.566122226037557,0.33061439619246225,0
84.68560829625224,34.012951220277955,5.053528434009355,44.36743393695717,1.0965231365542836,0
76.51571365809185,24.097918679407645,7.844477950626928,41.57160722907527,1.3718260723791127,0
90.731278132412,20.1493258623639,5.7272598211578085,31.45503994371043,3.597156820050923,1
67.14133508065889,21.46544053635769,1.3528112159731265,42.138218386381475,1.1877549723999525,0
81.40370327547538,14.973099578842325,5.290769343513762,35.01068225431126,1.5856218480336008,0
88.01107339191742,30.428076032997126,2.032103868234891,42.20661201182203,0.44628677975874503,0
86.83834516322504,30.379047956175455,4.014863604879334,49.53631754602146,1.6840309362927224,0
111.93033663980496,19.937970244746715,3.8485711927844846,39.115153328283895,0.8565989063754321,0
88.49800024567908,23.088462846472375,0.7646723907338875,45.41635599518243,0.20790586082149387,1
74.9594540315799,24.38243017645031,2.374379020876427,33.857563410738116,5.854760491743167,1
84.04535752910927,20.158587791431543,8.4103746003182,32.402904268311595,0.17042806369612626,1
67.23753666533548,16.979591874915354,4.476754809682329,50.08685236197836,2.265655623003426,1
84.1940025070324,23.15856958489235,3.648807730674095,41.53907506778169,4.77613679458818,1
76.66943942999241,22.715682282163012,7.625780439881851,43.18334970580669,0.3949629498628413,0
94.15390275560162,22.4463550360449,3.2075293798616626,45.760111514226885,0.5413029494003455,0
79.50459725404465,24.890864250403858,3.81715927606176,37.36092595101021,1.112715878980977,0
83.83234084204753,29.718078634103968,5.981605712245699,44.125581798813336,0.6977252740788039,0
78.64442158595597,22.787629121233095,3.1985284027673004,43.36772081154409,2.8461917284595124,1
102.38851351853332,24.68177199488545,2.5069585212949974,33.52597589608818,0.8254428698869986,0
81.78757233882088,26.907482094979745,-0.5075128307214349,47.56492655706343,8.514038596222544,1
103.32557043479201,26.216571706050996,2.1270033732344773,46.53430257989766,3.9149750733865223,1
93.14151762118266,21.542305902208632,2.1079445080207737,33.58141380481136,4.5141555521774785,1
89.82066727335386,24.385508492456143,4.31713339093722,41.00143220730897,0.13156239445014314,0
88.68733147317519,26.190159280676212,2.779083468544448,38.844601315435284,0.3879183262483887,0
88.93797298216252,19.48659464995689,8.316038021714391,47.09153734962969,0.3711378241037436,1
65.72327420654389,29.054156043186033,1.8847421395303878,32.94693996940695,2.22926779290706,1
82.21116605849244,29.726355620856445,6.80129337371481,58.012075121052646,0.023965766010841383,0
93.45157971184321,21.108878978222023,4.439505910255098,39.12757915314063,3.2841928875044175,1
84.51102816525895,24.774680073392673,5.613548071424778,43.692225830905954,1.583929489174474,0
70.94810153196426,26.56911302668413,5.49203918947174,46.93749166001402,1.6708645521229084,1
84.4759554942253,21.817543374684988,-0.4364710606248332,39.020003284149276,1.5415102058384191,1
102.04105516255491,25.926455382752376,3.9768946420468856,39.425290572023606,1.532923998109743,0
97.4689171553472,24.65302250516866,3.4755437255323356,37.48584553090686,0.44100925924975665,0
84.37995990633968,18.128327289444798,1.7340438106174654,35.57267186934441,0.6658602556971287,1
94.51449277058086,25.83664526391423,4.9192520744317365,41.3592957389636,1.3373675605064796,0
81.33492979631949,19.59943033491586,7.433080631754943,39.323666599125225,2.2654418461209884,0
67.96128413173281,27.75681140664819,-1.3460072877681322,37.45312900837252,0.6347814326886837,1
75.75534011870445,21.315155699464444,2.931060648316558,37.74518025983149,3.2811857031236435,1
100.62888768508198,23.35485826535542,1.5084676717727543,42.88116726946571,3.327716051837882,1
82.26006918170695,29.4891156537863,4.143555652475387,36.012182353247276,0.640078344211362,0
82.56616020624982,25.98552658611538,3.348757433700008,38.76517615803885,1.6422551282697986,0
82.00161803725119,19.682104321701818,2.7886455744856438,44.493336958945534,0.8582542815492457,0
104.04136589573007,19.940333716803664,5.379013656658118,41.2361273503465,0.42313595366497075,0
101.25958915362062,21.6027888455051,7.272362602114198,34.75220366820695,3.2797937841247666,1
107.18780233448135,25.578576333426664,9.32263730351567,39.88064465626515,9.53096388418028,1
83.40954789599948,25.433199259731072,2.5207419030628246,42.185108105714846,1.668127798550298,0
87.95624488747094,20.627590781348523,0.3582488963638615,44.94636095618121,4.905576927472708,1
69.83357450579209,19.331162057542564,5.11839286815668,36.2231066662755,2.055387866482326,1
99.76934426118274,25.12633362034334,7.220969470646407,37.207351386494324,1.6681486302777364,0
73.32220448732065,23.27255973683935,5.627379934081457,36.52420005639902,1.308410243406021,1
87.16775563762629,32.62886354979095,7.212694079060622,36.77239900304106,0.53762895829685,0
74.02697472367156,24.146414626252316,3.5490266587957615,42.02502357848557,0.17603526717191195,1
79.11133173261304,31.257011310801097,2.780851120453743,42.97244564941825,1.1679970029843452,0
76.627375689503,19.318465607582638,4.230871814802624,45.254517464415414,1.6479241372473366,0
78.92124739324183,17.70714824175317,3.3388936252662234,39.54412545462116,1.4244547269913048,0
79.60877296851021,19.51965946989786,5.326188042680688,32.97338522610262,2.3786323810567573,1
79.51731205074923,28.756519125813867,5.939535556006982,43.34735082228732,0.4266309696510898,0
93.33333911780306,31.024406358774137,6.096167329143771,40.79571839203792,0.8745400668347708,0
73.9513720693748,20.871282184189464,5.0211853416087795,40.29984739658001,1.0742271934428784,1
87.20541427013868,22.15773588096177,4.491644653350599,33.58298255844389,0.41287600252477047,0
97.17959152305559,19.324076359150002,5.588853378501696,39.0208206819733,4.73882234887951,1
79.86803635486604,16.75344061152645,0.07401618469455729,34.03172606937141,2.288337555311902,1
77.82081109252398,26.87364679110652,4.421141504667884,42.409824942228795,0.19271862185315386,0
82.69475374819748,24.89208121184865,4.104956114340902,37.8505298564808,2.49513923371278,1
96.7972520836071,24.0419519306955,4.42616079194311,37.40232801817721,1.5872066226654789,0
86.94107630953357,18.39977385134648,3.824752907491538,32.31422258455484,1.4844247256180063,0
79.68785705392402,30.559826727314643,4.863710986923232,45.13547934842021,9.167947865867532,1
89.8387665118804,21.986573047802107,2.8507941569319692,38.707176843853226,1.9257210369863322,0
73.97707850163576,26.134505699265905,6.25904685890726,40.43490385168879,4.54078172718994,1
91.81359510442948,18.1817543790211,4.947299554826948,36.322549546537225,4.896353613465563,1
89.08607307701767,23.23789924151985,4.301371715767721,31.74712470016673,0.2138760334969844,0
81.92191528861116,25.165497824954336,2.60496685872776,37.34187205911373,0.016794832385801504,0
76.61414201552769,25.30830087221323,5.630633770415811,38.142293311136434,1.1428041309400376,0
76.13319077716542,24.6185941729465,4.413319396988983,41.46380010457421,2.9331440284707546,1
90.3481733634591,25.97808996819509,2.489033212926167,38.22483794555434,3.47677057354926,1
97.28980502489063,19.477918175868155,3.886676915173523,36.4082557015136,3.097570550339276,1
78.62692252971205,24.78949042175864,5.258165238482479,32.48330301428833,1.185836267444766,0
89.58386703551484,24.45503073392111,5.10314707763965,40.24226747711374,2.772301691129674,1
64.12972981397931,24.926690736780245,4.974017935616311,36.017199031145665,2.5372112786746754,1
79.153822693428,24.289380869276727,4.185062783482154,46.604032668828495,0.7532284068061798,0
84.68941067129099,18.90714890434641,6.051639066603793,40.75073330669051,0.36957854277046703,0
75.90316583018166,18.728800991564107,6.47559300762322,42.81051420016495,1.9426489588326445,0
75.63493625210404,15.142927256461794,5.474645231351081,38.756056668554145,2.2607409191828607,1
78.32220443531114,27.27013803938119,2.8250974502885855,41.006401448839554,1.6785236956524663,1
87.92192728326373,27.310630038940793,1.8838765654189649,35.54642342114873,0.4795103939758862,1
83.12670981593625,27.374201164888483,2.9121204660568125,34.10890587165197,0.6477886396122897,0
62.61768766675028,25.22715984984581,7.907313495953447,40.07565538674278,2.4653363562124104,1
63.792998473649334,15.467523129127557,4.563391827654707,42.85195827600538,6.573365444651929,1
78.93134822142825,19.893158032858935,8.25288365505277,30.270941149692113,5.794874978990087,1
89.57686586053552,24.68166167037245,3.759603312825127,37.5044825459798,1.4665144672134223,0
57.52495157274765,24.542072011167182,3.482372659014157,49.21061053944196,4.352953172288816,1
80.00269823848369,23.109007147391914,3.8518869267118525,42.396137758349774,0.05978718918548619,0
79.7375214348258,25.475668811632985,3.815651839893393,47.68823016845249,3.9487526902553314,0
98.88337778208448,24.04660683074098,2.452698176264551,36.82977524105708,1.29310293414937,0
81.14978188287137,24.483081862205445,1.702303463666646,37.7104711750278,3.0421887496554016,1
88.82988984740929,21.443738668671934,5.002673254361726,44.83366660172254,0.011197104550944859,0
86.41257140087463,27.92804394448636,6.109801435194727,43.117601776891625,4.05842154555409,0
63.694335201928,22.276913565278463,8.889962601332803,39.52807711970157,1.8076357960648175,1
92.68207216631737,18.677403667917496,3.1325741866179553,33.68742095365748,0.5494800945154555,0
87.15396505456287,20.916003948725084,3.29468902627185,45.784259811134554,0.8538363398174326,0
90.0826863967459,22.606135234552077,2.4575414110979654,52.55114073763856,0.4479530135787234,0
124.26237706436326,27.976011153475387,6.251454858747135,32.14066905851624,1.104704614451684,0
64.15887060501412,23.830928006260827,5.629974909592529,47.01809574874719,0.8009731370977431,1
102.24696649761108,23.255407124137403,2.2461308362509476,37.65849428671314,1.5293000146389593,0
82.12552480599645,19.00534630094949,2.1956038260541137,38.33265674480925,3.3724699064816543,1
87.87328904403009,27.141930359318305,5.905029517191795,41.34819743769167,8.065588335040143,1
84.54487754698758,21.392191383906457,4.766392302416816,33.97238360430001,0.5792549690177319,0
80.75763666601956,23.599888564234657,5.516777426022288,39.814307775278074,0.22523638396626514,0
79.30167071761241,29.92073230752746,2.234463043322174,31.943731860989153,1.0072606439713643,0
88.29508735573009,26.035053324197218,0.2445502721795867,42.38041244889102,0.3099286658588134,1
69.8282630332832,17.486983809139304,2.25006996663966,51.168610189815844,3.5944310780999986,1
92.50579167521765,16.92195905459011,5.375533460022454,36.80234255418169,1.3907989482853744,0
80.83805595114745,23.742758199523017,8.222115957269782,39.15628330854144,1.9349700749996002,1
73.69930660959642,19.149037540500778,3.1410720209447835,39.40260911963626,0.3264796827643781,1
80.49987142004187,26.59418699053199,8.551711763753731,44.932342969955016,2.7694616947820347,1
97.57149216862572,24.169052259859917,5.659639534983376,42.027861845259004,7.267405128367608,1
79.64664912983777,24.66153907609545,1.2139353965823476,44.601730051759645,1.3170480843512562,1
88.5845361820962,21.173027273430588,4.428067675622064,37.46882332398814,6.564552909466991,1
77.69043724284526,30.965534621146823,5.727948556823722,42.16784502409898,0.07066603527849116,0
92.57921849923619,35.37037491204184,-0.8509657971053732,23.16097133532071,0.07275276892199045,1
91.85507738790204,22.885661104973142,5.288902315826764,43.33731285994515,6.438397291908213,1
103.48608833296412,25.412156993660005,6.345442359646225,33.91103645602369,2.4097170424549255,1
83.24436054500785,24.38966937225725,4.797736248262287,38.362030592500375,0.4182094345943673,0
91.68654804757907,22.961252546235727,3.8765575786371533,43.72625554322102,0.904719756486154,0
85.98067539538944,20.671718129068815,3.6541468339971863,32.31955083690046,1.4175495878835824,0
97.95871781863015,19.660128050078093,3.5373553446163557,45.44716399111013,2.4256082758098376,1
77.81167612391269,19.457610937897904,1.6480403924657816,39.37847594355638,3.6906567249216566,1
92.45005312877281,25.62096010219658,2.6249523361900655,47.26557743143619,0.17254636387409703,0
83.05302703883318,21.92130208718546,3.1668119086956805,35.48577920482107,2.1375679590212866,1
84.35811822891502,13.686828599437879,4.226988692451484,30.936061378265258,1.2952443534606366,0
85.91752484448372,25.77943288239329,2.886370484685867,39.85526642330981,1.8207280363951814,0
87.52240396426677,23.846954870143378,2.2617415150041396,42.93538033923621,1.4207152957892213,0
83.83770956878041,29.386692005604583,5.51954171825169,43.35468469405111,1.198195774348558,0
87.14713183170527,25.492489588364037,4.741227943895711,34.32255932036382,0.4601167981762825,0
100.78118057562185,18.08530561475881,2.9215409264208665,31.876834649400443,1.278590790770112,0
94.85449685615218,15.081293437080076,5.012556942975174,38.43838013049218,0.420590732839644,0
93.69154592496896,21.12211046264825,3.09368421262813,42.582219952377955,0.09127440272781275,0
80.44460473976129,21.49957031722539,4.12613005897624,42.3289339105316,0.9362491625589683,0
76.10759171771676,27.772636804000665,5.950088109445733,47.860631682360726,0.05054482572061862,0
94.55300558237752,23.964516270841706,2.792517813667473,38.132723992912915,1.6535627021752983,0
93.76046792529795,28.534753992394037,1.655176784332514,30.775517808876558,0.15029307590112367,1
99.72670675750982,18.700667777189462,3.7097308339573165,45.98333219142118,1.1509190270331342,0
78.9601937403077,27.86105753752179,1.273069967629076,40.97597657055377,7.8383809988302335,1
82.70451344639653,26.88395661372368,3.4451029812980494,41.41093955250455,0.019861333743265607,0
68.60515837474566,15.927063554275215,3.438725041373086,43.83545196053292,0.9141102645774969,1
81.07528893939127,29.29047136504309,-0.9273682478111258,46.31821795184331,2.2371985443944213,1
94.96570510579447,24.373833967065412,5.061270327489019,39.884900079248986,0.34612963688823195,0
80.33504620771802,25.56817801547402,3.634620466637359,45.88275816664034,1.6452986217568681,0
91.40479795200824,20.54041555028631,6.363792905543871,42.760681320708926,0.5973252334566311,0
83.09496894002189,29.10098805168789,4.431063959588165,36.722088043460005,0.5040345573756575,0
88.2405702822156,19.25659068304452,5.471217140631096,38.83380763915744,4.507276563064154,1
73.52308610184332,27.328368073495785,6.380077506414087,43.08372011699253,0.4545051610980265,1
85.852094496339,27.282429903634686,3.7365658344585073,36.45587617878052,0.9449789071459689,0
55.08864029099277,20.10333028731111,3.9983536222721963,44.43229551068226,0.371689523695712,1
83.13103841838016,31.933494397690296,0.8529135532195364,40.790917504236035,0.667836672515973,1
68.6952675628486,24.926113920870076,6.479075490468483,41.90809119549909,0.6937510314659957,1
97.05994516546816,26.615570441084095,3.7086052005568906,47.20252661775076,0.7913454916124444,0
92.77407352764511,17.891516818656978,1.9885388993040367,41.78283438788099,2.049238722869642,1
89.66670981966081,32.470920012034256,5.479444972974855,40.35705926957657,2.7141915823552916,1
100.2100622715938,19.101772239099642,-0.3595623839285036,39.58705768445939,1.4294351946386077,1
75.51083479175162,28.09954573106372,3.141451554253644,39.32671520109629,1.8856594982614832,0
102.47363197915558,20.020913128273218,5.816622082423682,41.56149682101804,3.3561696909220498,1
94.32191564260384,21.52404478860927,3.1245562960681896,46.816614920582076,15.460480016332813,1
82.63444712781055,27.15501617554179,2.564156098102837,36.941118698329156,1.2194731738268103,0
96.35620147182944,28.11021085470063,3.167690405774099,36.562714306645184,5.5113686786227625,1
73.93706487588366,18.91486300354359,-0.019858528937147568,46.42519947599015,1.3481409785929888,1
76.75485838472326,28.361888676227977,5.430956863566067,37.16926530070723,3.046518161667333,1
78.914102767603,28.179921980532775,3.754227916046174,41.08047433176352,1.702987512410356,0
79.71022291935985,20.24818636462043,3.455350780010476,37.04101267592067,4.3090065873143155,1
74.43442357239748,30.39459037436444,3.4626627671819175,31.602577708217705,1.1909639215963466,1
97.23083067095325,18.17256948700785,4.028159596929169,40.991125966459805,2.380238428603627,1
82.41145599630168,21.500909668889538,5.306874741344133,45.575839470130255,1.2558998249557929,0
88.5250496835688,25.916010496367957,3.895872917601502,39.689725741036376,3.8902045696447165,1
79.2964863358632,20.585734861189575,1.2767269036403754,32.59170718371886,10.358822507516198,1
66.79396699451483,25.055276342717363,5.151032243088134,40.545352915252074,0.5576164354461707,1
87.70057358391422,24.96430431521318,4.997139382008452,36.22024305677304,1.286197381427949,0
65.87745024580224,23.251702920309118,4.41105399643292,26.90247458377119,0.16949699793803377,1
84.31365953914532,27.329602154362238,6.150482613922638,39.5955813913823,0.3039621073039566,0
71.3168496116719,23.086556829369442,4.0607573528259175,42.588420969440165,5.294385770244354,1
104.87275999230808,24.92616427525522,6.222752177978512,45.88852739065958,1.5688316931491164,0
94.11362722174722,28.58588750995161,6.814422042956792,48.784273699810704,1.0054372067007677,0
86.0575379127148,27.16274484010336,5.164625771048965,43.25467838693255,2.2263305184748265,1
97.63706677654669,27.144069163256834,2.5041327562441253,44.66783704302797,1.6426943672697205,0
76.53684022534264,19.40328159113288,3.7384285629951184,33.577172749609666,0.6813718277147035,0
90.43479378670094,26.099170302005287,6.477712068116748,48.10912900773127,0.5139553129259847,1
86.99810433718713,20.48600483612198,1.0047442678609864,46.33680090785775,1.7843660928801832,1
87.6402008133367,18.874340080887894,3.2160926636427827,38.164422575167386,0.4171639530839281,0
97.72353500106767,23.713174614860126,3.3140703271065117,43.408300626439214,0.29972135857371035,1
92.32492102779803,20.38281925339364,2.2695787992925327,42.90534091724305,0.7665881121586423,0
87.88723662825024,27.162470875359908,5.745757899837573,47.35106755275197,3.9514761055316345,1
68.45112563771704,27.258141838781295,4.753630142081554,39.24446113920058,0.07502877662722528,1
75.39953704720537,16.38949505427423,2.577883286799016,36.268836811499945,3.5827141438736825,1
83.77291066404275,20.68678984169244,5.211025840471679,37.550008151693284,1.9403000851767793,0
85.93372374276652,18.160853312328005,3.6831675306635643,44.48397991681934,0.0824207180917122,0
73.69796275326075,22.149482893628438,2.2196108535553147,30.400647949288327,1.8428021166970836,1
109.11676675578421,25.820702679475296,2.5741631795142657,25.014632803782487,1.1103193788456789,1
100.16394055253573,23.030847607286447,4.87210214955188,44.471245034839896,3.6793079313825006,1
91.02118320392483,21.64096303733146,5.878019757043678,41.3740273207765,4.7545894911386375,1
85.72036861283745,29.200706107252557,3.0264635340904276,40.09231668151589,0.6751265144889806,0
82.87791030098849,14.780571309614846,5.088882667338023,33.472266860057715,3.066528520341527,1
75.48081539977764,28.9474875740729,7.1635083151549654,31.45055117702356,0.7415559352071391,0
85.77480518518863,21.822846827378058,1.4822588872594942,36.827354582509074,0.7009184811292517,1
87.57752540142751,23.687563959548843,4.711339745677248,41.80847549684841,0.4279671166410644,0
72.58239424518376,21.890546649119564,5.661311382590816,37.071221436163974,2.2694472184759706,1
88.34176417244898,30.171552422156473,3.8097003668023386,44.50050100121011,0.6067707299802285,0
83.44740951175251,19.076086012778962,6.4765664217112935,35.22970328989854,1.2504475717378678,0
65.9219244212261,24.046945478887743,8.397674076522568,37.40327463420208,3.343989729427697,1
76.39614989220499,26.10975460743999,4.6867106967726055,43.51600527342185,3.1395965135931134,1
80.86394466578356,17.55598892845933,3.532820535444002,38.11542491757717,3.8681573655476686,1
103.8768765734019,20.320407318215384,5.953965615323913,38.36325019838702,0.3512429371268017,0
90.56553124533758,23.407285866007083,5.684137720755802,36.78255773175594,1.7680961284701209,0
71.64518430900108,20.4533398612625,-1.0376619098363689,35.85529629598576,4.926443234016088,1
89.86036289417638,20.7376329151234,3.994528887817773,41.77088676948105,0.08591956906096851,0
69.52696011061634,22.60054934769425,3.210801066521772,42.418531473223126,3.164879071527667,1
95.82691053887073,26.598325326584693,4.793411383027833,41.135742187756414,0.5653551362975556,0
80.28875348182122,22.629128892487422,3.6126834394124194,36.919081972232796,2.2152269274452876,1
84.06363811260829,28.313704777891786,3.8296478154579967,38.99254050043314,2.5274813150863027,1
98.2579664754219,20.00896886936258,2.2735744810778367,47.979673917105885,5.196199743391635,1
72.1283643141575,18.992310958106188,5.469058436848975,32.89458311450217,1.4218054526017663,1
71.02881814887009,31.705381622884538,7.310084442937464,49.429456402143195,3.770792726307882,1
79.16400673653995,21.368167489337957,2.30465610156993,40.498599230587736,0.09275398288779176,0
95.38378851019317,18.75635197171136,1.2058899537060532,39.09936805011748,1.0913268832639298,1
69.80653924523158,17.031784232912678,4.040006439654928,44.766891694008386,1.157919616163937,1
56.67844401889431,28.300413815235757,3.942688677929472,29.66366965470816,1.5455866624009598,1
80.48841141591001,22.634781941359762,6.34186557224072,46.901597872898755,1.313015263678672,0
90.51740799910921,22.985161059734406,1.5416100952429357,49.288629144741904,6.881635252331299,1
97.00261749738829,23.36319315365344,2.924089649951805,45.4398643372955,0.1635908891438089,0
80.36838637914602,28.051771538679127,-0.29540647853370583,29.488573155446417,0.6158148986351616,1
80.88573392883998,23.281880664096317,6.749967272423645,43.82083898900241,6.923728826164167,1
96.53900734255747,33.3762151153305,4.501089256646727,48.22999279009342,1.1786648843534264,0
66.3025830030458,24.53504229621692,3.073134172038407,47.713743938678775,1.693330897444375,1
81.1147922481699,28.247139067833285,1.3554570428176471,32.95955376386803,0.16899390555643848,1
86.90423889925057,27.220959431617626,1.5390478836454982,45.08178415801503,0.6682923518929549,0
89.49218721285034,23.85421071896785,4.828533799582782,48.97785201389574,0.08091849285409307,0
79.90193306809117,21.652116055918146,1.7851499087985796,40.1473285932301,0.29585148914195686,1
85.34441011705842,25.327855714266214,4.208010846297139,32.7364938860514,2.0065032263949023,1
60.1167264658701,26.04039492482909,8.08588972227006,44.14326296362467,2.8846500454506674,1
78.41751587666151,21.709655807493892,3.304824754110359,45.26928984325875,4.08174788197401,1
89.53508712554468,24.665355463802623,2.0771111120512424,39.30395917837049,0.5792729769482449,0
75.1770596574532,28.944819913038383,4.764014410905526,34.04638272068088,0.8095222367433742,0
85.58984221589597,32.27979095627872,1.5484165184365453,44.90936042018082,1.6851438518460355,1
89.46872500802698,27.417477281397687,7.439969060658807,36.155955671891206,0.17479205857501603,0
81.57450799142235,31.451038745521128,6.80723933705667,41.98673363269435,3.2872127255401296,1
86.70463770996571,21.48250315517418,3.671656762092712,47.79083177506473,1.3205549491153454,0
75.37267434715388,26.807529008237175,2.20541363715156,31.706009515239902,6.73402979519238,1
82.93388720303953,29.354078034325088,3.148460254449279,44.53881998984627,0.2495760470984523,0
91.10216169589222,20.414666668112016,3.4086687758291436,38.967089848400995,0.2861025688341909,0
86.56972960968434,22.057639551819964,4.76713426341413,39.09673358007712,0.8571930286912481,0
79.13468730436064,30.951619047341,6.0792646586022325,42.57158217266414,0.4632644552412483,0
87.24216404290793,20.09960457685224,1.9269747384828202,36.14307984292921,2.385341486457,1
92.14609790636618,18.635479869377157,6.021819130685489,34.12490431535679,5.8677869465812424,1
64.50058721422522,30.111926294558046,5.235371225622596,31.07902613984661,0.1884115017223689,1
96.59074064955898,28.787052899921754,2.9844210183867874,46.158813547096074,0.5547674541272973,0
81.63745261318928,25.728480975935078,1.8265762086459794,38.141639074455185,0.5433501364571472,1
89.2548993324023,23.81715698141669,4.232465434585135,42.84970206178683,1.4229199374014885,0
96.97246923645228,22.245901977580072,1.8808230325958317,37.57483962559172,1.2030528416939164,1
71.28326302769534,25.127795495236203,6.047361698325211,34.19119748312522,2.595587033531456,1
77.90558997572454,30.3192278296062,1.7522344557355907,43.261563049695695,2.638252756281232,1
82.11451304124296,24.954264504568304,5.095412386326288,41.63981286862411,1.7007928079643497,0
77.16246478875571,32.667837068987865,3.8387672703698357,38.81550423006287,1.788189095745396,0
102.34936575836808,20.40823205743908,2.8787502312495974,41.50948031720734,3.694329442419868,1
76.43227906173207,23.921276982686923,3.7943369873614183,35.19757721877998,1.0114653555621607,0
79.44453220513134,22.507765329344338,6.159966339268403,45.302998872776556,0.024839510304315658,0
87.04389031602977,19.659433827350668,1.6154851820124203,46.461973192672374,0.4791310352987794,1
72.97850473923911,23.38766506796138,3.1756868896163666,43.796522856684604,0.07200498460277875,1
81.04319288243737,25.669317206641757,2.496512870625624,38.14007120453165,1.0000886455021063,0
88.17453261250175,26.09692071980812,3.9227657329025707,40.29673397341705,0.8858219458146059,0
81.67139595617489,32.681808715778224,2.6306382149746916,47.84418224067382,0.20767875642533684,0
84.06613141100051,25.85786987889424,0.4638375152267713,46.40583108805589,2.8132030528264416,1
79.70667887551629,28.600547214718464,1.8897249061352754,49.96934545254363,1.6106651277167752,1
69.85529690819233,24.264376985195902,7.275510037076224,36.09740573343413,0.5115961729655464,1
88.21593211339238,30.71222240181038,4.493456422572545,35.64893858006434,2.8469632374937595,1
102.54933071647241,33.59379714235228,4.4247241076161545,40.67185143791055,2.2048261573080095,1
85.18401630783438,26.1243405239038,3.4347752199827237,42.0344787864815,0.4253845626932912,0
87.25264117247549,20.029363938193676,3.8967491517816613,39.288554174702185,8.135989258958237,1
91.9272275511686,21.804779908891327,3.1403761543372397,38.051577860822974,0.3906338216901586,0
72.306695034533,25.127737212820648,5.05385706208213,46.33697591414565,2.9541917632750443,1
102.02514658129606,25.825992141002583,4.201617708518746,39.5463395472643,6.902024577339465,1
87.02328796422802,26.79370053753749,1.6574635796827697,33.92394291040838,2.585623921094779,1
101.3185689908911,25.840790724920165,4.507449006208385,34.50155456532238,2.1918941032408665,0
77.66967004476011,24.027939665023755,-0.9174838465431012,41.23532162566751,4.672727376570165,1
103.18061922557825,21.455206235191486,4.827718399355571,55.013262424558434,0.6270453507494521,0
92.75155494034783,25.604553045056917,1.1812862863269573,35.1202812812741,0.649123005055611,1
90.53040085852358,31.419949429922625,3.807889827659848,38.4256296566347,2.049759511032888,1
87.34024454353148,28.079714421711017,1.6107447936076218,52.0240238763302,4.276477922451395,0
82.5147138192555,26.13881579854479,4.005646399066194,37.57859635080766,1.9213953118918738,0
97.00531658473872,28.118267695291003,5.156557038552444,42.27730420635702,7.548766305274467,1
86.40359869848047,22.51574388439659,7.00565417049916,49.37955361295616,0.5043784170937425,0
65.32930296412847,21.96693941566672,0.917284689977043,35.242606595480886,3.4960165628934132,1
73.82813538292997,21.008859582536072,5.95094591134227,38.453698889892195,5.241827990715581,1
83.14154247807252,23.49885350892225,4.262305410754943,37.578170331827295,1.113747494368798,0
88.09998983165555,22.31197641316368,3.098665694350752,32.41052318516404,6.539418804216898,1
84.43411511100105,28.833098962608556,5.519713010118919,47.84682972844313,0.45166337336859813,0
97.18970789793663,22.098706329271245,3.5281502978295864,37.07297830765067,6.108161139999151,1
65.48898135961375,20.789113135100333,5.435061032801358,35.61877162089054,4.662134974328483,1
86.4358793650516,31.77030871532253,2.0154605737440106,37.77783055964789,0.13687006599289142,0
66.82020774612846,22.194499075674624,2.7340059354074153,44.644157025770525,1.4734944272772426,1
92.59712295484168,24.614113829001404,5.887200105589199,40.5644676850394,1.50511105354154,0
84.05541285557997,25.805291298973646,6.970801047140844,36.04166847284818,0.11732163484842222,0
89.19609972024118,19.453227524316738,3.9299362016943014,42.04574922457526,0.08066747769683044,0
76.36117039410234,28.94193507801228,-1.5745778507115604,44.06297348874286,0.010219627409185352,1
97.7946493165775,26.54847616164491,3.60190143478309,39.881177060486216,1.4868139906332793,0
95.41724664058852,30.233536047523128,4.064852235644859,38.8261953556717,1.246554309255805,1
90.83544303011888,21.283112251127598,3.534453246613656,45.0793796919111,5.642220348525853,1
83.7048275313656,24.39650316990464,4.672677123331062,39.104073767432794,0.8380319633354522,0
90.79857285295132,24.157423019976783,3.046180144805356,48.04095753145012,2.1472193245550417,1
77.93107432012651,25.055553977400088,5.677741721356055,36.211825639548444,0.0151843246130618,0
93.55555659020712,18.181541005691358,1.6665734545379158,36.095432671196036,2.1785427768624794,1
101.4948089432392,24.44334551476889,6.4736974147082815,35.48101609957827,4.894297643649629,0
95.70610559979187,18.29414435430502,7.100157647922185,38.805767716550086,0.8762905395499984,0
77.70397530192591,25.433336284787686,2.173880523879385,40.01252030683159,0.7539217869448595,0
88.61417317273103,15.485403501925921,2.1728003487938743,33.37182045213593,1.9671586747127894,0
72.06858456241352,16.593652662837655,4.821390627555056,40.483786339570926,0.7966376041495751,1
90.72390311175675,27.274194865759995,1.6255591805142213,42.82677093642978,1.0297287888512516,1
89.50603412862539,21.81264617922087,3.0147942577953595,32.67254222603485,0.6379782361991814,0
66.30183660467836,20.048567705471037,6.205053912912029,37.39414286809557,0.8459018138641451,1
73.38216156087637,29.08338248430219,5.475213528953926,42.8374286428449,2.2751882822719884,1
82.16861103256232,25.31050486931366,7.96039268337918,34.552903670620395,5.1117362807138935,1
81.99140252859173,27.488360782135135,4.341568295200416,38.42010739043268,1.749892031429967,0
72.90523064581194,23.335031710716677,2.778323995443629,45.44091784466899,0.020168246441161435,1
88.88978729352183,34.71851477560001,4.102487023306041,48.97591381563009,0.6127583901795922,0
87.51473608940512,21.58194455776082,3.698823321182731,42.19957605624563,6.083072006525607,1
83.0573086802148,30.97798219743955,3.726885781593729,39.15373357086193,4.823054336909455,1
77.44208499841638,23.754535839600347,3.952392583808534,37.49300989682136,0.24579849143647947,0
95.48707126416564,17.381958420349015,2.136466582307527,44.55377049385774,4.781020605363109,1
101.55407113088296,25.931394982992433,4.564435509941285,45.66703199557835,6.678080934538937,1
80.16438516153463,25.259050245820653,1.1826734644828178,34.21782101441176,0.7848171212886119,1
78.8783308284518,19.794712743043082,2.5663467841837715,44.552134079719664,2.414668959549504,1
89.91207665411996,20.311122891461142,3.7622424737203652,36.96476849136889,1.641881176253297,0
81.41970620253014,23.90120942766003,-0.5191066253111831,35.70222113023878,0.8221103827526662,1
83.60602799336766,25.398991260991927,5.537983072689835,39.23177898224786,0.3329021969809775,0
92.39653151724671,14.117346868482397,-0.1063090196950105,44.95806621281182,0.9143176730188397,1
65.90643912492708,28.21248581009521,5.339175381796356,41.54702662419836,5.256535494419232,1
98.1830232485267,22.022008104740088,1.4143814201436755,41.411658323954086,3.334646569312219,1
85.72680524329341,18.673010062407293,3.1901626185930008,41.7622082699984,0.8029696717522586,0
80.8850685543782,27.764266205807722,5.0382612938988585,42.3382900934518,1.5867102184054298,0
84.1076584577855,23.905528082326175,8.396279038958966,39.429243912367674,1.0416228954869886,1
84.62429355020518,28.86466310712902,4.232903955414699,43.15944382695993,1.2556098949437773,0
67.68798696555075,25.75180905191902,0.03474734360098397,36.70158902012482,2.864347294463407,1
99.94938227453235,23.993941988207816,5.907390265271548,43.255038254727644,1.566170914000506,0
85.41325632270619,23.389080220079375,3.5361631902819637,44.28492673916995,0.39945097296580784,0
89.43002130447375,25.93085104222455,4.139813308917647,43.49568297283489,0.6267811177336342,0
94.51549770574043,22.34587496476268,5.115726059775229,43.75514415847049,1.6777052659371148,0
74.788375424397,20.589709645014004,-0.4507559138114283,42.32432820115073,2.36063990276055,1
89.73471899035229,26.439636490618575,4.013073695470392,45.86721457671307,1.4190427271079353,0
82.32358909101207,23.422048634222282,3.180612220094609,28.64193108010669,1.9362764245424762,0
93.46770775216494,24.134270592276025,6.443669812011038,44.268729787825805,3.115370487117395,1
63.727725796485046,28.35751934461843,5.454227526677486,49.87728763578938,1.5766391710267937,1
84.00905699758731,23.544493569057035,0.7459961544369054,36.890522625205705,7.56123963121928,1
78.97179344216039,24.060135702167162,6.525251704698096,36.33135070818748,0.5372461145127913,0
89.32262950634156,21.601401954196273,4.899050176320422,46.431595064869015,5.043678694628695,1
89.70044187368202,25.722959735927404,0.9055168050935634,35.36630330260359,0.5691333135982755,1
77.92374105177974,25.399311650720353,4.111506206985546,36.66637843712274,1.5170556384750877,0
77.87826135823957,27.603100527162233,6.06965222771171,40.84974259848898,1.2172693392170089,0
83.89334631442671,21.683484651972496,1.571912254853212,36.005243949234696,0.9332451640482372,1
76.03357772684792,22.16873212163926,6.755154671690834,44.375122509967795,6.57938367529389,0
93.41983695452127,27.168549596581876,0.9747424517449486,36.045989388714105,0.635737097123973,1
81.30792799552555,25.008852013451452,2.4175456467060306,41.803166738533406,2.2470548437385416,1
55.930117806783585,20.375127495229222,2.114258329220616,41.42241231498253,3.2599810763482893,1
81.25177943378193,29.226216270938004,6.753867463177324,48.31944036204235,0.4388181802290268,0
74.61456179156028,17.206197726398997,3.017967726901606,45.82650933147864,7.235196909724496,1
68.68724184539055,27.137139013055005,1.6743659946780043,37.35236229273173,1.582139632821258,1
72.62573361777427,18.939151856007214,4.890421757828124,33.67753796763877,4.918259376207335,1
86.0940847183297,31.543154065942108,5.322361981185438,44.189844209887184,2.1805803851251566,1
98.28640828248231,17.821601092377506,5.335072189588263,36.733045826233365,2.0963717892878457,1
88.1318447386498,28.609002607490993,3.457321669547981,38.32161631048125,0.8480304732919474,0
78.9349661178426,23.673462559955023,4.509068602073896,34.70086154968182,2.9444902169070755,1
89.55904195170703,22.533589720645026,2.699533827541429,43.39505965393416,0.060477880397621094,0
80.40909689781009,24.741586625871044,7.34960335587146,36.76753441781246,1.6230529574299168,0
78.05399630836855,26.52760135663125,6.288410317315863,39.824791558486055,0.06533372471964208,0
73.45637331767016,20.382397990676523,6.165913658081351,39.90248467053767,0.7330808182336459,1
67.48171193248281,20.73684909932571,5.588231869147091,40.917803099569554,0.2025063252557727,1
81.10076293440555,26.598419460451545,5.039466611990003,43.30819250859824,4.851563650494722,1
86.58053489920133,17.1706281854016,1.511275031700424,38.78589814052889,1.9791231596221246,1
84.0337632998511,21.663083627231657,5.2666024725112965,36.29286209056729,2.2083189932776266,1
80.84033072052641,36.16274781663776,4.22853046012664,30.70227683122277,3.8093425053732974,1
75.54253939303219,20.127948141642875,6.526728169901839,40.51314814683835,2.6412565163518056,1
91.08246191684968,28.59121116703901,5.614838364764856,39.21500479690986,0.2652249468285185,0
71.82868080053416,21.65619692514475,5.100760940306043,36.44763584939504,1.9222536968194377,1
92.76027913843475,26.036180579188574,0.6315504049396878,40.31276231076268,7.649007134402626,1
74.97782981073276,26.61742276238487,3.821998926783059,44.27991336307443,0.4818918827019442,1
77.47564762646965,28.51582694073179,2.8842154801926876,45.5594404247359,1.9336629932776426,0
70.33214809384323,23.198984692748898,4.504731848366147,32.324312907878046,1.6584576520450323,1
79.98597853114363,31.955538555019412,3.1689034571147126,38.195693494923326,0.9939968097691134,0
94.75312458477978,21.642653741659277,3.448108447813388,44.805126061992134,6.186045707404679,1
90.15628088443957,24.93688165439824,4.918067809813408,47.98020517261512,0.8813569260345979,0
94.78422112028035,24.98110772887043,3.135723772862448,35.91368173420791,0.1967266457213013,0
90.22142545933936,19.512127520202338,4.243183079148025,46.891614646162886,6.569122475890249,1
73.96330171469631,22.856510980083517,0.9611762182513872,33.24951858882691,2.612898719384155,1
81.69210775672443,24.64605399695363,2.3351970464798826,45.74142281559973,0.8384685660695382,0
77.19800870882537,22.27151582748232,5.312087134405921,38.59121833897329,0.6584298199268843,0
98.3057490403904,33.763695861826136,1.5396157666070511,47.81411632821875,5.26291914073186,1
73.03211353573688,20.645505305601876,6.491450155205994,37.67984391872353,0.6391711767452448,1
93.93697689389111,28.71769787256171,5.948798710602642,38.4505463661983,1.5407376573502667,0
93.9295387010877,27.425839252595146,3.463540129320427,39.33303685398076,0.48402865741135764,0
103.29620201716088,23.944551461982915,9.997468211004929,32.31474922638553,10.684377141699883,1
80.90313407370503,20.53916378459101,6.486207155696587,31.1876366462067,2.935083335751129,1
92.12322159580162,20.92697871843292,2.10144098658853,42.55077096520356,1.676970003295681,0
107.81651836538842,21.92813080313396,5.492348107400097,44.94231173676678,2.7394759487061893,1
78.82358323066303,16.857034872214946,4.131726132639514,43.037887514205515,4.962657315305617,1
69.64959752467641,19.98613829680284,2.446575818281178,33.73012192910738,6.600399236678923,1
66.19989966092237,18.07009393854543,1.8601817136675822,42.40094372536021,3.083735025665762,1
92.12712028861331,29.38350001271087,5.989786669776758,35.04898013148148,3.7818248280089675,1
66.16849791941416,26.473849569552875,2.804109070751733,42.038263541118326,1.014311148575893,1
81.27680947062078,27.14389639546184,3.796247289925896,45.65649572601219,0.9945786260495464,0
89.37313187038961,26.35532780616779,2.1579481435469434,41.83733426667509,3.303612336347409,1
86.85175536829914,24.667870493336654,2.503684125402818,47.342669511209664,2.8511113055337396,1
89.25444864184172,29.842721328516546,3.7461415998570557,39.25006264323628,4.624901268029446,1
87.22289855800854,21.55694937707305,4.776364585448303,38.916753393478174,0.2854549670733274,0
97.78865813313394,24.42667862146818,-1.176718327102897,40.3367564889039,2.34761878204425,1
75.47683619261203,26.988235311296492,4.0338395983335005,33.28679458100629,2.0862505332315533,1
78.23004861541469,18.715163072575486,2.507757974829929,37.98524462191441,3.204128731472395,1
77.27340554729176,36.3863555845702,6.804725306900449,38.424334151299675,0.04971764186277503,0
93.3019181186261,24.114263051110346,9.885505292010873,38.580000283565596,3.5003037408208293,1
94.00398588395063,24.56795780230237,3.2814419300925692,41.341455835817065,0.7903167704865336,0
89.51225319318507,29.027512126699687,0.5555428785736112,32.598354400883544,2.3238847190802985,1
96.83493666889927,27.659821332040895,4.233753939837133,34.271930080697494,1.9171420136133,0
73.2195913262362,24.152312077585837,3.58914134101359,45.66034798319235,1.160345404630578,1
101.67224111551137,24.520517752392166,7.94270129800258,29.963758879680952,2.7410588379769893,1
100.23238621712258,17.983405876208085,7.333178686751085,43.08185534436422,6.499646097441002,1
92.35621997245747,21.774136888600097,5.730749941193129,38.13220159601158,0.7815716949215985,0
102.8179890877106,26.068840864635842,2.8266118375746836,40.80061240831726,2.7601147684725467,1
68.43376792322226,25.775571356171547,5.355533132361607,47.7904939266697,0.7553216441156693,1
79.75551863737348,28.884663000016346,4.530012718136608,39.344086070673384,3.737105747328428,1
77.64696539318048,23.5179957671067,4.482646406598781,43.126940027528846,1.149921931100525,0
92.21479323757343,18.450853946276535,0.8835403028642594,40.292834838409576,1.1930057242696632,1
74.49859260397855,28.226921723102713,6.123590676907293,39.45311915123347,2.9557720404009706,1
92.57495149337485,29.744357384728062,4.21561665662247,38.834123510798186,1.3710315458407896,1
98.70536143996713,27.592978291424917,3.79831730491085,43.505291742531135,0.6202497246231851,0
91.95202900084,23.345465316570035,2.799687009982345,36.3419906693933,10.823838462232532,1
87.83751023661502,28.177544207506315,2.412767000693245,34.33988405724368,1.9363546829768876,0
75.1212665909925,37.71564191203285,4.634517162557964,40.372374867155436,2.072117729775174,1
76.53149033874635,24.460609257761902,0.5016743962838359,40.96392001794248,2.0802071082572606,1
97.49618905296667,18.7530532310195,5.578997519300085,30.8792091730052,4.297310007911396,0
92.79349003905332,21.654859801791392,1.891789126008629,39.94756285694668,0.4063681609994987,1
84.60980480622456,26.501904001216204,-0.11736137241058398,33.86561539392744,0.1219463135912802,1
80.8209045423411,17.58078275640775,7.643790631852042,43.1342155372391,0.9778038018514629,0
64.74192126888623,24.677612299648278,2.283825901308843,30.981575720516837,1.6643825916082666,1
74.29147581315561,25.52134660126353,2.555681676956609,49.62537914931545,0.6729314125790188,1
104.11419087139723,30.14048695925061,6.269076662016149,38.30900791682086,2.3372563954312215,1
72.19544428997533,29.2407794242172,7.708861801033283,35.675190257563436,0.1535806259265555,1
86.8947982122108,27.458339167007082,0.9339968427931398,38.58513769815903,3.128063803578025,1
95.07443973195198,15.349283957941882,2.087663879498661,42.78135429316946,2.5323065779401683,1
72.45077331997707,27.6842125121917,2.234642355678807,44.452350446174684,0.4814564873890377,1
86.84710474781083,26.822053544240987,5.869603325391309,38.62844344987582,0.7089382958675934,0
94.37915537510655,25.023777508313387,7.278264255859067,32.80654792593905,3.2901513703034477,1
85.12499321907251,17.079111495418058,1.8394948768438422,33.938514331889095,2.968589330692277,1
113.68403055666768,20.89290436325176,6.82949067593644,41.431938493703726,3.3615043525434336,1
68.31400741121804,19.332708921863734,2.5819317769425956,44.93663564755226,0.7779324670188417,1
95.5872852988388,15.939966241971637,4.672245805891144,45.587376257920596,6.9847304149866165,1
83.27198262603535,23.988339394340823,1.4570926011443648,40.84046287705391,2.512907146431145,1
92.71920154836675,20.808711514228882,3.756139172836004,44.83649783090711,0.1348470372670599,0
89.41307151699246,34.501222321075645,3.7777745718545677,49.56174608796,1.299159755101713,0
77.66843802890003,23.324912242248363,3.3696833873694527,45.95173856368146,2.1845471147168696,1
87.28996392459341,29.175012623463843,4.769941962639394,44.61018950702186,0.36940924972571904,0
66.42098548601713,17.7236039012271,1.9859382702949482,35.96721408453858,4.640865369097997,1
91.03247500571393,21.87964165598052,2.2325534036263166,44.81309810214002,2.8057314306007584,1
87.98158465990525,24.38759150413726,4.875744289898711,42.306162389443735,0.16987818091829213,0
91.38660168643102,20.36738420556932,6.684070661951457,43.25322814183569,4.888253726301744,1
95.5811832508715,22.31119726078102,3.9543726119041542,46.30553139472256,1.0362701460059833,0
88.67619840209711,23.128196375025844,5.007341546924345,41.79278924184096,1.2046741402236743,1
86.48089419798276,23.064368058220424,5.516160020594681,39.48726834669269,3.0567129696956035,1
76.18931663338708,31.420474292141385,5.661010377266983,34.6506709616954,2.0656360816968746,1
77.87779236350949,25.51290514172604,2.092950548326723,38.51741841177338,1.1508303199493355,0
96.86734620177332,25.918042251765215,2.4459795395901924,41.06426133581342,0.6011960039811856,0
99.36335405705978,26.15861909738028,2.6198508121129302,41.38809670091264,1.455045545577056,0
82.61889563687946,26.45050550934845,7.857267601787928,41.21938149335162,1.7310989797358296,0
85.46002747253274,23.66845206450054,5.016385878343808,44.79754929880522,1.9935506242112486,0
75.95385625006234,22.717014514084614,4.926631440770033,44.326823501085606,1.8580593048711775,0
96.72756845267445,24.66726423807311,4.732471506367477,39.689558792717015,1.9210260449533954,0
91.65416823691778,28.62721579565389,1.358413192761002,35.76368946272026,1.2915258940598981,1
104.4121743646375,28.504952753745535,7.8763809415540775,41.916789683887856,1.6505606520862564,0
76.21676922820261,23.038406097246355,4.958375061573921,51.23168773807727,0.6811481926620815,0
81.21992100981782,27.071374778672446,5.446320225309905,41.606213876395216,0.34484126291912554,0
87.31445922525572,23.22166134784133,0.46895742216839587,38.5203802381339,1.8675640625429677,1
91.4648953772577,24.135482197740977,5.559287704723036,42.679180762335804,0.0962780053838161,1
82.84332362452368,22.10590647378321,3.287575099744746,42.97868129380637,0.1348602511795077,0
76.270389095463,23.273419444375065,1.3544340505475256,42.92325300202888,0.568219577823629,1
93.81407528923572,29.36532027819872,2.092472668256405,46.864400975228506,0.4321546831229784,0
92.21135362545581,24.369684589356947,1.4702115830932674,41.93046478476735,0.9371712907325911,1
75.83725899436276,24.54113003420927,1.4364316097707794,46.62706117705174,0.9281665790758722,1
98.55442801105495,18.21112888296817,4.12109564072842,41.151170568687554,0.2485327900037038,0
96.70198709196603,22.763024369469083,3.2264744225366977,47.562491337544365,0.566060509928895,0
86.34296497247793,23.034740385021085,4.668138724322775,46.03367597869802,0.009159280362959297,0
85.79597862376036,20.68342605822638,7.351951742136009,44.608997057764505,0.8645336029982944,0
90.54057771115907,24.086661646814253,3.7409925727453253,43.945928678814504,3.1835415740976583,1
76.38296929743741,22.283270839089383,-0.48977858791685414,51.50758838535209,0.6189284842052383,1
85.30031479164082,24.319983420974328,3.516083576904367,45.38308794333216,2.0619903440503635,1
63.4761645539082,24.48601203927574,6.386788872795743,35.75341497687744,0.20684740447829308,1
93.76455645502935,20.176982568709423,3.8281210550063403,41.229502757341606,0.02472150412840342,0
69.3850677755814,22.405192870067243,7.058661307383404,38.67641615886369,1.3798907119362511,1
100.03419828428999,24.309497131043333,4.905883186275638,50.32238158398975,1.237876424186487,0
81.6987990603355,28.737197724626903,0.3234605312052219,46.25718779797729,0.4251966919310748,1
82.88333018068823,25.026876691182963,4.219164500876717,50.15975512310543,0.6753838380935,0
78.72266093915495,21.35225928033029,4.594002588529458,36.20002735882609,0.06230323847699192,0
82.11961126077924,25.59601903697541,6.160711602547288,45.50837339274982,3.1969947241664634,1
99.18531345148037,30.83019555728704,7.639273143223137,33.17735508481984,0.7170180964404611,0
60.1219134346492,27.666825890356073,5.815451039417399,32.039338329310084,0.49552940769809983,1
97.76965386088187,26.19010612174248,4.880959594774434,38.01521933762953,3.266003760310361,1
88.38023481101708,26.902360701929286,5.3523765431566925,47.561875687478526,0.08013143566951947,0
72.92978352142785,29.759816165714522,3.663986387100865,35.03692479523044,0.669619526413051,1
74.24687606950762,28.30250717607064,1.0742443263851413,39.91594076588378,0.6096631412931197,1
101.76393027208204,26.26704152447063,4.082992172445721,45.94421434102943,0.6102604587741643,0
75.54493120057269,28.27456887836034,4.730580654917811,44.232065805796516,0.02312469239150933,0
73.46649489404041,19.673395614943757,1.5926847481761541,51.080932893564295,5.45666048570298,1
96.37314542364729,17.990938990638874,6.6532432789998825,40.016859961049306,3.9923372066799976,1
88.38552876285914,24.62839460257532,6.010822030964862,37.79185227684666,1.0705544751666984,1
75.620744234636,24.274722838602152,1.2564771694242616,34.52759459460511,1.179142279375064,1
87.16624975404619,21.82435978594697,6.731664577579749,38.160000299413,1.4853230434111697,0
74.74247316359723,27.303410679310836,3.3833712615803053,34.482005204070475,1.3013859886189438,0
96.00821398422605,16.548545654195056,2.443016869763303,31.017773600451928,3.020395397339167,1
95.61370964873133,21.860910975768785,6.158555385493052,49.816962906710444,1.3405023273036525,0
90.32006198821944,22.06017782048954,3.897891174479884,40.244533996376965,0.41854211796943175,0
88.61661061247017,17.45479285960216,7.79837064167374,52.95733435614564,0.24879648119572034,0
102.61188124867374,29.978924029077216,2.294223912226498,35.80355781663758,5.008703370339863,1
84.99686327388225,18.563194925346707,0.5366849520546908,37.85595695647995,0.09918455585018038,1
73.181258745792,21.646639770769255,3.439123437667717,36.12315494121447,4.556966645350087,1
89.49473912832306,27.631919031220534,5.578444998120945,36.79621967503618,2.345459917282123,1
105.86047049537115,26.584181373714927,2.1457140289289134,44.36801872104722,1.0373953414291643,1
74.85240506814148,19.567301214061015,1.3397992344002416,42.83161983132187,0.4144873751920391,1
81.38537233306015,26.729956837042547,4.457854805405508,44.37704712708881,0.7435255654598125,0
89.16446038101452,25.159137914632886,1.072625579664967,46.7113579607597,1.5095077886353014,1
84.4609515099426,33.33214224844587,4.613385399226828,45.53677522083741,2.139180719414571,1
75.17696419622686,25.61576166427322,3.3187538975436457,34.95755127779007,2.3518881107550174,1
96.21857856230471,23.435032715725875,4.988932976704747,37.38090718165487,1.185857085683422,1
108.2004072201726,20.57399217152231,1.2323423921507963,40.60741405035819,0.9367270487765978,1
86.96131459023907,21.023026532177717,6.596326302887808,58.63916672381593,2.9247746804511103,1
75.95931710264,20.696923618127368,3.6339310300126204,43.86200071065688,5.191589825123146,1
69.51039474946525,29.484395255647687,5.527045335809646,40.53344404203395,4.917659509313093,1
87.5797598122118,24.071879660065882,5.919750922569778,43.36637360872876,1.6042318235434632,0
96.03877343316258,26.26098849589892,1.6851100952680884,36.984429727945724,0.16463460664726237,1
89.75167746495381,30.05699039992355,5.7645150192161525,41.31212755501152,0.15222879231024272,0
84.97596159081147,14.56614343117014,1.1498664497113489,44.773310924050364,1.0308580555004485,1
79.10728348210694,29.1154950588015,1.2597245144802143,39.85502157729329,2.6399162753302416,1
74.07836367281911,24.221587647133337,7.927998471976869,36.21723372976406,1.375698617453892,1
93.34751326324883,25.74019348656178,6.223706737593249,39.61062973660154,1.9742973124562118,0
94.13771621385585,20.686387113006994,8.147328350867511,38.40211695701908,3.7070876046568304,1
69.54270213309266,20.979502406205928,3.2595719387841786,33.214362901645515,0.08234324394654467,1
100.89838978180684,25.955383559251953,4.2048573281560175,37.14223919903696,5.149222940622446,1
90.74071220894001,33.53839120132588,5.054709493504727,33.03593606834778,0.8036357059909738,0
98.99594645145794,28.013253251259606,3.975608866812211,33.81602554751988,0.09583454121264613,0
71.57872251514885,29.06209168567416,2.507727958608191,34.29527756066765,3.608820744763617,1
71.34175844584561,23.23199491895432,2.207830604239902,44.76725649112931,5.440873981927677,1
83.51030690232703,21.599183101657488,4.427724465657899,47.4458253167975,2.927405187030896,1
90.02784426895194,20.876780193684027,1.86628031667539,32.31960161480887,3.26454779236642,1
102.96360822926964,22.046905101213248,1.810273015266295,47.900918331372445,4.100672147923337,1
92.06078913815132,15.788870267317899,4.787144022309185,34.36702913519727,1.4778107236476705,0
82.57318723187967,21.10032262843359,3.8096812970287695,43.73440046986179,2.28176365979723,1
74.73630792334107,21.758587375760627,5.8744125411633705,41.29279285383153,0.6750099688100087,1
97.3000057271915,23.298567302420636,3.1501771798343157,43.17925772356427,0.5745656774619089,1
75.35294574249285,24.527000438989166,2.8374881000489287,34.17128473594519,1.877802091916154,0
101.28468554772321,25.449803474502442,4.847106792070942,30.93821358663947,2.6530928405482412,1
82.1561535039349,23.94029851022816,2.3759502508923456,35.985457949337146,1.0121424137855564,0
100.9058207261785,21.67422765462897,2.6837445488866294,42.13434324980329,1.0226217510663798,0
91.78931290059279,16.14656542693792,2.7630912192411703,49.7845208774293,6.168408762938437,0
83.63004510557542,21.698765566392826,3.5805957874088943,34.851382011569605,1.461533590404999,0
79.80603628173873,20.11019744925198,7.544873086591805,39.50581256675845,8.578424706825775,1
81.59092122653921,25.864266993114416,1.2464223500856857,36.2546040074519,3.9732531871716747,1
89.28316692375238,27.637149586774775,6.591015164234918,39.91386908611828,2.0414014577328934,1
85.77156496217717,27.754284268239758,5.4755735125798335,30.34607319485169,0.01835515671797748,0
79.06188591931294,27.02781094451128,7.133957694739985,47.49021667694951,0.7017412480506442,1
83.34368589682367,23.46589705819005,10.273372096644547,40.12018039143153,1.0813459285266842,1
85.7857702971915,21.912177738096414,6.862906041575711,44.58582831993043,2.115794479807363,1
63.71265905585188,21.011588985331734,5.851333895815722,38.83898988315446,1.0067835570747394,1
89.58168114788698,17.970004333592996,1.3750072967499651,40.953140380634714,3.518474803693008,1
75.20278775283194,27.96741480203143,1.6275554769779146,45.64436246323373,2.1747825895335913,1
73.46667596794255,23.301155848280104,4.720380368730443,40.65858411547112,0.8528466666137097,1
68.1265565288929,19.014638825516506,0.603847704160871,40.83853162057728,3.0689767428989096,1
67.0610750213211,20.694034497159063,5.2308785025824385,36.0302947868725,0.7221989049414154,1
71.44552496887711,20.532106174269792,-0.26984378152202293,37.3278821916045,0.1296885645268703,1
77.9097904236951,24.172097940060507,6.304466771129231,34.93592181079532,0.3788283877193619,0
104.53259137526568,28.269871404282743,3.356599376132803,36.30991205760167,0.005488509595769045,1
79.74120324104796,22.608041801617667,4.253193890940378,46.25614555232084,3.571756955351935,1
86.77750106268032,14.989865940865403,2.503255407159035,49.04304655003569,1.9729355508050312,0
89.00481386506328,23.243278659364318,0.20294717955485542,33.763625576853045,1.6905898520485807,1
86.3106518621585,23.375224399611216,6.469390558388524,41.97585892518388,2.1697043172883,1
84.22556539274007,23.100319076257914,6.671402789909428,38.41154304899778,2.120312533719446,1
73.04706236400756,21.490155334097192,3.2970244695926043,46.98484283357882,1.6671183963126393,1
99.50927548279212,24.86975632290337,5.3238591294680155,40.6743010908896,3.6955176902848064,1
103.07196643637886,24.264564460596006,3.218217159579192,39.96262147629566,1.1630220322184142,0
68.17341305877315,23.900678743493412,4.576979688532493,36.27615343920132,3.2675580063826857,1
74.7597140911362,25.650565445771864,5.51827839784022,32.341099804537926,3.0894896003887315,1
82.20189657622994,22.280668707408587,5.110169849147747,43.80469241374744,0.44504957521181704,0
75.35462205089809,22.053657321197388,6.681939226818691,41.76489287375722,1.2094060528927222,0
90.05965553455866,29.5204931583416,5.037761351410671,41.88722070260215,3.602798251108857,1
77.71727797593387,26.237421638861743,4.05616923407719,37.003364486707014,3.5540001561264303,1
106.65056067806603,27.3077842437712,2.4771620642451557,39.27115777244981,0.04859883233049872,0
96.90548594343596,28.904418341336275,3.0429892393521585,43.95535493056792,0.5047588766531652,0
87.12574030632214,26.1037767224992,5.620102793450032,44.91056314865556,1.1028591613875944,0
95.26986263319732,27.713554716544685,0.9963469621717627,34.107641920407346,0.09660470833778781,1
96.05900424357309,17.68261935171896,6.211614606825593,36.833259647493016,0.6038990684341597,0
79.36052511941757,24.81661548798411,3.437712547970934,33.05058288963929,0.5976204260226624,0
76.83782755458036,23.26912615274269,2.36278819118422,41.006322062966824,0.4830437608776177,0
85.78143062969647,30.71073636359924,1.8025516464370654,44.421691560516145,1.0105454019104334,1
93.61636124497944,27.7105821272132,5.348735571296774,38.606422414752906,3.353408556640376,1
86.39060398653417,21.47821923682728,3.970717292393364,36.68571684500143,0.5597284664058949,0
69.23003517809002,25.491176634116822,7.17753044645964,38.323490730973546,1.744869785793181,1
76.97175556049157,24.67072533379696,1.4738486989481578,51.53156657488243,1.6309824750297952,1
84.26027136405622,25.817325732608914,2.843672753876274,45.95964049961774,3.4066631039567876,0
84.2433439567417,19.92463012250139,3.8155576837451735,43.65498586364831,1.0017486238888138,0
104.72542176789808,25.440065860952902,2.496286512060132,41.60033947791336,0.5060940175814801,0
71.14012057601002,23.087394602847063,4.012237328283606,39.936292676904756,4.442390874674747,1
90.05589241835875,25.129799056222403,4.6390015328310374,35.466839179523106,3.5788890585820075,1
99.8911310832829,21.10245933951132,4.96896847825948,34.69154787845984,1.9430978554067886,0
107.71449745422797,21.6597473144136,7.012334261768922,37.16044661743394,0.19575356890745813,0
80.95602576816039,28.69536808146681,1.3930551424368391,35.23110060098983,0.03249826847061078,1
89.914294527202,19.793809766639356,4.675520639870621,36.96093518990077,0.4033136591884984,0
90.69760357198646,20.088982395831806,2.706114360823667,39.49052186940211,0.4379011045590741,0
86.9548173155329,23.793674971137687,4.86002676004717,39.87349205718521,0.29293782804235596,0
84.01154798760695,20.912438499256183,4.862664372706094,36.89809362307763,0.6081144903143123,0
89.35975389500047,20.459885470948805,2.0261612335353374,42.476047773201024,0.8246428014827385,0
59.677539147803145,24.42030388483318,2.197695314731825,39.05496813925808,2.808414891056824,1
91.82069490062631,17.979736572385182,5.0232861269391496,41.0734931558909,2.4724558286491045,1
86.26177903661967,19.96815106034545,4.046809021488261,36.277048075332125,0.22047661150013467,0
82.77525103221734,32.216382331694575,3.560756318536791,43.46436277255004,7.55384587184695,1
105.46862195719558,25.837900235876035,5.315973659549947,37.325769498742076,2.789776398546755,1
78.25065981209448,21.013746590920356,5.463436951724264,48.04277118369328,0.35689795245382366,0
80.9692401093497,25.67286031306479,2.9407397745965946,38.87504322954416,0.2659124211296573,0
104.91553302204734,26.26932190794652,2.295893724715,39.52657969252738,0.18323715409781285,0
76.67938695150143,27.977657680360952,1.476162046324716,42.96794243171114,2.6319601039528786,1
79.4988471706346,23.491375882173077,4.06690824040297,44.059250967274934,0.5391252786553176,0
83.5297457656915,27.905990811091556,1.1536794457028705,44.59796840095665,0.15153437771863462,1
93.4073448212955,15.846213900471309,4.198856916458068,48.87794016506985,1.0957664023879707,0
87.07802507353314,19.774767478096987,6.433673582848879,43.30942761702017,2.46679246041201,0
72.07374652847737,24.655485606945824,3.2930804594274314,39.665067555776425,0.7264107728630962,1
79.67831436872811,25.318534131231168,2.9275914389196727,37.35177042299091,1.3180541855462355,0
78.92645566787789,20.352870849325434,7.99568954725429,39.33085858400161,0.4280578524734025,0
84.22778954776955,25.037679965052636,7.019403638375292,47.42008245214442,1.1212524195287223,1
89.25843658629829,21.504639005250958,2.4708042588891717,33.065168484888154,0.8892714070811277,0
89.18205755887972,22.89216362309134,4.27802636211795,35.90495941770453,1.1380341367765336,0
67.23988245951598,28.099095202660045,4.657356484696165,38.90506628233219,1.2536390174944652,1
95.63940987560856,27.635749987554398,4.4073208454523565,35.8384226522663,0.19368015075558492,0
87.52568845996623,20.01175869054695,7.629346895425575,37.95614007578926,0.19603806586778982,0
98.84532047593906,19.770994151919588,4.174459784838841,49.03117269173256,0.6038610933894553,0
89.44198327290673,22.355306417786736,4.474469751262034,38.5095348018502,0.24604979725330503,0
96.01322957735762,23.8930147953083,5.377324590292831,42.05824282581472,0.5828027975506478,0
89.66545311450128,21.368406045701036,6.379839432095334,31.709015750021322,0.04970041636272235,0
98.46225756202747,28.162569771198672,5.873798388608211,34.487813653407684,0.8638422372054768,1
90.22250636017779,25.38955936683422,5.076169572623279,44.66341804811,0.4800967713771799,0
84.02084753557097,25.624340439497715,0.8826003892121834,48.34014219272444,4.453960124572598,1
107.72434720446881,18.933844684220112,3.023724551883148,41.10705298644262,3.9060773203875745,1
93.89037122279892,28.66916286953512,5.638842414410542,38.469918703051675,0.7145469315593019,0
90.73744421004413,12.719324711037236,4.500797394558611,42.48080815444405,1.2905629424399683,0
72.23695583461664,27.336221807397475,5.652257267645904,27.012827418906248,6.237703790504951,1
72.11692382536462,27.737246950683083,7.7743321233424965,41.14560671759021,1.4850798217549226,1
87.92715482141854,22.270395250888154,1.6460735898813512,34.769446999462495,3.773458582778814,1
86.45521197768241,29.091640868989696,6.275820349609168,43.97046491112021,3.501712384908595,1
78.85877434991684,23.747609788182615,3.3392730750127377,29.038505459095276,5.67025540185949,1
86.4098269961206,24.24972681330977,5.870699638549464,36.8581201204536,0.7297041231299455,0
100.88626928043595,25.358115149616864,3.917558513263765,39.79512080946002,0.08883539481864262,0
91.95402474550299,36.74629964724422,8.254009077785991,36.19104408522023,0.21952646179348925,1
73.58991490247261,29.37773563233202,4.260173872523476,38.12257799905929,1.6939842358514554,1
83.88491172857056,26.804524802851674,2.718971551288039,44.52217175338254,1.5112283787421645,0
76.9503351914744,20.34878205359522,4.839749245583535,39.87751992741371,0.708934859367444,0
81.12300083591438,24.57435930191797,4.6478855614365395,35.347095975177126,0.5719358779016621,0
80.86384334370358,20.747503624614453,6.276194188220895,44.702000330038956,2.471487252569264,0
80.22354417395995,27.288443389131253,4.896105597209851,41.25490434535581,0.83255532330487,0
72.44864628026605,24.561867902939426,8.950129278338606,41.46243739792499,1.8524386448879535,1
83.7234531848181,19.501913281544418,3.7771917291954553,35.53744487385948,2.491629432766974,1
79.3939236315269,24.32449833367401,3.8007601004390525,27.26196663668974,1.1258714060693802,0
55.705513099977324,20.602330121134777,2.7922278998938914,35.46934383321814,0.42987032866941205,1
105.52972024501663,24.60486488535019,4.171336676708354,34.960657109822584,3.943402040143539,1
95.88769654216672,20.563690734538973,4.462118242165908,36.93351521409639,0.19639678169390348,0
81.23699275075003,24.10995053344325,4.562421059911755,35.79072167003847,3.5376960987573516,1
85.18819049740598,27.00187944774038,4.134375350987998,40.56349254523483,3.6240824346151888,1
73.28345652682438,23.787792032299574,2.7803575665454026,44.404387355228515,1.6925932945575561,1
101.95722877810866,22.436446931310446,2.2366697438352894,45.380807136764396,1.9856743956045182,0
103.97288694773111,24.81310488422985,3.2496525503288876,44.18605929181814,0.8863871010862568,0
86.56693728246525,26.788730483171413,6.2830753204702265,35.511875120941475,3.6850643935492005,1
95.23530644185345,19.571266920472958,6.7135993709829584,40.294503966599194,0.6122452802718735,0
86.75286778933923,25.04262461882081,3.84607092711913,47.82582924085026,1.640943470705821,0
71.6327456112407,29.2701632760696,2.1168340670651506,32.07632833513545,0.003592896214265307,1
80.88176631036343,26.29462785310686,3.837652779366418,46.741150222125654,5.621598456727339,1
86.31927966771957,24.23101658666891,8.183330870540159,35.019483318051606,5.924460539496728,1
80.45452281256556,26.55895002679558,5.997935670633241,41.46882643792041,2.478624469176896,1
82.81346722564965,25.80998582441073,5.101485383065095,42.063925584845144,1.1006575040254714,0
84.08600442490885,27.014404436639257,5.925369834105139,40.94956518284735,0.3935171854688151,0
84.19121502134539,15.904273556068222,7.081133222682626,51.1423644710129,1.3563708795702651,0
85.52258490497483,17.78617546534694,1.6942675969057608,38.495840497643535,3.134773881365135,1
74.39394933603398,28.01931659793295,3.2159202626057546,31.802560625381794,1.8591249352941386,1
77.82983850872064,17.978883295354237,2.9425567343263688,41.782235337634226,1.4994205517715902,0
72.1541573430003,25.60615454287682,5.174228794141967,39.1498000763777,3.786843175812389,1
94.778155496862,22.591801375870833,4.320221781279194,42.77400604109586,0.7512319268441273,1
63.943530581596754,20.01524301761601,5.512622581378816,44.41047620936867,3.931711068127743,1
96.53590343316925,25.398599028589896,2.9862253002655548,39.83155164147769,1.1576858095147216,0
98.86349397262843,24.804134014866282,6.7439041013583125,42.18155215321149,0.004833498656986403,0
81.97819413017379,32.44137060838551,3.8613325837013965,40.72118966118515,2.6331038654023864,1
58.96862912172701,21.500755181856444,5.389091103916366,48.95943722037356,4.204902650224788,1
81.38689438032709,29.760440480276696,6.390812997845879,38.14719123566167,1.3246961171002236,0
84.35815838711181,25.40969165753726,6.230248630989937,36.564649009950685,1.2130139317871123,0
74.89401780071087,21.35591247382915,4.721656816803593,44.40365451555614,3.2741159734167615,1
79.84781606191757,27.196985830068982,5.638693812765091,35.35410092328642,4.321732688586447,1
100.30195198863352,26.262954017815805,7.483321327944573,41.96078902791273,7.331897236968474,1
91.64927162301741,24.143373179432196,5.027202467949392,39.152054231654226,0.848226694762338,0
75.754358856219,25.065181425762493,2.5407071958768404,39.49339657729033,1.8062000596108825,0
69.02400830404568,21.612051875817873,5.16610146192777,52.18652312005085,3.46228864875362,1
81.72982682390229,20.69685149898197,3.9254375639608194,46.17043372461117,1.5179412607635976,0
82.86543220649561,27.037768695290332,-0.6960022688086882,45.10789766659716,1.239248282179098,1
89.96199187363317,23.104242302746904,4.9239960474061855,42.65285320238487,1.6969468143714457,0
79.64683287432341,23.67966800700363,4.233301300031214,36.54242939279912,0.8828074641410139,0
90.11499575361862,25.11928638377711,6.312835542994877,41.30740843368861,0.4265748015160431,0
104.35154040060229,25.061153379135234,2.4998126850233873,42.91662150414335,0.13790955887467946,0
93.15501022444262,18.28269411610374,0.9885806752413848,40.994927150696846,1.8831184382889161,1
84.51911492669227,29.145008345819434,4.337361718821019,40.473751636719804,0.9532811671070567,0
83.16849528946705,24.48472860760271,4.760354775210892,38.012753506052974,4.290359486473154,0
81.43326865820129,23.1893869487114,4.187665890771138,41.36729324840641,0.5045247868933317,0
96.80640912452145,25.723384020678985,4.041417367370807,37.37214324273236,0.7441911809008152,0
78.72686554048697,24.94616877445945,1.862546091587347,43.517115897836305,7.047152871012654,1
85.45222708999982,27.068250757958808,3.7221657260501537,29.921143994211818,1.625173596399396,0
85.51197901881085,26.151934688603763,3.3031883409911695,46.79371783224971,0.8516000652176466,0
79.98215807188468,26.871384915985068,6.14541748153488,33.441670490660556,3.945042748664843,1
71.27534452115898,29.403975622910064,4.7586507280612285,34.663724879652214,2.720279505077035,1
88.22974503617668,27.534498195883888,3.4440057565096103,42.044270928108396,1.7026121232827094,0
84.38996028144616,23.358055118685748,7.447769752845531,42.69970915177331,4.398247194965974,1
90.0024046943657,19.50839537569267,3.4621846475699813,50.39138988202184,0.19734701259922657,0
79.66399693560834,30.67119173201806,5.115573447772326,41.48142264654563,1.0033814272222346,0
97.20821298813048,23.04910650661155,3.6661573328214354,39.79772617003583,3.327261379110554,1
76.23226218788156,22.10757034655791,7.262305030056008,40.95649689271412,0.9753350229593093,0
102.12040284017893,17.053092728942243,4.173719551627222,47.95243880643889,5.227386226011458,1
67.52363490171739,25.353892421248446,4.232828455781347,52.1219999533219,0.3309787397764999,1
89.3477006455689,24.59554641581508,3.720259282454573,39.075998505455075,0.8208667779026978,0
89.75430682526624,17.93954025500208,4.393023852002429,42.713862080860565,1.1093549704200472,0
77.04442932059118,25.813096168532702,6.399075677295818,39.628054077522364,2.322861931299475,1
89.24393937861012,22.007232317194244,5.691687689369376,39.528668293730675,0.434694470148497,0
97.7951866976016,34.761260029154776,4.056152362232342,49.39525311932384,0.019825610581896923,0
62.831811606459354,21.722555231636527,7.402650212913308,35.37134138068255,7.502302569582816,1
90.02744807490815,22.25922667120883,5.745971282685138,28.328593955583358,4.580465376010199,1
60.06729179669922,20.50089510298253,3.1236377616053015,41.587221795232765,0.713984518235047,1
75.34335196476792,29.11150608416789,1.239303292532124,46.00503264381037,1.3212857900819592,1
101.29166364900945,22.508896822140986,3.16997239640686,41.099483131255155,1.342459113821935,0
79.18217966607946,21.100343384938014,4.8266975571005055,42.51101775604006,4.06856247690751,1
73.26120035591028,26.82782003968217,5.194400741262854,43.761966905634466,1.8179359235728516,1
83.02062271015318,18.47858825834726,6.718275366604038,40.554555367048025,3.5023603904947556,1
105.67906338163553,26.50044218499579,1.8109080497619998,42.781538117241624,4.860704009448705,1
66.68317752793973,31.12559886640343,3.1216893321063792,42.698059493268296,1.6692055185335226,1
74.48690088360655,26.266431331340357,1.644714660250974,30.206977013802565,0.6722954882175828,1
99.97431683179626,26.5515932650397,1.3224015768411088,40.56933446864896,1.3811322520694953,1
103.57702343537733,27.480240867629934,2.7443625080933627,32.13608583520251,3.805868492975711,1
83.96568775709716,30.838832114702075,4.733224488588042,39.80914247446289,1.7523099826562332,0
72.60947297473358,28.839575840076417,5.542788869780632,37.52359525580283,4.52138794967627,1
105.95843501809159,25.758678889092096,2.1032917867566505,45.170056271839144,4.515912087238535,1
100.94442391749197,27.615565602544006,2.3814481612255203,41.22206379604999,0.9347649191770026,1
91.78946987762232,20.456260298139558,0.44035364935313215,42.36596423044114,1.1888271731922648,1
76.8759765106258,27.10517436298929,4.428704416553991,39.04274641018875,2.265871887915857,1
84.50970659161963,19.97777611526501,2.5357221960585234,45.26090631303181,0.23546109829687592,0
83.39639918955169,22.531910325473493,7.3260627564236955,32.01337329738633,1.2530612055523003,0
88.30851304615578,11.66975129942705,4.819617599299189,35.5224877393933,0.32359237005308,0
99.51001438131337,25.60571863746985,3.65710851308645,46.431535608044015,3.7671730746978516,1
93.79417041137403,21.42451195556659,2.717775144911095,37.821757504339075,5.721858456513093,1
74.22623923015242,28.44458086081785,1.0106595596115415,29.270839974145574,0.30525106315475925,1
98.76496450019538,25.56077044242161,1.2642564461091381,47.26320638306943,2.201277232943959,1
88.13132140013155,28.4963835788065,2.7557180908557304,45.38468035679899,2.0241898273966066,1
91.87065795858916,19.665613821309847,2.6021942359513908,43.55484703305366,2.8548561503947947,0
99.66540859278604,28.15354414863853,2.0016563143080113,40.47203003475851,2.380006028113486,1
73.88419750486449,32.423425377453306,4.754189454884689,48.30373509079348,0.4895747852644574,1
84.64174421293536,27.056633199727578,5.028531184829719,46.29309214531251,0.688399465811091,0
79.68545448640785,27.161396034769155,3.0827352053965438,47.73928034396005,0.3612033908110277,0
69.32140574634545,24.67839070557974,7.870304536530634,43.477502402236155,5.0802637254395355,1
88.4670997760492,21.901324877738542,0.5065412669678158,40.61397925625541,1.4755505896754084,1
110.11556551584424,27.044769490806033,4.1163277979445265,38.004175644926,7.472877526989742,1
66.59922255494247,17.975668358391726,3.5628395918241496,33.65538078767064,1.193209525755637,1
84.67719388950529,22.328979500316734,2.898598236065487,42.510228077331725,1.6091551447011554,0
91.40542935074774,16.91577279065127,2.604674307973881,42.92678667397802,3.1145822237396996,1
86.23078201656182,21.18537449073967,3.986080234175284,38.25109334046338,3.1913033597197673,1
83.86871947484259,26.568180367574243,3.5489443453565426,43.06840514058317,0.5257177134934072,0
72.00783636554176,26.021573504881854,3.216246945774881,38.33911084200428,0.6801494607968842,1
87.32786742940164,24.20365478214189,1.4025607300212508,44.337138456734806,0.20585326557154443,1
77.43236022984074,24.68160397624804,0.7637763643790021,35.58946353428641,3.274281242791755,1
63.100782950214466,16.456541528543163,3.4229670496088693,34.72444232495649,3.158414222489667,1
96.94592220513731,22.50975087771634,3.1958077910069393,38.797106363906764,0.1695016312249052,0
94.58385819842043,21.27459357425916,3.6059262794463445,44.143926977511434,0.5952832509400777,0
85.5166097685108,21.363761237941837,3.7827564042209825,34.206072676704885,1.195190460318688,0
87.29074688205702,26.398314511255013,2.9549953162343643,45.24843509504598,1.5608071107527155,0
95.74318012715561,20.55797069397876,3.5751851523635887,31.787059328073937,1.478567457436763,0
87.24339656778082,21.581276599490355,2.292943383793011,38.76627062202854,8.157960917009362,1
94.04017554761315,15.651723017161935,7.047891618326567,32.93461936448679,2.8889103645249437,0
82.0251779912615,22.82350727849532,2.4005197037000627,26.95050317908384,0.24024413812603643,0
98.11983738573946,19.64864980914552,3.258038581069319,41.83225902387627,0.6948708853360377,0
88.20785725932684,24.316811714758575,2.552422421772239,39.11094445684443,0.8475450517141877,0
86.94051943605874,20.19556781303014,2.5188369195901945,33.01450533584756,0.7571052418952279,0
72.29938911287968,24.418168982196864,4.049283133275893,37.4169307100761,3.08305070898788,1
87.86955854301709,23.42125695703063,3.795531580233976,42.20912613464657,0.8943289291365129,0
76.68045082505549,30.688167092169284,3.0810792192495797,38.15925166505416,1.3562283652111342,0
78.61717273471506,25.988871921812773,3.4330480168913766,39.00659442215801,1.5247980333336162,0
76.84624371683879,16.641448509750788,2.5603728980134592,38.00771714838475,0.6305825753792811,0
74.33765068100774,18.940444623589165,4.803451275452321,37.0884893428502,0.779269533868488,1
106.24771403016962,24.220832035969334,8.110385485181428,37.02331362628461,3.028233363751972,1
98.31339061988403,20.2806082064294,2.2503174455335633,36.87651316852132,4.030050514622431,0
104.20367502144262,12.126526279056591,4.787926447469209,36.23428561963463,0.07557010204898398,1
72.77104980444436,29.398185255334973,4.08989791404142,34.91352701154599,1.8585217654903678,1
85.71253749910892,26.88089606762163,5.3372595162651795,38.101438411410854,2.0071616323487733,1
72.06492374795904,26.083907493967086,5.393585920992143,36.80036073835991,2.673555219462779,1
78.04305122802936,21.57070781811634,4.410825394437321,34.64150684742153,2.3673391224425373,1
75.81873016583425,25.71070708403972,3.9203588477698004,43.830073276784766,4.198056080452443,1
97.39584006441561,21.182558703116474,3.131099600703107,46.16317985958358,0.16344491186728707,0
81.0377032189824,24.819429200870765,2.470079293782729,39.999486126983,0.9832628288202907,0
95.68379333694017,20.31766709665409,3.8063086780964306,40.3323649396542,3.0473412259277706,1
91.04120889588518,30.065153802224057,1.4308223371646394,36.537180170652015,3.7491521963935597,1
108.03638752104789,17.719053383672623,2.8122880197650626,45.335156783954986,0.6151395588576585,0
70.20555776860276,28.929135318043325,6.213707248945138,48.6909055753817,1.7603228731200522,1
97.59233239786799,24.155663312069322,4.197024442159383,39.18103085487169,0.3987686398022415,0
96.46440870400727,22.04213201863204,5.785328837871099,37.39276735803739,3.8062003257750465,1
75.26621161972966,24.668011686782954,6.939287773316848,41.70737632977423,2.621855470043242,1
95.0713333647316,26.933392028712724,3.6459410881703658,40.64465522019194,0.5022248148033513,1
88.36144963026229,29.46698694677759,4.414651668387283,37.49922262271355,1.955126001069896,0
82.72523740046593,25.25257209253413,3.396308211694489,42.35597916516175,1.4239277221968516,0
76.76064513028001,20.43721565895089,2.3747884790487874,44.690788036949485,0.5990417000062317,0
77.80890548550813,24.222520495063154,2.0940634813351906,36.0709079933761,4.472145819358224,1
105.49812095785926,31.26717294664949,5.686300745192982,52.71016989857802,0.31996030441968115,0
85.00682818957483,29.390712342050495,4.417254560971296,32.33528921451086,1.2601937925278737,0
92.82130001531459,27.635053912497433,7.693206144162106,35.741546368295495,1.7483708885783988,0
77.09100618332447,27.182748080489546,5.944104025847782,41.16984015151181,3.469386110946603,1
77.2014705377836,26.797800362426166,2.537574020927264,51.23436559188274,0.32546122702035285,0
95.81984809249943,28.63501933803948,5.680684360453542,37.18704654159688,1.878988774041176,0
71.50423788448468,22.173484857112378,3.3898489217954895,34.671268437022064,0.013162707138592399,1
80.84786232094729,18.579655736899976,6.433719418258002,42.74620739214373,3.458485766786707,1
85.34027411072232,24.276014002948244,3.0273322455139597,38.75702796140965,0.5350595332339518,0
86.11372601840053,20.729673652889236,1.8951480795146551,43.32627847477216,2.5524800179846308,0
83.20906714983843,19.77991697849126,2.408489845877181,39.6460972504979,1.841992517516544,1
88.95819781095923,21.118885693648274,2.5106701951701726,35.71416728935022,0.10285478140392429,0
91.92855755817811,33.941255698134746,2.3194964707626715,51.74437985207115,0.40479552236062627,0
92.3463754545933,24.544498536303376,2.8547834487897865,25.228047004596405,0.6232411743173243,0
75.14196191332174,25.447631345443952,5.7133837406504755,49.10119375174886,4.355921036955335,1
82.15844902071203,19.110548771982984,7.592088416532368,44.66630952116964,1.3109452806655577,0
96.94762861876937,16.62498816482948,1.3396209688929925,36.27205354236393,4.8952961385318545,1
93.94647187573872,20.72378942752478,6.527026085666298,49.362100524168824,0.09722515101555942,0
71.27140548518936,29.752782340834994,3.0445925680511428,33.142904003778696,0.013171021337305331,1
88.51479900352201,25.337101864306085,4.695765062404468,45.04055481003762,5.922531097176887,1
65.2177475062519,26.394380365777568,0.6917079388534053,29.58677443476445,2.5741067917938936,0
85.4693490206037,26.954264156808247,5.048070034689712,34.27060903514813,3.05863778347098,1
103.97767016745976,21.63460248080689,-0.010624793632125318,34.25819087176062,4.94925407149738,0
75.52107282731014,29.55186233589347,4.6278701446203305,36.24671669785601,8.338829306548629,1
76.65676954508417,21.46876960311127,4.514512094058673,40.05790557689329,0.20564341102402098,0
92.6402978157286,29.624929437050213,4.382015268590934,35.87011817945921,0.3446426780268095,0
69.57198484790354,25.769208624541363,2.530179698734141,29.817945241511055,0.41792281246643875,1
78.67244970114962,16.84381938301471,5.099053348859288,42.317253843503394,3.4120921151030106,1
90.96441137581752,21.00796205359786,4.782163018833434,40.244754614637394,0.8787158088833918,0
78.65714152310596,16.860245868511583,3.5800944327177606,42.0446367044909,1.79921852513116,0
82.64030012789028,28.653128531176833,5.343700614350388,40.859589546329886,3.865106272917057,1
92.44185710315034,23.901058316790397,3.8087917068689894,44.77117640992583,2.2987157172492263,1
89.21546083536562,15.08663024020088,5.057554317817524,39.62258823419448,0.1353062400814812,0
87.66818396295402,25.502987526878634,3.7482413452118197,45.062603174051546,1.1800041183630579,0
81.60877720729961,21.85134295044672,4.433403982219081,36.12151675949386,0.13977236561420883,0
88.70061115268956,18.064776579866706,5.149445882150524,36.406648103305734,1.3034099684017808,0
83.76267319900244,30.71186334787479,3.20417485276393,46.880196976990966,0.49513560802720025,0
89.57805609925785,24.429143464386314,1.5323268274916093,46.778343291136444,0.0026181119302133814,1
80.03067974882022,22.82627439074675,4.552158011096309,42.868710713904164,3.354917425128703,1
83.17431025620459,22.402300876055932,6.37878275722586,35.55446043570096,6.972389573389015,1
75.10042207447987,17.946882123368912,4.598301945914892,35.15183782352122,6.655857507698302,0
84.64992389993765,18.781804401663564,4.636284629392746,46.64031981180635,0.7110232239246248,0
76.88999136371154,29.139667139500332,3.915647787006719,46.3633246378908,3.5295373606494205,1
73.85953549838007,22.104468520857125,5.4782373055464015,39.68210321164938,2.2712387721841085,1
87.58661147855388,24.088270803747456,3.628129167724125,51.70942463484927,3.219639873785669,1
87.1273977585766,15.822678095195702,3.0922024377462765,42.2945003597307,3.7446992808776702,1
92.82873734948572,18.72763185681798,6.210596505749732,34.4640031298444,7.852115978443358,1
80.68874430424901,26.43925007949901,2.9389233634146357,38.62184450166054,0.32911174099560825,0
89.08052846836756,25.510847040455335,5.778941892903498,40.02735289002687,2.937144671481767,0
90.50797572273663,31.01350079489726,6.211870923915418,40.43199318374557,2.6496731918979552,1
89.44773807831595,29.371825326524906,5.133633864124121,46.25001608925854,0.6786128437931923,0
76.74346317197858,23.077156110060706,1.5015289608547349,35.2185554366782,0.9970944778674934,1
86.49363482271188,25.891814258853085,4.054309818444995,33.34243850443892,0.38901026653259796,0
88.64140296054661,22.733586228387704,3.5960000058827655,43.011618415025474,4.889984502713075,1
85.07178466907942,32.219239274554596,3.0080014893293736,37.46507745537073,4.2294863495987265,1
64.13522341628915,28.5960587842096,4.285503174692855,52.117530617334126,1.9040172500689632,1
86.6048962397348,24.678740363431004,5.538412694995096,44.71610190737816,1.4333639269150613,0
107.12531039397243,24.801579139505407,3.082894679737603,37.3730177382988,0.5302458691996049,0
81.39960731243018,29.77940114903923,3.6572346514526513,46.06426869392103,3.1175234085949155,1
77.7192290214468,26.31831138845539,3.517882132336025,43.65205397541503,0.016477515747648032,0
88.73348559711398,30.234512068280345,6.3277420910886235,43.16848573731639,1.2427200818935658,0
88.12378210466572,15.225408294964506,3.485798764378827,39.38878034205754,3.9401152123031165,1
96.92735165416414,25.84491304599519,1.531188684476509,42.10225425819233,1.927211974285272,1
72.42131844091112,21.93826054127446,0.8531303220189721,29.48521049703668,2.0163890685942043,1
92.31380252574992,31.02551195051197,4.72545913313194,46.585447021110255,0.14666331000439675,0
90.90422061251464,30.185594748759318,2.4786365202281964,22.819688051659888,0.6757196401886186,0
83.57853463059453,24.131343236405225,5.337449010544956,37.789384529870425,2.2408706094001882,1
88.3868731792169,30.142523915244126,1.3375600229857372,32.02144723402983,0.10178106943977366,1
95.29457481598357,31.132458079970025,2.9221756667787844,37.495744293842385,0.8037503796221693,0
93.7231538002845,24.29762668770459,1.3388623009597036,39.62941363793947,0.8737399279172444,1
73.56980687926271,33.88773508972743,4.869221431097847,34.016032330418945,1.3811744761579794,1
93.20158186755485,23.87463538932111,5.297695081249301,26.127613786803796,0.9000106771180495,0
84.35311394967482,23.141916198656364,4.6772503152732,41.03532862070529,1.2107031929831407,0
85.72874098015515,27.463490354337374,1.8281273591923144,50.432198910139476,1.5837145915605664,1
85.73196991001694,22.584837075430745,2.5084725117786677,38.24359916574997,0.2747296709998326,0
83.4975701120174,24.341359103179574,4.4686279772231075,44.796654781129,0.398061761700897,0
96.91707497107065,29.63773769620364,0.624517183751272,47.52192418778443,3.5736751356312513,1
84.16282040150789,24.076875408869082,3.517730111224194,30.49981037727101,1.231512991133834,0
73.80453871616831,17.21992882809877,7.033810706671763,37.7136242426084,0.8774815267812446,1
81.06470144030271,25.469277551396786,3.6400889016392504,33.618071941555996,1.1379037675713153,0
86.78694716810476,21.214825683790423,1.0229107219360971,35.96861481010918,0.3843039616887397,1
97.29214784297051,27.461084629178185,2.7851815046477295,48.51005850573314,0.548471770613935,0
91.03094684948833,26.784758863304983,2.7386153486448483,41.11839743212096,1.4493728806010302,0
76.49464721252956,29.88560139266609,8.280617559673122,43.94411800522587,0.8892223165581601,1
109.85189916678891,27.63012920317079,7.331358161027792,39.78050447018107,1.2904523232335914,0
87.6477531097798,28.360977134632257,5.461870868203156,33.94723677132228,0.32434309220601654,0
97.75390737999015,21.323612959449147,3.3138481385172036,43.39057848609353,0.34031566903068616,0
83.48285566422771,27.21594598356201,6.401259321959445,46.26287685721411,0.9688316382603057,0
90.3335924470545,31.87380515744116,1.733080721899083,41.58687108084329,0.9523899368094113,1
93.39468504518405,21.24540036545293,6.153150630488518,42.44562180879967,4.296851858259043,1
97.18194711754256,31.198953166908392,5.8559470748400875,33.82599306816608,0.06804735427673049,0
95.57368305378225,21.802599635194678,3.6973085307014384,43.53431816574613,9.882808564646046,1
93.72197000072978,20.592115019800104,6.278372626701544,46.730069114631746,6.271049157199271,1
81.84913268805892,25.184801773419352,3.1055577410723,42.02292737135727,1.5628683444715656,0
79.28253958043939,26.86364166451524,1.4698288038035328,31.016083770615538,2.5370778478133196,1
88.32607510324198,27.64700049588906,5.955930025999843,48.1781475038764,5.474587022419191,1
94.33128072341069,20.152950316907194,3.8295141417210816,35.27588053178118,0.5785504306032835,0
82.77279299223393,25.73816038901716,5.203561206597335,41.93893413444955,0.75851492088484,0
95.65171965714387,21.257781714065977,7.641773183118812,44.76488134280459,0.23514665293954473,0
99.52616745486179,18.044310975717693,2.555491855207406,45.39809161025497,1.6595203119748734,0
75.8367908092658,20.28505473786886,3.7132409903200494,30.99971594110077,0.34739381408933956,0
76.6307929620372,20.996398536176727,7.139269009155428,40.58608628036469,5.343550811121026,1
83.59624941094664,26.086380641410027,5.337463461710567,40.25510805441304,1.1297431155280975,0
88.07612668189196,28.608854652274673,2.6004345115908074,47.195140938632555,5.0436407381672295,1
79.75432986232948,18.107173480498933,2.089964592921043,42.29361771205315,0.4590776693135753,0
98.52202678867144,25.407844296832224,2.943838719793309,47.2405883052248,2.3685787636042246,1
89.24066861518452,19.293207256916375,2.523170590394243,42.699587999425766,2.0859318103775233,1
85.3944704824074,26.516341636056,4.474696238979062,39.62916897719391,1.0205704744383042,0
70.64090476131473,21.509077675985008,4.156869014395199,40.9692971076908,4.572304255745031,1
71.84184183572492,19.794683927906885,4.5584755085507025,47.61798458551232,1.1411585136895215,1
87.81009250281807,27.198658061390297,2.3183743968804356,33.515340822493755,0.4423672725673889,0
63.67404373845164,21.652309578219622,3.85833218494949,44.52977255060266,7.543251325255283,1
95.12637409644071,22.736144194589208,-0.11139954791243323,36.86192004389606,1.1649347258094143,1
83.4184615562768,15.120043649774495,4.290012634722733,35.787604578756486,0.46657206989136146,0
117.43092969594733,27.786205445693895,6.35088128991173,45.11713183308086,0.9039586090330393,0
108.07916250616111,27.28363408467643,1.1505081813076394,35.58456372494503,1.9012957567236848,0
83.18550930752484,24.021831377125256,4.966856461294922,41.88537358462663,1.4349926003082096,0
83.93662997468685,17.889676234576964,2.7779712964788734,37.555292889201176,2.01635717460012,1
94.95581514002029,28.83747671333905,5.605002307386739,28.215316520517632,2.1685744394377484,1
102.03172609918037,21.334946454556835,4.317294902424558,42.38857990052175,0.26336570551312555,0
68.61970942563983,22.18658619959765,4.809408225320881,40.63160636478395,0.7563370380289679,1
67.13624534645314,33.24817622543812,4.129647797510881,30.44959742792591,2.7622235541832953,1
78.77965194445619,21.18545422356308,6.656663612768705,36.50705229230569,2.1017439173547676,1
90.82737583173865,26.968839849706,4.694820955390204,30.96503941643848,0.1849946202856775,0
89.96873590507597,26.24836904833047,2.589152571995098,43.658449436482066,0.7571038344296506,0
95.69771454983851,25.56068877152034,4.197430104642007,46.93996601355048,5.356657077735865,1
73.00302471634691,25.128002170218043,3.262237914067901,44.247453025230925,3.9611866146615755,1
61.83856137031123,25.5055542475568,4.324799813039178,44.945650784000456,2.221225125070823,1
93.58014195302145,25.08776236376216,3.1604605752663746,37.41084797166593,0.15130964158567095,0
76.71803727034765,23.792326564895756,2.6463785289073707,42.73464005555187,1.868172201721117,0
64.81512135611362,30.045132496442967,4.398544425496891,39.954656849289194,0.02452603241515322,1
86.45063745959382,18.749357756802887,4.111579257233108,40.926572580444095,2.1642562354884394,0
92.93175688218678,28.085832416061507,6.127911690091695,44.78715730227261,2.6276612726206303,1
83.77942867878723,27.289369194750208,3.170088241734374,45.87743710323618,1.375299118838677,0
80.42151613817511,26.793596485317604,0.03829230500938552,38.051218051807425,0.007627816222501064,1
83.40637767854093,28.467917710560513,3.272258403073374,32.96177594322476,2.1968853165356514,1
81.29417237599218,23.629602418926428,0.7471384821668461,39.062977326535716,3.426711000769446,1
71.51952888059833,16.524103696692492,4.831343948193152,38.90363357343058,1.7631384614735284,1
77.85319323009568,23.710829361142057,0.6522041433024248,41.42298940007078,2.470221905314486,1
90.21279905013814,20.035223129501784,2.0232578751717973,44.16497959232061,0.18932776790575143,0
88.216785413765,21.072563160567746,3.275331083450274,30.427090172579714,2.512792081969677,0
86.6805980596682,19.030321304670352,7.08790120952229,36.645432244042624,1.9048358723440315,0
75.0485151814662,22.09062056622466,1.854219768570165,35.1805590534128,0.8040014072792078,1
83.18496837864333,21.613505224066202,4.024809966293172,46.25446894345895,2.3124870104597735,1
63.22934953557145,14.48972068029159,5.159953153914518,38.95814553323806,2.07456152243695,1
86.7847666388539,26.80088764512916,6.968121106441394,37.43558215219106,1.829884482986841,0
99.28857707813567,32.881287432019526,5.555589503442819,42.69150846223289,0.4040987210975735,0
70.25867867957894,26.424948773985154,6.187813903264931,37.03496824541989,0.7025838447451702,1
79.14072326682245,23.188304173863088,5.728614117703082,39.92402611601575,9.507983593128598,1
88.2910677871013,23.781014417295136,1.5817540572077218,49.07035600056013,1.1351770812795972,1
97.52842634427483,22.316056527947296,4.719384208634094,48.93145161943322,0.12253101683501329,0
80.51775383699851,24.360166335467834,5.697321904344445,37.96307838468591,4.585374691677004,1
78.07749670734104,23.851967623707065,2.08699942065196,39.08819098920211,0.37973693626822713,0
65.31076857583918,20.63580627840682,2.8404802465519547,36.904857496345976,1.0334185285120274,1
86.03438129308107,30.731553555791326,2.3936154097458875,30.37067362479915,0.6514572703775537,0
105.42076040143743,18.051383057160916,5.545245971936066,45.18094672548359,6.641565353796956,1
87.77358461964675,26.873326172776984,3.861437759341736,52.10671058335882,0.9499473715931839,0
84.77721020816287,23.59520949072987,3.358308211329806,37.782752811746136,2.466919703801588,1
88.22082310766986,31.60332726026298,1.4366601666940246,35.91603136355364,1.8245126218718826,1
84.88907996051398,25.363458396992886,3.8652114936124153,38.63576601829997,0.08785188775203723,1
76.8698562773987,22.560377851267006,2.864823290030502,40.42523023914293,0.9700385753859041,0
93.23279915677705,23.00917120626201,4.486679130528325,34.322349448965596,0.9886646534713511,0
87.25761523111754,24.159626778079044,1.7140656027090984,37.707607695079346,9.177280208306167,1
85.17613251933658,19.428837220014398,4.355812519012401,45.07448626969009,3.3418682767212227,1
75.2463397272175,20.932521899528354,3.1220984590023586,40.63690317233636,3.884991834070095,1
98.03507931934759,16.86022412323257,1.501406148529707,46.3519301406449,0.7523597837247642,1
91.6470274533311,20.308092406503626,1.3454319242437065,41.82383926430751,0.7981350778692594,1
79.47079162632699,24.3756259266418,1.6459592239546117,34.55541365613541,1.4497121038442806,1
95.01824853681937,25.200700197138083,3.587201885118916,37.11993011640121,1.9939992917734173,0
80.02429161614793,16.082681220014393,4.241990868727001,41.242060317772406,2.60606559129818,1
77.17996507488964,23.4511531878232,4.539647264754363,34.387053620194465,3.43852626888928,1
77.40296882519714,26.25363980328853,4.6151058354568955,33.738401335446966,4.130323479635888,1
67.28931446911909,23.34835122649506,2.4829534780415994,34.03899723317137,0.04986840075048479,1
89.71542380418205,21.4648454168888,6.116805816190351,42.57902193906908,3.180210821180068,1
66.6885512166165,22.351355419807145,3.1155489479836938,38.16879992288731,1.887513947530249,0
72.71556168734237,21.836946580091112,4.900299520119464,45.91220815546474,1.518936304365785,1
64.24411990921467,21.45307776356777,3.671689133012366,35.517898085266815,1.9802316096401367,1
84.13930307209107,24.695294100979392,4.751242463406083,27.71299866023076,4.273094900945,1
83.49679539728128,33.2307529109418,3.5713438677101723,39.346474405983926,1.5761947852741365,0
81.73303786813636,21.025200332379267,4.787269753149133,48.2377751519691,0.3539231087703967,0
74.57422305329423,22.72742946935429,3.985222260239353,40.17284708474303,1.1481598071503716,1
73.2776624656336,23.793208242499073,5.627681141301378,33.139533784335654,5.166173573929184,1
89.64369863546574,21.250582262566827,2.3626299135776034,31.87861701896627,3.3692256738516857,1
79.49448068291512,28.392943214093705,0.4602173282188433,45.989509569617454,0.45391563631747933,1
88.16358321536144,14.516458506774248,2.0532851611318064,35.962816142790444,2.5045324392018373,0
76.14751313875777,21.875763318485298,6.1378368304760675,47.70897663828265,0.5920380475481759,0
86.81062742771083,27.27325494527985,3.6908823602245207,43.270467244256416,0.8570693428568817,0
98.03278037316063,22.823622766445464,4.184124591093124,36.15215642797658,1.2656752929010624,1
90.86165800392783,20.716644164598833,1.8927267719072258,45.8356842215582,1.1627452183133793,1
80.8758618178352,25.763027017755057,4.131107450300557,35.380514233683655,0.05943407248086387,0
87.57198970355927,27.62537294158861,1.9543747118546073,32.76331443777501,2.9745221980785117,1
82.59334825469787,24.842541780860234,2.2484374498944897,35.666273033277776,3.7466245572527574,1
85.07880184694729,20.795118560748467,3.1950326343522395,43.84368325795109,1.514062987441594,0
81.74388947851496,25.824813276606974,4.890194515684291,45.68983494500668,0.37978287121824134,0
83.3566479411461,22.39180279890084,5.10369516128502,38.01986368566044,0.5698730910192595,0
87.12093353074175,26.98074752757531,5.158089795875674,30.65844344430427,0.2701147372601402,0
75.06641300418049,29.933035539426363,0.8238317699112518,32.21616769435972,0.3714697615230865,0
74.84121173010021,13.577692977245869,3.986670999219477,34.661772140703185,4.181367296510391,1
71.1145744616879,24.44426989278253,3.606436333234528,33.530015603749376,1.308479151724601,1
68.9972889549629,17.057064252209493,0.9356351678370891,41.32715188032283,0.23534638604276806,1
72.82717307779521,33.767154341319085,4.031967533444397,49.69057922362226,0.5880583776617283,1
86.5946250680413,22.127501864815237,3.4991455651264776,43.97888287012794,5.971619974508777,1
76.07212484508116,26.98549296730149,5.023051344235775,34.358845775046305,1.423704836185418,0
90.13614464231097,23.858732561620418,4.162494152479605,36.52812117166722,1.4498301429253244,0
85.34713748752561,20.78766167712376,2.9013589394334938,37.50354660350597,1.4915980106709241,0
65.31495786561946,20.311787811290294,5.8515249009139545,41.94607083496543,0.23670422742939817,1
91.5497558422169,30.342716692403037,-0.44246700155024854,47.85627367926005,7.034136453036215,1
93.1079864559171,27.823752240713244,3.87146974314078,37.66299810274573,0.17653869365465635,0
75.06137325165147,31.774336349510254,0.47349813601612833,47.693886455340945,2.4082017656376946,1
89.20191542894992,24.221813340630796,2.17561345758776,50.51955479211114,0.11900074832411099,0
76.43501762590802,25.151678484984,5.049627406018699,38.25046566855637,1.1725060565550807,0
85.97670376748336,22.931233737378847,1.4516050391183941,38.12177689469346,4.598745974789989,1
72.35501593045035,22.851671187539964,1.1525643625921305,38.19690316304442,2.9258717528261995,1
67.06893547465424,19.832452270090528,8.763889966831249,40.312449928439435,0.8149623428972715,1
81.17182810387031,24.336040763697405,1.281421897159671,38.20910451609087,1.6030144514972555,1
83.76271053725164,20.84301362045521,7.301041806175947,44.420887306946526,0.3613050742487348,0
81.02320306385396,25.76763568865681,3.655595670841479,32.255843598036094,6.252604199879986,1
73.1596944177744,24.680040875920838,2.9503417571220494,37.32688952351944,2.466647683378353,1
81.00100937868864,25.150728174702888,5.13357278117641,41.645873365361176,0.9377485695160407,0
87.69294752580734,30.700519758760905,6.673188151088999,44.35042253580256,0.7652594484072327,1
84.55106969877463,23.849128200937635,1.7078641157833432,50.976425318403706,0.545294657672799,0
86.82501030599214,27.026908011413713,2.979500420542939,33.554873861845294,3.08842003219299,1
78.29884799545768,32.20603785634233,5.693739469368505,36.73978792906372,1.1404940763274969,0
96.7171791471616,29.22646827718019,4.575988624854,28.667967133863314,0.8016036593575658,0
73.23826663445219,28.612678793819377,6.203835661282765,34.45065496323568,4.71243059039117,1
89.87560297086719,22.773247137918,5.030223908863559,31.155373515329785,0.3255507425675197,0
96.81891092959961,24.918572222271187,7.616448018298296,37.393513024678356,0.6126033434572209,1
89.80908092748895,18.726894831880234,4.3571771976673,38.85817203679184,0.8455248328651123,0
82.9747577293517,25.99565760385766,4.443622296661924,42.34727119918781,0.6018088354313516,0
79.71702953337021,25.097840710455365,4.6434427440315975,38.50700234840039,1.76089682864234,0
95.36087651046256,24.093540500624723,3.715022296546884,42.34968540206077,1.8377436776478708,1
70.77025074738327,28.10877915297144,5.696174317601849,40.57037083546972,0.11260949836067084,1
75.29875739620357,19.168900710302413,4.474082447726052,34.833383971249084,0.31220631883580335,0
81.02442234508278,30.53945140464139,5.576360018290288,31.56863147079561,0.4426123715574376,0
97.37653757511998,27.607058751761137,5.8889997072483204,42.91840999948033,0.145847033828078,0
88.79767636040896,23.717464081392105,4.856909363120655,48.232514925072536,0.26651883476757027,0
75.31954241489754,23.405081648730427,5.003432648468394,52.67692505841008,0.547956504337445,0
81.89692294615097,25.92244486099438,1.9793404248069324,44.67727350617311,0.8481359693928363,1
78.85676855903705,30.083404928255117,2.8992928243603577,47.28757605972031,3.1338012954630474,1
77.90211007766464,24.406430874760044,5.686766905981463,42.30729852019468,0.49155832661723076,0
94.78889558556779,24.576123607916905,6.847262363637027,41.51004692795106,2.217481809372958,1
71.28256870736494,24.072473910503486,0.11913954898327939,40.55500511895764,0.11924741241679679,1
101.08780855734373,31.12809645080589,2.8642737054971703,39.47095177989568,2.1472985060930694,1
93.28229690184622,22.524467588251905,4.0472412048293,43.03538277714567,3.16675301710983,0
95.90861670603698,23.881969605523715,2.2414510758386443,37.39701459317638,1.8567668535679138,0
80.37060487974742,29.853742617043977,2.3549607116366342,39.26278774206404,0.4497708609476984,0
83.50059280920891,24.588043334451456,4.9498397475876095,34.11016858517806,0.8021734560246209,0
70.66848185475288,28.54823544018209,7.162751938342867,42.37463334532455,3.271372294583157,1
79.75337592933197,20.354879772388166,-0.06364711264428191,35.204512294267495,1.13116875286945,1
89.93654847643151,23.178829913485945,3.6590477020366077,40.168724952401064,0.5893721477525887,0
97.96063061781396,29.937736153760916,4.926560683580776,42.5024554682119,5.396938587119388,1
73.92843183197549,21.294641136945817,5.560427944400484,42.92945715684907,2.0286609785346537,1
81.34494063014733,23.39480384092117,4.638254686138077,43.85754268907717,3.276855271909984,1
83.48700779767478,25.026740923565914,7.5228050998722304,38.93354237425972,0.04961410233435543,0
71.04210797807515,20.043381928028055,4.057813186651588,42.430318896948435,0.8290215435764072,1
90.913492417584,22.344759525512412,6.623985580784195,37.56687368443898,1.228290899366815,0
77.7600966825739,24.450546727302562,2.707264659308062,30.145631434948882,1.770657838991349,0
83.04609648822976,24.186726936647844,4.1159658931777,42.6515463687078,0.42137264771279376,0
80.48050628088123,29.12140808334854,1.5745698484022985,41.49244053432071,1.3781252782135092,1
77.10661494280326,30.165828779329015,5.801728881097988,45.066617514495675,2.314339815436562,0
84.92955014519445,20.575660511996354,3.759114274717647,39.873556435641994,0.8489168594387014,0
82.84390421431978,24.445074076669957,4.715642125039796,31.984183171412944,2.3516922096945576,1
81.28142117721335,26.69699323369906,3.3732627374298527,39.541846078178885,0.9874586713008187,0
77.71538378319657,30.06538986319679,5.172857003318032,44.43290282369864,1.2677326725219764,0
88.19524670782955,26.873961189268517,4.794867947711504,42.38017404398214,0.2884172999992214,0
101.53617268492285,25.163653606369326,2.0106971400575873,39.26627713552582,2.106940777296367,1
86.39887232839128,26.666170127930524,2.126465134833979,31.682203860434086,0.5079161799858521,0
94.9611821491113,26.69507533734504,3.9444625393172963,34.86991522548038,3.5304313360123656,1
71.09778074846537,20.289142830862527,5.319147914813315,42.38619430925684,1.612378116290798,1
86.57761439293769,24.771195170025074,7.725791106227695,31.674214239628604,1.6431284884754054,0
74.02631681028933,29.836643976754765,4.605981713331458,38.408775426215826,4.871696412673545,1
70.23075072468099,23.170572925223983,6.015062804977081,40.19211089488211,0.3664104013272246,1
77.60628592540964,24.517786570189777,0.7742981304716627,45.749685779200306,1.5110440472208555,0
96.91899334413573,23.029934201895912,8.025911698867965,43.072452755652705,0.9631972173456043,1
94.50015828669646,14.7445620175725,5.2113724222583855,44.81405616411982,6.781944183148897,1
87.430047220544,24.082360708938715,3.9007909776824405,41.50926662016305,3.1473120456026185,1
69.6729944011007,25.20716772261149,3.6706079050841494,35.772945088942535,2.833514268183181,1
83.03719348612063,21.950026436476392,1.7856004042820035,36.93169766045727,0.456617124432427,0
88.01700008901736,19.381452204461088,2.3574264085596583,35.3367018037936,0.5418419772811877,0
86.75536229578599,20.477574160873402,7.820871264266827,42.95390420963103,0.05923011207468636,0
66.56206416519254,27.056750464542258,2.021991123427975,36.53038890538721,2.0351821244049306,1
76.09682151980128,31.89009909218762,1.98346448426731,38.02999843485758,0.9267246848682238,1
84.35922235851284,29.52973336362173,2.595559027848842,40.11245619093424,0.7480511831961102,0
90.3629090951719,18.622615980677793,1.6036384940774546,48.2065622329064,2.026876938216953,1
63.03872178900053,27.418509242202813,4.03061314969102,43.28566953971615,3.5285331554094754,1
83.37876024520142,21.34735049676284,6.177821025330477,36.13573287699445,0.28550076241159805,0
86.43048769878952,21.670931749964893,2.7790153474559327,40.75923828616447,5.018270506181485,1
93.49611988516213,22.152097608114865,1.2533514404783572,48.25655880247919,0.06974451931289717,1
91.92857584237437,26.824267799421722,4.583722626029307,43.075896642144706,0.19987569041695874,0
90.82571318808806,27.837013505796154,3.888451324640374,32.0087382025047,3.6419004779513378,1
77.00059493298066,23.607875714880848,6.005449100163249,35.42380285681118,1.3573205558759063,0
65.91997862876693,23.6757170359679,3.090983401395459,35.0403224874844,5.602136211295118,1
81.069472429386,25.85705497294317,3.47968644074665,47.20364912679984,1.238503877973786,0
95.0163182520856,26.271978158096967,3.7009392709134623,46.28140617931828,5.210707081523024,1
98.93454527524432,28.704902827034118,4.178008221106964,36.874815111071925,0.5478992594285857,0
92.10549102297786,18.862512097963204,3.2148766452848205,36.767098900963354,1.9165686101024937,0
89.29340822801734,24.08010935921612,2.8907117839079826,40.22345891331142,10.394412795346797,1
88.79639648385965,19.72790249643529,0.2992446302363172,40.3733452304673,0.9434111392343899,1
79.43881253239219,23.79623088374639,2.869225581759766,35.18837035338501,0.0029114871791997387,0
83.6993970644638,23.095298849276958,5.430446536163505,38.75434662550728,0.13239115829536297,0
101.6906952582633,23.81300218438919,5.700491038737772,32.73198365073395,3.9188363963295583,1
75.57441994208124,20.801028447557872,3.057773952817399,46.36160352455518,1.354097458185657,0
101.14778790709852,18.050840827170283,6.598971996363524,31.198347435841605,1.5388395345053376,0
81.77971845507942,15.622249893140388,3.9425918565992903,31.14280289053626,3.213145089803728,1
98.25432109095078,23.475279382940638,1.3243072563681042,42.17519727255965,3.3381530089651505,1
70.93184990502462,22.275995576668244,0.6952318870914884,33.81561881082973,1.297959399513653,1
90.8590420116465,21.29624934078469,6.436515845239453,37.4951752093273,3.9047126368249505,1
77.63229864052379,29.29019385132664,3.2539925494778523,40.31586430551308,1.2638218054357764,0
70.84732808075813,20.562247252818757,1.5718709538548419,43.37650414933418,2.2479917322396488,1
87.18534042410946,29.667336328555212,-0.5185523428710699,38.89458941025563,0.06786206503746736,1
95.09471788595968,30.495374977077027,3.208567778249714,48.89585898639897,0.29699859404273593,0
76.55058561406504,16.196398132842475,4.809501717992722,39.99780505670045,3.8132639919790665,1
70.00984039541599,24.36952583599588,2.604617711907591,45.95397354129371,0.7511867552139528,1
84.08155235665045,22.401214036656036,1.893509679732257,41.392778901832465,0.8151665214044613,1
84.12564671222819,12.352784221130937,2.901248462786545,50.65604879003666,2.1752924554430346,1
90.48319627554498,18.221434987726344,6.486384038289712,45.29181751962094,1.7956159442143136,0
94.49594571364489,27.099744428433898,1.2140367646496188,40.217348877363065,0.17152680076166563,1
84.40584818727505,32.076797010845056,2.7165979391549655,43.144153584537406,2.9028610805849775,1
103.55503314794262,27.610712570796995,6.421515479235181,38.69592072234534,1.920602428811135,0
87.24234744535292,25.294529890051912,4.988352578847507,38.64550080822441,3.8666255997851158,1
81.535734939931,23.91467047347565,4.358255627557913,33.482945859822074,1.5335741370829172,0
68.88432640897172,30.730651658592457,2.7031077291675025,35.95869198766436,1.0699799414368822,1
82.37340479683833,32.59295680783056,4.061009629000856,50.30485692577861,0.9283308741214492,0
81.63613054588863,21.652629281903256,2.9243418630933986,33.9798431436071,0.008857437117806061,0
94.6030479628147,16.000053758758835,2.281227737858498,36.72253643608181,0.08119450339673347,0
89.62483624066854,15.607250146915193,1.8398850493965195,39.53140661520449,0.2813109610685269,1
73.20630878367383,29.287523968639206,5.568191192744997,39.69795352623715,5.305346037042133,1
86.72254386411038,23.811765836902453,3.879187735567729,41.918629098654804,4.2513987731054925,1
91.71531171729053,24.732967641834875,4.629027487605392,37.654396459429684,1.3751111057579706,0
100.28031359387833,16.837396028173146,4.3033463716028075,42.22688183498169,0.3973809431504308,0
93.8750396741406,20.987244348846133,4.881837655616719,45.71192720573362,0.31590898500713305,0
92.60846654311477,22.81807674439687,3.4905624200282164,46.3331617199075,0.5917795772056478,0
85.60085994615163,24.831353533456284,3.0366850978908513,38.662440996815796,4.7877091308559425,1
88.8831200542345,22.405631844344963,2.3694393412177552,43.05671714451482,1.4740646360804652,0
97.49504900706158,19.85069520679463,1.1720617331857728,34.26933188929406,3.2597082743924504,1
71.6722260252035,20.86173202958991,1.755933658754167,36.39141977363835,1.4134959245077057,1
81.50560672783044,28.833293143788932,3.2691645577995567,34.13133300654729,1.8803848182508998,0
77.27431251243759,24.979138478414,0.7939210311290434,39.77127655620175,1.8837433800728582,1
88.79153118726124,26.448627227822207,1.2354281917279395,35.70390361820028,0.06367862064743432,1
97.30222175650788,20.40450475649068,6.084279785270355,32.39653220597603,1.178542197172545,0
79.03025713278926,12.184706058397502,4.448358969707585,38.06997388709425,3.9909220493056585,1
61.09695632530562,21.907582772462014,3.0963265435929586,31.35708112109524,1.343157449636956,1
80.8777925497553,20.533717782298012,8.54314891780912,46.63596551823071,1.1430467803828837,1
94.13473732017407,25.396049074512316,0.7035005625739426,37.21238469378363,1.4953992414147372,1
90.3762990294988,37.142894854727366,5.951222552923644,44.92658036819064,0.9585474496346185,1
89.28186247810577,26.780664070473023,3.777067834441168,37.53966254982514,1.4488628072714287,0
82.2000669812552,34.94384063753395,5.570094045825623,34.025310870247,0.29084896571782515,0
72.20969263780214,26.275078781357795,4.2179074345416145,45.877619856779596,6.8807156023619775,1
90.15294321624468,21.48045504970914,0.2555098755094849,40.44351791553869,0.06945193451681411,1
76.65718189965375,25.391664312483535,4.190920935117657,49.43454642956148,1.3202274106098253,0
106.84096733380457,31.122554397910832,4.671111709279196,37.667385368833926,0.47142576179284224,0
90.70507208354516,31.318250385284955,-0.38397059704882786,37.77534850216784,0.12025557811970833,1
79.1935169744605,21.698650527827684,7.888096587603797,45.02395421109554,2.1094130879106885,1
78.88614752611372,25.012734782797196,4.622415188345544,45.058763252495226,8.423725149600935,1
84.07055793386412,18.28293248131542,5.3439754802729915,40.767151932573256,2.769430849003395,1
82.60498077978251,27.29867449876572,1.6689412208473766,56.67634094904072,0.586114766859944,1
96.16833775529955,30.21341879622358,5.381235044291237,38.597196038398245,1.3600239032365735,0
86.86416169744047,24.159197816464065,6.179008919126112,33.652683815154916,0.1021267594897077,0
77.68368261091472,21.330463782559487,4.507136456275692,34.987224797096424,1.517165308003824,0
103.90440685155782,25.44052380511025,3.981256882958471,38.626302553203864,0.2095284939322341,0
85.49308331520223,25.669836125452665,2.2128237502031674,47.59387502745825,3.1656663839035826,1
92.68839675968897,24.32457532739848,3.567586164433348,39.0682806892666,0.11675539395762066,1
78.91773492555241,24.71486049734381,2.9759409714814398,47.830260491830686,0.018810110205202343,0
88.63115627744523,23.304740598122518,5.143991274785368,42.17212557689062,3.9545937381876732,1
88.11109991143195,27.983819712905625,2.3002481497651948,45.41684648180258,5.713409414015061,1
66.10350707903848,26.94490978066051,5.129301443007114,41.93584313313402,0.18106209148991256,1
105.15275110460641,20.067587411423403,2.322028874540687,41.896240033109684,0.6540011152694586,0
97.90644460922547,19.95763758736562,3.475294891679963,43.763553005530376,2.7072460841784363,1
81.02804683854012,22.982502331893752,5.232088794025634,37.16645758957127,1.5515514734684457,0
73.97730259544144,26.947348496420716,2.5924065600279125,37.221432277262565,5.961167702372829,1
88.47561613803552,24.59222965556326,5.3010729779552035,41.74773493082297,0.9859059606259598,0
85.86697699414397,21.42739835950938,5.105988315342737,49.70555737753011,0.006656844682654476,0
88.55668948563229,25.04607438690332,3.458098653246113,32.2962338736651,0.03988637886703062,0
86.9157739619409,22.676757921910912,6.323566402711579,29.854071902799863,1.6641494400798484,0
90.06240989305925,27.521945840896525,4.155568683954229,38.68128081885693,2.7895032291899784,1
99.47305699391806,25.33223374026819,6.2045530531707005,45.15423540246872,3.127180507998999,1
90.68103205128646,22.738887250191425,7.586929849754357,40.256880428400905,4.849890555122646,1
74.50344501090059,24.926075088185847,3.517397956597377,34.15335076592478,0.5203271817503461,1
98.62562852712452,29.260192238096806,5.289909968054793,40.39546748433194,2.681922467389042,1
101.40614563488288,21.72147969381449,2.724864149354249,31.335133935584203,3.510061739703842,1
116.52056734512085,25.610627926588645,1.9343711809836037,43.14458530437088,3.619138468908497,1
73.76505966760402,23.718158638136018,3.609080685227143,38.45445991773454,1.0605047776598615,1
87.42882013150275,25.707934735448397,1.274799440501074,39.58983750227285,1.9669080922452435,1
64.17901296811013,21.38174023361708,2.12478444070538,42.13592735255571,1.60398442438927,1
90.53149156379209,24.441341732637504,5.182865198642135,41.028444586880546,1.8200504761189589,0
79.51799701833227,28.431293129667203,2.972701969102323,37.293702131344446,0.6626584299138222,0
104.23445794824953,20.25197207501557,5.421028174243723,45.16806418823236,2.299186726591273,1
77.25385029981418,18.682379586699675,4.598823876034975,43.984662823195265,2.475868096678383,1
68.10816962032739,18.83417774205214,7.702308124038231,31.128579038878676,0.4361836266975685,1
80.2873625929748,19.317349879199245,5.048674571152092,38.84878664263701,1.1726522429788016,0
65.24512228782862,26.381293151570656,6.228436140558628,34.598566031518615,1.0967281698396434,1
92.5109945450731,18.37656125653814,4.803769326255093,33.659709504022885,2.7642114784223755,1
64.3491695374368,22.808418621025876,4.622787002156145,42.6756681175581,2.1962431796571917,1
85.28457581183159,26.473157213242832,6.32946608422663,37.9036935966738,1.2932747739273927,1
64.22188180143803,25.666636242194375,5.337594931730529,39.28614175526795,2.114161436015495,1
81.79702195463358,22.45776408015006,4.4201272259148565,36.6515753311147,0.6099592463389604,0
101.43378155804534,24.763694927020424,4.411309331859435,41.85087726409914,0.5288372406840792,0
88.60647891435795,24.428581318950272,5.076458623660832,43.39173442659516,0.5486622624582919,0
76.36506395035066,23.103036177807255,2.6572529610802302,50.85127431488162,0.059882962107498605,0
84.68796511060916,23.156661125381678,2.5724010677226037,39.095128677509244,2.349321666129096,1
85.18016872044447,32.94170973902784,6.8508118647458645,32.75791262612244,8.515810962418014,1
89.72630345843406,27.237243615725202,7.728827327719996,37.48053154784241,0.7393239416844215,0
71.33141636719174,33.922603670048574,2.1422350831796684,44.235299606908285,5.313764638417717,1
90.92567273847331,22.012147468317995,2.6620111351205917,36.13677404934846,1.8655650000283464,0
57.95608368397225,23.66013361244741,6.28504563900829,32.589362002725096,0.5096148686219523,1
78.70115447636189,18.671496938893412,5.067039986284793,36.24091156855965,0.02387116735810487,0
80.11726157548455,20.761732791641712,5.3528562106418445,37.33317041125343,2.5727636026712193,0
91.33326826071239,31.607652594650006,5.793202589706114,34.58665226017672,2.38523658950128,1
85.22630852676869,21.911862840632974,3.5185356765118487,41.087382570582186,0.5207910726334644,0
70.94436946143713,31.677125200577837,4.659939849980373,39.6048885939664,0.8090463711300122,1
75.15006874182984,19.02655095728044,4.504384301396184,43.94852620409399,4.566481598613028,1
86.98680009547407,19.78612386370689,2.2830167995090793,37.77070082537205,0.34213024415913307,0
84.20932658135443,22.635075115906314,4.630181886431408,42.79032384284251,3.6090070795181086,1
79.20875890364253,23.74500031328329,6.475421392299336,37.53864602988167,0.3707888083572988,0
80.19166210488021,27.69234916980052,3.331733522313277,34.35193819095632,1.3145068208620574,0
91.96167997159289,25.803081668745065,4.3051384974818685,37.284904323770334,1.382159788557958,0
79.82307427130786,22.33473897062389,4.413417832021712,31.908664054748513,1.277657589214995,0
84.11908755970927,23.466736773927575,3.4306708991294586,48.9410781999149,0.6791569052278725,0
106.69936588080543,22.7237483208612,5.353802475388715,40.71249873893001,0.5843569426223684,0
70.76317363116077,20.34138505869708,2.6398687374900254,36.022965548347685,2.642172895635957,0
66.48157268425342,20.448148253593512,6.665291037391868,38.1117791885897,0.6450354396553143,1
92.83589664798606,28.11153556573364,5.2524111232644906,27.74768008379965,1.882783132978857,0
78.21356938705897,16.68734028829144,2.126462798654211,47.171766125359085,3.749930279698729,1
81.8176247225738,30.46943478978022,7.396019369772507,46.68274022107117,3.6284328357836357,1
77.18843621868886,22.628023097591072,4.33620292252319,40.53770952080048,0.3658068316369426,0
82.40199859232487,20.90996557443136,2.5541049655298966,41.59731148031703,2.126901391564577,1
100.98538112096341,26.959037162789077,6.2091090499823824,33.6616161153717,1.8440097119371184,0
93.0212845861812,29.94086633658847,4.98934303889605,34.02515052369741,0.6625282750490479,0
93.62223511886977,28.47052976641583,0.4560805915319235,31.51351925406134,0.9933654849023426,1
70.83772944207354,26.007408197439563,2.9486793655122927,39.19465957113204,0.6712616503761847,1
73.4884626344713,28.347453958887343,4.5581946744430875,45.30517702432966,1.540337938646463,1
56.60921340514573,17.134009691424538,-0.3191333552853175,38.083926856488276,3.255482787149071,1
76.90619178917245,21.912677834047408,4.170140170774788,41.73847915088808,4.199342970316438,1
94.56703186385658,20.35531975990062,4.31595874541052,44.89416947446783,2.566202255668988,1
90.16946515748371,28.8985549248607,1.633016235248355,31.87949661010981,1.3211677777822937,1
82.78486737047876,22.466087924304453,4.541289772519927,49.22782712689638,6.344713789661421,1
84.77699716281947,27.381626227128223,4.014927678250067,45.786601937156334,1.659671155038375,0
78.11114457424594,26.143427769954553,1.6174117882299708,42.56946358880213,1.3022710726132383,1
87.04758882401784,20.550772255345276,5.83912109372565,44.62047265268036,3.886657688935763,1
92.65878279480614,21.652167160094862,5.67570758953561,44.855381516375346,0.4082101983647617,0
68.84113212589527,29.175270763258904,3.4205258262952776,41.46319943294906,0.34366158424592924,1
87.99647687837349,20.898069405262348,3.6028373532163522,47.14138976446284,3.0515034368753367,1
94.32434870954667,24.499470440781916,5.4525278751906905,37.73669825691273,4.08924300031149,1
80.8489971103663,20.86983485469422,3.598673713776387,42.30905602597699,0.15111757787789215,0
92.00700612120583,22.744191252336556,0.1381835989596909,46.6082140062503,2.888576755601662,1
113.14654444472552,23.81535222412011,4.973873114799854,26.544001219703944,1.1048990753591508,0
83.95657207013107,20.868533958810033,2.3734813585229833,42.189816729870785,2.4329467106677916,1
88.93307050005323,20.158212184064475,3.2203138911648126,43.623024892216776,0.2899806460850068,0
77.61942916338609,25.14509334710977,6.915741135902952,31.457793170577787,7.224781690526345,1
86.81251162602051,20.621050364835295,3.7320430519824037,41.409100430082916,4.261979952969135,1
89.60271624982303,20.75736977720531,4.003469871747747,36.03147009820181,1.0416594239634676,0
86.94842340270138,20.243787425192117,5.019334550927195,41.98403140795618,4.476571190841065,1
74.80304680291144,23.688367814674727,5.010667887748064,39.525003517946246,4.50617563658099,1
87.0636177132545,27.774806537599364,2.1616044652444333,35.268359154148534,1.2370185045427866,0
99.62195938717636,30.026114545249065,3.879402968931251,45.548318318007254,5.870610709565721,1
89.48635764514528,21.096327656024886,4.072305055851654,37.90817488005247,7.532136692808214,1
94.61987189071841,32.601243173324846,4.544053793257654,41.34981897010791,0.4897886343842841,0
82.62988029987372,19.981180557172816,4.5784438818332385,46.570238117420494,0.13798577078590482,0
92.49900239423711,28.334194093311478,9.174882457554915,35.416527528084096,0.804390272683264,1
87.79267838216526,21.11321418393823,1.6482804588255107,40.04024623986414,1.3421267107916879,1
75.49089270312768,20.51630692051996,5.960183240395913,37.523364274783304,0.19451222097659987,0
88.18521004798875,21.020975372862445,6.366751611666118,38.63910177731138,0.3031802225544335,0
75.08303336559689,23.790209201403524,4.985567947847055,50.78042603953229,7.129724898629547,1
78.67119725115208,26.31988868413444,2.6993692102538502,42.2838794203514,2.6734897045663972,1
86.89328307292374,26.679472151619287,7.329336060535253,41.56796338311103,4.157892436905689,1
87.97244273380124,20.22405993860845,-0.383965729480396,42.6204366696573,7.0916080207984145,1
73.10767534922871,20.041362849954925,2.6334666055643474,42.15129813791233,0.9500946041759574,1
95.53985771182876,20.333445226545813,6.343364394445622,30.870932305074085,2.3286322030874755,1
90.72006278300474,23.554582390457956,3.2597767931549644,51.48380410261104,0.4067357566795923,0
77.95271564389117,23.159377583236502,7.192929049600371,32.67815237430678,1.6044389338560043,0
69.62415203550825,20.19929815172082,0.9763905106431991,48.66297133013141,0.4711370400188861,1
83.55095420918569,25.078414776252977,1.7757962121039839,43.090076825111254,0.3497331397418832,1
80.5405628613884,33.050275233341274,2.9367236597460504,40.90389509067236,0.20726542217760896,0
86.13140457053022,21.981138152659394,4.834798555073058,38.47257511961679,1.7337470646842355,0
81.36883338844433,22.265952715185865,3.555959699239954,53.025802755466486,5.985521359579482,1
64.92543139254991,26.238646281297473,3.019201494875158,43.02244780087213,0.2607226619696075,1
81.11653061698841,21.76473483305282,6.840792862197048,40.088440324592,1.3955736758084605,0
81.94380888931687,26.67585792687273,7.026889950778301,37.3236864774483,2.3235394783404897,1
91.3366102477406,21.12582917288384,3.171240468584889,36.724258656264574,1.3698092110162032,0
78.0180032538895,31.328478430309204,0.580464385340675,40.25305423586107,4.855750774015592,0
101.78674673372566,25.37909989036918,-0.3149676583747594,35.34698484169378,0.3637528733280617,1
65.88359449348243,21.519908203693156,4.478580229560713,43.39825523972373,0.04891996436741716,1
98.11167497802624,21.645233202122903,5.311911244437595,36.771788163818314,0.9661554378926401,1
82.75681029121895,21.94480098916786,4.125995571157092,45.02477757222912,1.6215600945925048,0
93.59584872343557,29.490998664995494,3.858183785838483,44.91293690655643,0.5874193142142001,0
85.79801484058733,18.924995969594868,2.390914770611835,39.722821604379035,0.3688881299870889,0
96.39555536025469,21.32823331816198,5.309959587827676,42.90151114927488,3.2678488549251825,1
81.12638035447189,21.753357772298294,7.35637075779782,43.15181954763399,0.4179271089283837,0
74.01379574822188,23.937248132972247,-0.4337553546711117,32.688341954276,1.1692393189528516,1
99.20504287271064,22.915561229412823,3.8449976224245694,48.65846494326812,6.1792557727812545,1
83.86519354117858,18.03508867443815,2.0593033011727995,38.721281428564225,1.8971363459339405,0
87.2155847362421,22.40070926561813,1.0190680118922968,43.477867567078505,1.3772088401000864,1
97.34751914044796,23.601797267260125,1.7400482584311678,43.61811755526412,0.8933563352713159,1
74.68044757905565,21.487608659680866,4.759345711368809,27.552314542322957,1.469545049724487,1
90.95490897639257,26.747101956190658,4.809924395182332,36.715354026252655,2.6508279999218223,1
79.10105243537109,27.67763371501459,6.9205755223495995,44.20184410213028,3.4578762765381117,1
83.67830644355628,23.68645320108243,4.017563094290923,40.311262297176015,2.0987743626827866,1
85.7227896538429,24.922166347402918,0.48355674026084294,43.44484668169035,3.1243173470798626,1
69.99778138553064,15.355776010602916,3.5236609152480565,40.46183280722592,0.18514698206405833,0
77.21162957179565,22.315588911352673,1.2272418555684323,46.146908969015726,0.02895752676325112,1
98.5107289241314,28.01928676703165,1.58640822715599,40.57016944222205,2.6516107885565505,1
93.86191188584796,22.30625366728289,5.1611181168129905,47.12044548390238,0.6068210918107775,0
84.37360422672765,21.050953294432155,4.38836181118884,35.09985711393978,4.202200827537712,1
87.43123458512893,33.110755704123726,5.175131190870662,39.36179965260528,1.535097926279581,0
82.05757494363543,31.27630876078322,3.285014305456544,37.03300215708981,1.3021723480133287,0
98.56583385827982,25.87029964992863,5.581059126850712,41.94318032031133,2.964014441667371,1
82.99647422205837,28.555642445920192,3.1731942034197775,38.60666027558712,2.7025959121641034,1
87.31842092134848,15.09625832816769,6.233365665484494,38.85242906453182,2.4366609847422174,1
96.46030144142065,20.849794237485174,4.689277878943085,36.47616818374877,2.3417270715174348,1
77.22628515154094,22.120168507307394,3.586006259030765,37.69632241535728,1.4488464211611076,0
100.58789184496894,23.056079604532215,4.424186088352194,39.94861468041661,5.220274168545433,1
69.69538590256623,22.04022391610415,3.9642785980501647,29.893274244084136,4.426245954706662,1
101.29642131112799,13.799894833934614,7.192213030625846,28.491180719844117,0.7991796273848759,0
81.27324416048026,25.54409847483424,4.490875245157579,40.29572971153741,3.2663809614301647,1
82.57301252174719,26.174616513122427,3.996774655210983,26.15411717383229,4.434806866229062,1
66.09989828817058,30.407595166359926,3.5230182858984014,39.034288615959646,1.9260047138168492,0
80.45205282622307,20.846762940900145,5.686368438490022,38.11418119404393,1.6219668024477718,0
74.60193468973115,20.519347368880393,5.41582667810701,42.710189349304365,2.2287928969406923,1
78.92353654626527,13.280062056142125,3.452316739374744,36.63990810474036,0.35600736244945796,0
83.62689034211121,22.825732653636454,1.6887169707543825,47.84757384645983,0.18279178890984915,1
94.57791614472906,27.604447124248686,2.1960637232432925,44.24081436615217,3.4312672754216265,1
87.07603351400626,21.552928551229122,3.631674920915608,32.43852984174243,1.703471111307258,0
88.07676653401114,32.57377927417459,6.697855012238167,38.57826821262829,0.26136004406265223,0
74.04480611154437,22.973620656841906,3.4996467415061723,47.635925720919374,1.076798023026547,1
76.1924591039727,24.58796913715422,2.811752780068871,36.51184047300233,0.7083115863310608,0
102.98725018351311,18.547587677673626,0.47856137350270744,39.735538374872945,4.166545008521432,0
77.64798965236753,25.148881380701116,7.027082871204593,47.020637879273885,1.4153856392044004,0
101.56208252057296,16.08272082058922,5.13805629196292,37.29702191968611,1.7231910550894598,0
82.56938801119134,26.77479182005258,5.592019940011715,45.61489970041446,0.53651826302551,0
85.02287936143505,26.89771270494165,5.92337610385875,35.4500019869319,3.2095331561642535,1
95.7036516022993,29.43716569734604,3.6705395424820737,25.561930749269404,5.321416100929248,1
97.71892421938657,19.920125124929246,4.169181267495071,46.142646582203135,3.14519340898834,1
83.89187439720912,24.642248473189678,6.9772038839039885,42.19367520028738,1.3579329798188615,0
81.11756946478461,26.255266237546017,4.359161778638274,42.522821376672326,3.6046978615414975,1
84.44079551477788,25.76912655332124,5.175050580127989,34.53518604347363,0.4164085776507419,0
88.37957528232118,20.538802899460595,5.741101434401023,34.933236917515686,0.24075352801451172,0
93.91303686869756,14.43207244177544,5.285862664845287,45.7521825986807,1.1532867977411727,0
85.04229858994151,25.387841187537923,3.7436616594670125,41.21603653702132,0.40064798622175496,0
91.18886298023153,23.390001286760324,3.9322323143721607,39.412719713311205,0.5999427041631257,0
101.3835973227094,21.73331762815424,5.555280875951884,41.10463331057082,1.7595162891132563,0
88.81309612264785,27.055781454861865,5.552005719869452,47.5425276500615,1.034704128725647,0
88.11652856004778,23.820321847382267,6.3364651980389235,43.61844113526285,4.01801506045081,1
69.81089174909933,18.7232197889288,5.102193966619677,37.62677401307421,0.5113653702687093,1
58.69269863170936,16.274190843615113,5.1932112271841095,32.98256069439974,11.483404223968655,1
88.88375729230168,19.484146939467337,3.107533266431106,42.94026880913893,0.8906795277609876,1
84.05175768719128,33.57204917906715,2.837700977856197,35.380159946828854,1.4488747062329528,0
79.85217325085259,26.89110709573109,5.561261348702989,34.08811531190617,0.28389250504915403,0
87.43530204186345,24.754449367900047,2.8516298639672497,46.57874593437034,1.731665883390284,0
84.39596270803092,23.273356291256782,3.958597993766276,44.36202873379074,6.503050860847125,1
96.27780250633899,23.010428240210256,6.758046481942582,41.92842963340249,2.767776738697668,1
85.86110868258977,28.66878393343638,6.441140584690178,33.80801469531375,0.5595721498337866,0
77.53076714929833,22.037617032386272,4.603577661594367,48.94633030383541,1.1689863478078872,0
94.90166238959289,26.307681642737172,3.40772084033258,45.14434157357925,1.1082782237838207,0
82.82868925053798,22.606288198833624,3.7532421793129904,38.48107199468803,0.20616570654140182,0
90.26536683672308,31.76062652734025,5.735320282111229,37.42359970919567,4.340486977633496,1
80.225892938072,26.969154030313213,3.9270014451076687,40.39244870654467,0.9607740612400767,0
78.50173114502563,28.982227258734504,2.883435213979472,37.60790666730674,1.3634636135617684,0
85.84168230185696,21.662360901247045,6.431549512815948,51.059269783925544,0.6884985688822877,0
85.12828643543685,28.232544450269685,4.363200278258562,38.07235812647568,0.33068258615526724,0
89.79827035366833,22.749690298421235,2.8454883580165076,34.66058564229886,4.647834422068238,1
82.31354246690258,24.4401392957314,4.957880377865262,47.94207929166539,0.07622940355184389,0
66.63640216229602,30.540190682477835,5.942436826385016,37.154690833564466,1.0212496255801642,1
80.67226116411611,19.828899772974324,1.984653870424479,43.93215054058364,2.623824596099759,1
92.93818467143815,24.8129909252216,3.599092173294131,43.37693803043035,0.7388197173931229,0
82.02623920756893,25.752021034074907,3.5066332648231757,39.70718974727473,1.1812844613681242,0
82.53616597485453,26.08001752320324,4.904574331566953,35.13501617738652,1.6624164952448623,0
94.86376505905938,22.19686202762614,5.264016645719717,39.75908536510805,10.629548984769679,1
77.88026772741077,32.34505640323233,2.897052177441029,34.150694468338905,2.8401270525045947,1
69.57196781757101,18.82027245863896,1.01449764818795,39.881411187315486,6.829500035728094,1
83.39368880474505,29.835541554529875,6.063597509198802,43.86390733229829,2.3627630006866926,1
80.15826048751263,28.860262422366553,1.7601094588455743,48.58890033095999,0.6268283443629314,1
75.33753680246745,31.60355515841474,4.542368410087755,34.560754420278556,0.6779193207043862,0
83.24621544101309,17.64709160516872,3.7360382025386354,38.74770698002036,3.4571671649919087,1
89.91505647246784,20.52467404844116,4.324887810408151,37.3759445788736,1.1162310469786338,0
84.90711438432184,29.967772236646564,7.302467943413717,41.36869688753744,0.9247827709510688,1
88.06981072686237,16.491843381478766,10.076563227243657,32.3909581184459,5.8042662542997014,1
103.13407698515422,17.574164395838345,0.7331251772027829,35.356686614375164,0.026643010032324412,1
81.57121138442436,22.046768853154035,5.967812310665847,31.53991720965682,1.4887415240259965,0
87.7834863464467,24.76797515448907,3.6875044546447078,32.80847729667448,2.9839912677716036,1
79.90786637400865,30.3689002945951,6.095709027425105,36.697811030439574,2.664893187343858,1
76.53640280113027,23.258936340278566,5.914526152358327,48.35441306412944,0.9163853468402616,0
79.1509234658223,21.567043407741842,6.819489614396327,41.73800238466317,1.5342261304526486,0
80.21241428478311,25.24555975078571,4.569929830325394,40.324979367999035,0.011185811736773724,0
88.59475797547125,25.878385933177604,2.2208470300899523,46.734430020142426,1.5307058572022132,0
108.49075786700757,25.764959288681084,5.85529897741924,41.9179894059171,1.7851543988010692,0
77.83956563724159,23.28805516819462,4.235995152288129,42.38788055698504,4.155547268297881,1
80.83374694384537,16.179655544327403,3.532313569731735,37.63487767410099,0.4733120443937825,0
84.36876986888751,20.32953604357467,3.047552238590076,36.81335822195459,3.4876045884562505,1
88.95798848709747,29.681084341069848,6.0126711382102584,33.4443652513429,2.5321681792082384,1
87.63550811954785,24.748275751906398,7.206738984014754,36.99455216979304,2.1934134002276218,1
97.84095793948117,22.709911523571773,1.6092948826007314,38.59738292950474,1.0030309437546368,1
60.73607929464792,28.472674193495898,5.243904484957861,41.723594737584605,0.9159426379979395,1
61.13070129804328,19.479533470524206,3.2552256291547095,39.816207924776485,2.4298061280259624,1
80.0412182798985,23.098607465147968,1.0654552036157727,38.17465267066156,9.2554890091977,1
95.97300187543709,24.55103362069615,4.295411641526016,35.441616240516254,1.0395772069897884,0
69.34351968394404,22.234489986821483,2.3337244396208785,41.99563403977605,5.016754547500597,0
54.92367660306243,24.403051291606396,0.8444935443996049,37.511169564830794,1.7664135934729124,1
90.71179406219208,23.24922427431294,2.436519055550931,41.76898253995995,4.052418191586783,1
87.43657223702715,18.4026278088565,1.9444521641722927,30.433639452032317,0.48973167992049055,1
74.0979159320057,24.725911527516224,2.7066262938732173,41.68210581484947,2.872920370004504,1
75.1446039927907,18.68659283394853,1.348231846092622,43.734534513981195,3.6029350090652392,1
75.30256280365326,24.66246050038689,3.2097197827475723,43.09765429681874,3.569597183708775,1
86.1053531747394,29.496543296600436,2.573501743832055,39.016397873246525,3.07155145289502,1
78.73684723816993,22.875907210895782,4.751227754291315,44.57659157712189,0.7253734707189773,0
89.9406391897552,19.314067480116055,5.187077972796631,33.63520558522076,1.4760808184009007,0
56.45373337095609,23.49204874718008,4.520297153556884,39.55396967396735,0.712506580479646,1
76.431481348722,20.672115567685875,3.529111084252982,39.033020994196505,0.8400387389350019,0
73.73946039088949,26.37803601052588,3.475144808615371,45.18199844520544,0.7168354479337429,1
82.43659321627507,23.408045009908587,2.325850025177269,29.89753414737726,0.668784536915638,0
79.61952241509861,30.839053006658293,2.3740106811801263,34.7093514103635,2.364564003266136,1
92.97843779895767,28.651958382709353,5.407207736157472,48.73625404315258,2.1011516701606863,1
66.40663228339943,23.38767798207439,0.4805948026990716,27.847169380775192,0.4569762025809752,1
85.45491476330751,26.862436271892363,3.838550123374115,44.0721198584375,2.352188237030501,1
90.58336423211705,22.427054363348617,3.3529418768775976,36.498364184864286,0.6879930148004323,0
103.56647436561954,24.135827540660674,5.198264202749785,41.2735130182305,0.45058755917248067,0
80.18234028906525,22.554263214598752,1.1499760331552986,47.06891201929677,2.7507237217589373,1
88.24458604352517,27.065823839398835,4.024961410971879,41.46603435539415,0.9015571383876991,0
66.96137207437636,29.73195310683831,4.685968682718213,47.172666883805086,1.6849216025338856,0
61.08043795686976,27.194592828764574,0.19053756275201028,37.53825409606599,0.44659702780464894,1
93.447743757817,27.687746405141425,1.8513440542765256,38.199118720785464,1.9022501127180484,1
84.94439706351929,27.69213374894292,3.8164203063744173,43.934211244238625,0.4663711950817176,0
96.78512689798423,26.20502368933884,5.028293815268609,37.802847698588344,0.36514779349865006,0
71.2659711103025,19.442855363158927,4.3649986222254,42.98673190519001,0.9772431753850801,1
90.19902139528753,30.803886077666,5.120908505899615,45.91902108288841,3.1218845300696696,1
103.68817840543853,31.2176433067937,1.8412549747186908,44.34168447143694,0.38846688065092927,0
89.19705608357266,23.064481586746528,0.8224993005439467,32.10544217276709,0.24892033323033302,1
87.7658150559105,22.517208339135273,4.169011611513579,38.29309611475239,0.06431860770480846,0
85.0855608082435,26.4496466116615,1.5412935235717704,41.40916242027411,1.0755913235898082,1
69.29118542874087,26.20325134073402,2.2693553479043937,38.78053230185304,0.6626412397408613,1
98.55572935710347,23.192215724987925,5.864556709652748,40.39683006695767,0.690928751704846,0
78.89142360194934,18.99989737764958,4.378199113533703,41.4753537213463,8.028326622523975,1
90.04483256383017,25.222804762999107,2.863710189489171,37.36715939641215,0.43164930707709065,0
69.36965693428746,26.205746152702183,2.603936990718073,39.03280559772068,1.2265550083979981,1
73.2054033549222,26.903284592155188,5.24184311377833,34.09482635996572,8.590695741041637,1
99.35087399222235,25.39717108941683,4.4239418712999665,37.610791065463395,0.06219315642768777,0
81.52697711042157,22.915539406552362,1.570886715354618,32.36660698617092,2.3857851328646937,1
99.53275476042545,27.976008158025113,0.10435253379810527,40.58248347846345,0.9275118211095131,1
84.21769340941482,24.263393990263673,7.7636036652803,39.03388897820725,4.730998957891325,1
66.58102227042143,22.140307942541117,1.5550415493648844,35.42102393975686,4.859506410927289,1
93.9206759973172,23.277386471817117,5.055393006600246,48.92629904414424,0.9794748879249494,0
79.10107682244393,17.016123870100074,7.021385864676349,38.772942584765794,0.5006787183513459,0
91.98688813517043,23.271032703285844,4.295195137666311,41.4327647203981,1.1172445972716507,0
85.25210867540082,26.753746079498676,2.7991266470655907,36.806834175772686,6.722392866004943,1
69.5688177205713,25.35913208855692,1.1479019166085758,37.9282598963135,0.6608968818641029,1
86.64294765370569,30.082656691924743,1.1199789273599392,41.62206735424268,7.960367971033209,1
106.96223142152799,22.948100343937185,4.753389697352772,38.33874475096556,3.4228471231408317,1
89.9298645851446,25.949252652213264,6.90195264589997,40.01651678444134,0.6224537276143726,0
84.42482246994537,27.170960705223088,3.209081806590942,44.03412307676732,3.131506921308705,1
95.75343401956897,33.371428033149634,2.888559075701272,37.409869102405736,0.10216440835231819,0
87.1066846520311,24.57906196447056,5.394962181622374,33.33919408381057,1.588426645193334,0
87.09534230262794,19.823251284543908,2.6281054921905067,32.36867855160793,0.8843073738490002,0
74.08374827840898,27.391715013421127,4.548965815256842,47.192195181934316,1.1135157456789255,1
87.33848025789598,31.46290942387383,4.083602900171025,44.65573350287785,1.2805567405813838,0
95.35443416416945,22.709805159093513,3.1810638828438886,43.278998335938695,1.3971749450950723,0
76.63937847899976,27.36432615442566,3.968923682526959,37.81973597063994,2.136625625405508,1
99.24495821246947,28.91491222091568,7.526304229299958,33.33459994506083,2.386573724388753,1
84.08293975854875,28.068262175880612,5.209065888201913,38.58849193251926,7.434890116843828,1
76.12230488461459,24.502234089894312,6.185001608511957,39.53322814356977,2.8775233728198226,1
94.97632076920245,21.206104967147414,2.1626112781598783,34.342241666263604,2.3282082927607695,1
82.13205764261731,23.674881807945656,6.191872295215149,32.6517184347569,0.9966708505703709,0
92.59514887486108,25.834401815510525,5.27804095093797,31.348436967980337,0.2506912653795795,0
82.08241367741462,27.632890096366914,1.0008078068812645,43.28696593771922,0.12117463634649384,1
84.40173856470096,25.335780191996157,5.0795814667422,33.97320842398493,1.2989677404549673,0
89.93560204334291,22.480368133837693,2.9734517264106453,41.54705160357969,2.2067876799355624,1
87.90897057590006,26.221518624599074,0.9083926473487676,38.01100073296376,2.1005578934144764,1
65.04468219548261,27.44034027097128,4.259551464655239,42.94818954388068,6.109327017361166,1
73.78756259905609,25.518440225657923,5.0780851821252195,41.679122559845084,0.9639256265071671,1
94.29409984790816,20.6552515418467,4.303216137289126,38.84031291054357,1.9765608926085252,0
83.67863411098453,23.27437586113124,3.7817228303084893,40.652267126046084,4.376260902917557,1
79.76268697228578,27.791283105649867,3.338829323083336,39.44831945811644,1.0352901689700067,0
71.41425984742526,18.467928765022105,8.933176018683113,36.92326424683464,1.2991915355325565,1
74.20263678724152,15.627287910435363,1.6348612229427082,44.900413927289314,5.1271958358178775,1
64.78201360038052,30.032331400576084,5.745843964714407,37.88463123379001,1.5980910284324006,0
83.98719281298467,26.04566102008752,4.030845941777968,39.5657492687426,3.2149790062846724,0
79.01562419418953,26.426920010080426,2.2910669874659355,32.92437450171247,5.486023684137528,1
75.33412109014685,19.692732105491775,3.903201898742842,41.37022301922406,1.692867314431394,0
84.31876574832047,26.950112253866152,1.214134724822765,36.9470920142727,0.2312414305515002,1
88.63970630852738,25.100994750273458,2.8090191863862928,37.61575670421049,3.448574989711163,1
105.93197932209945,17.662689688606413,3.9061313483287887,35.802195695577794,3.4051048283687018,1
69.88116580436787,29.697133657095428,0.8977658828017403,39.38001776055826,0.2443018091175903,1
96.59381043300522,24.634733294474916,5.012765076976116,29.967636924815032,1.5886690613994308,0
94.73101561015072,22.415664135682924,2.0724779181769355,43.411785064566295,1.335292756904268,0
77.209072606233,22.488041016059128,1.0965580839728952,39.80667612660386,3.7567656893383097,1
87.03235954586032,15.939112378270494,1.8391645283432592,37.66357199398897,0.6421408425948266,1
80.42366750662384,26.373346398525452,8.351908323670973,32.25884667104541,1.111219624164951,1
86.85688580418739,25.047428828982902,0.04387171626232034,42.16533343239985,1.8566813065842358,1
100.0913101340455,23.22367947066762,4.872246177539581,36.82836219852462,1.4564927988890448,0
91.05606232631312,29.113940829806687,2.496727457961427,46.530434351241574,6.203709478557528,1
90.08608373233442,18.464563924016616,3.2997436569648766,42.431594811648914,6.4708910816890715,0
80.69690680045358,21.61291009452954,5.207861857360665,47.67327844343562,0.1701846009024683,0
70.15943335075664,20.599966980958456,5.109637429677841,40.68485020394286,0.7072078780242453,1
82.91531789459592,22.884820080913787,2.6386071616764184,45.38911380581078,0.01512669167731472,1
97.06608154863915,24.269880101028892,1.2843519867334119,42.313855226491086,1.0820898180229206,1
69.72832143410352,25.72005409524542,5.244281947401278,37.74509293898102,2.1702417344078744,1
74.44910631823305,22.61210618757953,5.104754386018689,40.93605009242067,1.2746106612333206,1
86.26267736234068,20.490577059380424,3.4300609824236235,35.83006866770532,0.13909006256997478,0
75.15345215152738,30.744027799081778,4.883888767616757,50.34389716487186,0.43620316062931985,0
77.07476552884788,33.64656076715428,3.108341038048929,39.49567445147293,0.3806058828693383,0
80.76401418271823,24.5731466875281,2.345924869930424,40.13105145759325,1.4313103503452318,0
71.3438259580985,20.972878531916532,4.00792436224215,41.9499293081676,2.2644209738829573,1
75.25878153783631,29.901816524169178,5.038065482183035,34.565273378416364,0.7605464788233463,0
92.03427916787308,18.21297157468614,4.6185005391048675,46.60685552833288,0.27958203358599276,0
71.92630217769036,22.66090670118069,5.018325360153344,34.87335224615975,3.2049012417478995,1
69.02127865505162,21.215531794614794,2.4788422534217482,33.74264718819303,3.9089592400461535,1
78.69975020466106,19.361857798198045,7.163762249516505,39.16737993648487,0.6472768840402908,0
92.31955502509845,22.87990306831292,3.3152382893227506,33.60351251105208,1.0920342982042648,0
83.0307819200311,20.54331168330414,3.762168697046817,47.80970268095688,0.17096567914543978,0
80.35418921884381,24.050617856594616,1.3626881815642644,38.84648365158473,0.5167573194094848,1
85.44358797515608,24.108708670689857,3.612289687405432,23.894162510797848,2.913436895901464,1
67.54292567140348,21.51467310591208,5.064475473703034,40.99974259062521,0.9088839316712646,1
89.94705653775033,22.51794657362452,5.52502122538533,42.7675299342702,1.8561814849401752,0
88.83435031403644,23.076604128385156,7.123881474373564,37.89283875804891,5.844386769402602,1
80.90691525904279,27.23938424447771,5.040469791650922,33.220534871193955,2.572086241126112,1
95.05924511796417,23.406282395743258,4.553826391599406,39.48346491666751,1.2082669626959819,0
73.72503901046962,27.29880696314439,3.1074097769713616,37.59147266386578,0.9141915831229804,1
96.2790899325357,26.34325193421862,2.676519183533986,35.12214040070482,0.42274375765045763,0
86.54493665595251,26.286122787602967,5.940497029336312,34.680874649526245,2.8223225762449986,1
81.63447410121826,29.55138388138389,5.9021407034778175,40.781178744686926,0.23852500216064676,0
84.80126364631688,19.52243648101636,1.8459745983024547,44.515109001948275,0.1267183065388626,1
83.92735234189058,22.107267574771544,5.446191774306962,42.307719189985484,0.2214803094812114,0
97.20282896417717,31.053195201198278,5.300767382791685,31.360010707058102,0.556534098055865,0
74.23320872528987,22.97073399764293,1.7723822299716114,43.077390022779916,1.9730155701069612,1
77.37480760853401,12.739505240376602,5.080913609578354,43.86237006013525,3.9513184615293033,1
95.3630289207248,23.188126627408458,1.9009070810363853,46.96848375423883,9.818614622860506,1
79.04465064816141,24.539758120652998,-0.8585859353469774,35.25056121954053,2.6296906539246807,1
94.00533077331592,13.531547530275157,3.6797951726159006,39.716986803176866,0.31559453101421236,1
101.99435983008709,29.335742559551793,4.515629410509978,42.83762125151916,0.6506426028338153,0
80.98204973058367,21.145150144537592,3.7698583902337734,37.36223150930194,0.28309658572787555,0
91.81362326575305,25.314252460750062,9.734213634375948,42.75954925173314,0.24558262071275122,1
73.46307718660141,23.09607381862375,4.757702458469949,39.879868368910465,1.6774220260827541,1
92.54733298067809,18.846594323183833,4.294283638597401,35.76772591672227,4.744364656433623,1
86.99423985986768,19.717967461458322,4.859182606628182,36.19378880654727,2.306092776250184,1
89.73038282160215,20.25966865428981,3.1173619911998047,46.24644678137428,3.2253883893460564,1
78.54427927964605,28.342687636734553,5.858958124187078,35.01790668801664,1.4189465025134897,0
68.38916584432828,23.409847247599394,4.722003892354203,34.15999857915193,1.2899376628462935,1
90.03252064749505,21.912537933793015,4.630343407784982,41.72189432365905,5.544683623454547,1
64.36596847520545,20.261564349639073,2.7517595542661217,39.84713607828753,2.560013944355711,1
81.82649507757465,28.784600886104506,0.8713393471018134,33.44189311286631,1.2299334353636,1
94.4118186641997,29.856805090094348,2.997227821845419,37.40289912955238,0.8086788234190309,0
86.91897735873036,28.738975594826723,4.565267712519785,35.916092608697234,0.19550680895626046,0
104.48342644789813,25.969749356616667,3.1106010405101077,36.791662268765485,3.4405480174397356,1
95.25109152581774,25.159320167482846,4.583454334134742,52.62485198403323,0.3710301643026734,0
78.46101611674423,19.136248728096394,3.53527624628739,38.487100476629855,1.447278052661646,0
85.27313379851438,23.01672349315577,4.861158969253047,35.593745279139256,2.028243990354043,1
84.52629297455564,21.264559186614253,2.0463517482493714,50.10893745399825,2.725765959485565,1
69.17823236653872,16.69795156406116,4.385780023770162,44.44127399096198,0.1740450627214819,1
75.59601083515646,28.228173676661463,2.718091707297206,43.62412780292705,0.021487291625399346,0
79.3923909302014,21.216680214430898,0.9234341157387278,35.834528528493166,2.4484088189830793,1
64.63779497144063,28.783767629741227,3.6696917539432503,45.95741678843253,1.211706361143058,1
85.47493468251643,27.52698560304005,7.072635147636094,44.08137294116419,0.3996729667790526,0
82.50928155346959,26.226871906533674,1.0828471843080352,40.73544790919007,8.037815147749669,1
68.27106098688427,26.451536287052736,4.238784500788399,31.418484385638763,3.1342339741684575,1
89.04212865277331,21.53874447170517,5.595154126528449,39.90039998761086,1.727932978704407,0
92.1587274469096,31.431400605162658,8.600061370288902,48.64965357082689,2.4220424583991087,1
87.27034478864888,24.172501723812196,3.0141340351066246,41.1019140987102,0.33689282223846234,0
81.7593182479103,25.207726740474815,2.735998790791374,38.11766736459069,6.552225869502414,1
90.91442151751855,21.403694665733443,1.6666156081214671,38.85771328455665,11.235436568215036,1
91.80220360476692,20.27533895689216,6.281032669692438,39.20373846593092,2.0907811153315725,1
88.07403569719689,25.909184035237693,2.2651713415218495,36.00192893111531,2.207124648464806,1
76.75387749565239,24.87005398375514,3.2588071364493,39.79377585318593,2.43789219828643,1
87.7660076551118,20.84259053638969,0.3021242452574895,47.21367264772775,2.1919488823305673,1
96.95480650825479,18.246293124898383,5.767943685357052,46.6472743945549,1.1544324412249691,0
79.0337094138827,18.92030765068981,6.316516561556052,36.22832044837968,1.555999904086205,0
105.97939339132431,28.784534868364428,5.69155012716873,46.37948692275347,0.6645952777571625,0
79.74369066014616,21.546984741399715,0.789349437292564,43.805706563263755,1.1842445993715507,1
85.32407013340136,22.644365817296666,5.214302081558612,43.16669268805831,1.1457684218420243,0
78.27514403993663,29.801361035036248,0.654659230551998,42.15955940820067,0.6797492187425175,1
87.2327083592026,19.511397754054343,4.116080604128481,35.348118106102724,3.090156497273885,0
67.57778307364725,21.092020697131773,4.410155159967594,37.97210907521442,1.0541539435309148,1
79.53958201183279,20.924932685757227,4.62036643621653,44.16459201560663,1.6046534208307905,0
74.07878799651434,30.472273924664158,5.0692730652749365,33.96564828062526,0.3394200901961347,0
86.35338347892291,31.973534002329657,3.983932792881456,34.79612447302062,1.2885879422057733,0
94.94447375508908,27.006252901608683,0.07514097454289503,41.530987123829526,2.866397391277898,1
91.46006187114551,27.133538896616958,5.070242017599064,36.05233669670449,1.1758656519511843,0
61.28340639141108,21.678579988589075,4.195216282255496,44.119471768503836,1.6317209271863866,1
105.4206965292788,31.78931394761713,2.1947604172575335,36.228910218717274,2.4193553196712485,1
87.95279940620868,25.07078501743465,0.8612051577267823,41.22190072431573,0.9852366890653764,1
77.23500859507,27.412441057798958,7.080044371848717,41.64035782325366,0.8716915834592863,0
86.5712791899094,23.577900244916183,6.4626010765813655,37.589526610512614,0.1792848515763478,0
86.76189822502693,22.92786965068956,5.411914814614909,38.80176685172703,1.7458514400736853,0
78.33151283048436,30.65216903838447,2.647400177530594,36.59994259980022,2.4548824183935567,1
86.97916667342075,26.158894718953228,-1.033991104423035,39.906976471738815,1.7409741481649477,1
78.92527712379693,29.805501844281526,5.529358350870471,35.19156379956037,0.6668248116211717,0
80.95638007309978,25.021312686980178,4.73337354771015,38.88246124251471,0.608536061091848,0
78.13720864244915,20.60653385430764,3.250675381855647,43.742455038976075,0.3474871776622559,0
70.67328710260347,21.666628268486047,6.249612613395753,34.31624460469664,0.0962615083354523,0
86.45836470215384,24.41186096985844,5.6959950679257,37.564652940110534,1.1133134673076408,0
90.85299436516338,21.493999135826694,4.352190976461699,42.591312049924746,0.3499460182651638,0
90.14883596076372,19.570154365489238,4.070116835742228,29.61177609159669,2.3475190539002617,1
93.19925252635234,28.8056681271481,4.101935435199363,49.277920181996684,6.526335242675758,1
88.24340210014869,21.820519716705952,5.359879745669492,45.22628957015467,0.15264265165885343,0
79.67274501783096,24.552770991165282,2.2850473069140236,32.3083220988134,4.469026586318929,1
93.39663864431189,25.18453435954242,4.8519662435700734,29.47902100034124,2.1442294714237278,1
71.42482460158065,21.647387498717727,2.1588181110608184,40.14808793667031,3.9362151276660686,1
75.9932861748752,29.803197865234957,6.673110343504469,34.39877902048942,0.33673991199512815,0
75.35799928576755,19.53143295518155,5.064257143150469,44.80746645099206,4.739203306313188,1
95.80056059139311,25.046501054323084,2.6235434767221406,41.97001081065844,6.33407687632178,1
94.42788514140075,24.984470825506335,4.1611916480595,40.61689508168635,4.744172807838401,1
89.87305237044995,23.782981588543407,2.2924272399439185,37.14871807488199,3.0788876448049005,1
95.71929865211797,18.81234954691207,7.008225675401592,48.00003819894677,0.18929016803136653,0
76.20717217588012,27.483270207453856,7.245751968942419,43.767260503608426,0.49879813944158075,0
88.4859511986098,26.974042681338386,5.392447365125696,43.01582904510323,4.886805039867925,1
83.74825571616836,21.297725885635135,7.113313135309155,46.00027982313721,0.5212347551162396,0
93.46882103884914,26.829948828821447,4.303591897745001,34.90569568253565,0.8545444249440175,0
83.84775767447802,25.499630745203103,5.527025134349594,46.423689345195456,0.10359082939914217,0
81.15057111589918,18.877551418555566,6.449449043819511,38.676958518186815,1.9782229367465962,0
90.4090851856099,20.58428434171457,3.988512808968166,41.67364848301225,1.657021860797403,0
93.76169167191233,28.553125779558318,4.14220771463469,39.21768495164034,6.528356720933268,1
78.31654805153198,25.237664740568203,5.867313202857795,30.610671968132074,4.457640443284264,1
84.38924328647624,21.742788216757496,5.292995931191986,44.78674130486124,1.4102123739861856,0
74.41559366358348,20.566096435309433,2.4890785595978944,30.87758338546272,1.8798215179243236,1
60.019389825070604,21.93842480753832,-0.37365874254293807,35.167396999937125,1.0661316275385229,1
87.00459631413729,22.22208188048918,3.6489438748059033,37.735876847859394,0.2841853288356125,0
91.08905356254633,20.616147869482994,-0.19382835845035817,30.231922269953607,4.046736430407253,1
87.62066809086726,17.03294355046679,2.0179653277889034,34.49688688598146,1.5949656920258726,0
65.50438282245634,28.560053145603142,2.251426085599231,41.22410045392016,1.1081348508116156,1
81.49150569923525,27.882534690445773,2.862715378119747,38.266744042322316,0.14184390343502873,0
62.81652239948919,18.906978192772563,5.640876288327083,38.67923563137425,2.1895398103033665,1
98.69701107654186,24.54524518225467,6.075359081460521,35.424967745057046,1.020534578513238,0
74.13945417881914,20.391047189140934,5.017481439614414,40.23090661878945,0.5852441518161753,1
97.55403609459896,22.95373110709386,5.265013952123611,38.373759874017004,4.187134024411746,1
94.45869643684145,22.620933680505374,5.312240912737292,31.795172994908164,0.40577968470900266,0
75.99409647463938,22.28866313712851,-0.9936599824418479,38.99540665214536,1.4472947342292504,1
73.67215048732255,32.011788336305145,4.020395364014233,33.790440865409295,3.1768800252422236,1
88.50370216386338,22.23869726129524,0.4070825576599897,44.48848555971283,3.7819415019780993,1
76.55675962816929,20.7669446997323,5.018278951343081,38.042466326506975,3.415263892216909,1
86.02484642158207,20.94967428201181,-0.1862162946393937,52.60762215365393,4.538810085668402,1
80.17172409193081,28.17510782560702,3.6391229292986016,44.83451268260726,0.3071355804578792,1
67.18841585534366,17.39159067322826,5.095539552039174,39.34865412356416,5.64216454916123,1
62.695319808755414,20.94950833425792,1.764484103367376,42.8973941661196,0.021723415704344506,1
87.26684248494597,29.787291360446137,5.923431921026441,29.551004056441855,0.5911704451356062,0
79.38442253669375,24.975944751990586,5.013244339903494,44.81189703454878,0.17556242911887548,0
79.46910183085868,24.767688020144455,4.761649391675819,35.89854751421254,5.820325494018202,0
91.95863839093785,32.528585840574806,5.396003175021064,40.44866518522177,1.1030718232384973,0
96.73442276632444,24.985391811793995,3.2815998244666886,36.36188743574994,0.7574596197450816,0
82.2745527863819,21.16725535456167,4.303837727513618,36.89340812378319,0.36565328112890744,0
81.59401293090139,22.871691772494607,4.020103144468398,39.09433955010287,0.3387741163572319,0
90.00143033113883,19.458270763877724,3.9749021107677103,40.38416387503309,1.9034818920258687,0
71.43064430300424,29.023748160062787,2.6559378467058457,39.86542059605354,0.09645739306786752,1
87.23153054747696,26.298246870146862,1.5149357705545885,39.99007687930986,1.8044323654750074,1
90.51885971822153,28.497656599883555,3.3262833014210496,31.871586462592784,2.9801954879108927,1
91.80230208417629,28.85193571419748,3.216104185611466,51.66024802132054,1.8376622466698358,0
65.63247297497534,22.343156876289868,2.5265380249662206,41.15990164534005,3.504063554366267,1
77.3864473019106,20.220988591964442,5.704107563620049,42.18783672818566,0.6164736400508435,0
76.21736747176533,23.793147554767817,1.655586764288774,38.30004444602469,0.16062377595719618,1
85.99886954409213,20.508955716845847,3.656981682217517,35.62922652721189,2.5530197332555007,1
89.80744579767983,24.659827501636098,6.332679423122505,40.75517865485087,3.522038346659221,1
99.96710407445981,28.528387523338758,5.818258705199105,41.446384553205135,1.3930117756771248,0
80.05034519631927,23.32744141580333,6.432587770194566,46.50904438727366,3.436463519234299,1
80.02427501690786,24.599980359630955,2.8184388452515456,50.38808841757399,1.2246802579781177,0
96.49672018878746,23.624617535106534,5.568576251455414,47.38511201995107,0.4426095705683609,0
87.96576938530305,27.210910289750792,1.8740592060437367,31.167355382900205,1.2864068597000466,1
97.67651511187974,21.32887042284684,3.448252088366919,37.697909295951035,0.4865666256941271,0
87.88728003009837,15.214214953427604,3.636488378439614,41.67908559977184,1.2774375804453186,0
73.4288338128673,25.883475437501524,2.8483195756039796,37.99857173793783,0.3192851032574847,1
71.66871645222193,27.951337685231973,3.2763720238309495,39.78086591627132,0.41051412371410667,1
69.48487750941071,25.785496979034143,3.013248145005295,29.274318779534095,4.289672055578727,1
91.62051834758473,21.439078018127944,2.035212377796609,44.57106500491652,0.2462756000652973,0
96.88596823087008,19.459951607255725,5.712827012011583,30.622723805967706,0.507912550019202,0
103.4936214138638,25.977990127121284,3.6350999942514615,32.13755237926333,10.816287064190718,1
93.4310533232324,24.565915811738694,4.402873087834571,34.92664607854177,1.7161309894583654,0
96.62838577534986,23.496829489366682,4.327553742385709,39.51233023115601,1.7629054538862012,0
79.19983667346315,31.289853371975163,4.109452850220043,31.886373224105704,3.728284571326603,1
73.43584183256144,20.212799623274673,4.185609092112857,34.69803882967585,1.4860183110804757,1
93.50079332417553,31.10014808450986,3.389165559937957,45.744725211547724,0.5014970572506757,0
89.176807522394,24.12713561948256,6.836793737029726,39.43819823487288,1.0979778541910044,1
86.07444374340892,16.6577180925165,5.521489523270718,42.16773489349031,2.8130043706190597,1
88.8737148063299,23.283189382723435,4.03676406554204,33.81878607875127,4.118469183534988,1
88.23185482458206,27.837984306397765,3.1058911280678734,39.730819877213854,0.6382184105348823,0
97.83816859853562,22.539779868780116,3.762358314541839,39.320666968443156,0.6075558750335871,0
97.94985584816956,18.10088583504642,4.835243032743492,36.02364764546805,0.7938281637527943,0
90.44220352340346,23.34194187281532,6.999880185072623,39.74461447941071,1.8137241427295443,0
93.45802872562928,20.57131050443318,1.253904910669911,30.53937353588541,0.6528709315802207,1
90.14062552424775,25.96725760435185,5.319549517283555,42.19304372168066,4.472413882416188,1
80.3883026796538,27.093599264270445,6.253447273557269,38.002536412234285,7.634115653561025,1
92.5656467491314,19.774918369007576,1.0265630601895364,38.71390304088261,2.2733756319606755,1
71.05504931140739,21.176783779537402,3.6376982465374503,44.258829010583916,7.033195998589415,1
95.53891552295883,27.02656986042775,1.870964053833922,42.160167387290045,0.6789347469355105,1
73.05477060233964,20.564622886804163,4.861059223354069,38.40830405469444,3.3766414123126984,1
87.85803286794733,19.67136745668802,3.2832981352888955,34.41706985443983,2.2691711135982597,1
76.54846041573842,19.285235472814982,3.739721866239749,46.64330702393795,0.6108554130259611,0
90.53388983074427,25.40815445183248,3.1778883854430515,33.299389990361576,0.7666459692684171,0
84.66074774072091,25.236630878069857,5.440326865536537,43.14683451300576,1.3413068121777159,0
69.05244041836667,21.263815878483832,4.458065921196277,32.01303027896817,3.1370078790986566,1
89.20699631018479,24.020341584512938,4.4618535280793115,44.58936651572563,4.114926005309528,1
79.22079223167289,30.108529536620523,4.3212436501629075,45.053004264417844,2.009954533687418,1
93.81146720813369,20.10375937232711,5.144981760904274,30.436945784057663,2.557222968478489,1
85.01325688734407,16.193029563958202,3.4760562902873535,42.24667526343968,0.6126414971168042,0
88.95420985388039,25.820302302881483,7.401549575081853,41.83251823874927,2.7024070188350673,1
75.42431044984788,23.558395344393645,1.5304104975629609,43.51524652343013,1.8576368180730898,1
79.10667768572638,21.159899652739593,0.5481631036607024,41.82620137509159,0.5044262774908693,1
80.41361363898915,26.60832094941963,0.38263886278285364,35.188421536048885,5.998957429513936,1
93.56702480242555,27.35690057867516,-0.1591762385848714,38.91383516265064,1.4384058421753256,1
101.77377087805489,15.16688792047963,5.346339629640504,48.323232682169845,3.164248883950552,0
76.94828248257124,21.389608362674046,5.102735398565281,34.46093262025214,1.4914626862867661,0
95.7684814465768,33.27006492478742,6.41555298355119,41.614289791755866,5.4042371461803,1
63.30322582274298,26.333619663192763,1.886723570588956,45.756269369775254,0.3046233078997157,1
73.0581059890771,26.7044145531886,5.490922909491001,35.04623595569677,1.5799974487017447,1
75.41221543813225,28.691577114525913,4.113648124298612,32.91606676442093,0.05095359418806289,1
71.47491310559278,24.068275300798906,4.333172998311719,33.669488331744375,0.4397816755996395,1
69.1641161021242,27.18673664036648,5.251245790699215,41.974856807882,0.6598615701779367,1
89.12998912137797,26.87224817534881,2.4874364978751125,33.62698113504153,1.2796302019859915,1
82.85932302272138,26.156165987011036,9.174498270808975,39.32319979683962,3.431516192675752,1
88.7940539760511,22.71195211753038,6.6637606085507075,46.8563569815161,1.2571716964894484,0
91.90472686121512,24.688235689465035,2.936588092009279,39.743459377956846,1.6473647588425968,0
87.65616993172533,21.646553742772888,1.8185238845533043,36.11093605919598,5.155474933494926,1
91.57763176150374,24.05125721826598,3.8241916763906163,40.62704836356693,2.8255433395835374,1
84.3046771375773,19.326036431602933,4.3645168871640845,39.656635729658376,0.10301482033403743,0
73.13006611694256,20.83750403490819,6.131230519416621,42.26328819401621,0.38829260644286095,1
95.57814180820796,22.870751832300282,1.6625581768633482,48.09572276909426,0.07793391593673922,0
79.10887867218872,20.225178274279696,4.570973886398332,41.98384429418488,0.1431128680255777,0
75.64403701237575,21.979930917019296,0.9419699511704218,50.16891255882952,0.8275635981792451,1
83.22082124195602,23.344296092977935,4.872715186822237,42.27650951738771,2.6028662831450022,1
75.87189080703487,25.60904937865751,3.784991559083899,36.16334353645978,0.5603616023235305,0
80.82569618010568,27.797029207411637,7.873359524571526,51.44151497114301,0.9961026686459763,1
88.44053921563466,22.144862514487567,0.907994911560646,39.375909913273915,1.0013369699961912,1
88.48341739246126,29.340418469074496,6.74121676298021,34.72553884054498,1.7846921654007684,0
76.0216993357437,27.754444314501974,0.5923373296675631,51.61864331814967,4.468339576947612,1
80.12294627051256,26.01637532777577,1.3455794511869916,36.3344155690976,8.176003452876582,1
95.74333004770244,24.614596517186477,0.6458108830556695,36.138052839820524,1.8557701966829612,1
89.96400117733941,25.276483367474164,4.500705216902109,37.242647459777956,1.4066798201266932,0
105.75065039348542,28.748204602665528,1.6526023784925328,40.823132066611024,2.2906260900513544,0
96.80128173741528,28.894318639037095,1.303336989438924,44.65430698724444,2.2054288664722534,1
96.44293068559939,29.339786913534574,4.405535203246761,26.756041931559064,1.4844473946874286,0
71.12131449544198,24.165307327508014,4.903550771749381,44.63250242655751,2.670870192832164,1
92.63860351633423,26.219868659994454,4.079698608300651,37.22732698835185,1.3516812257189823,0
84.4689319830309,29.374186026488204,3.675561701956894,37.93552778419933,11.286368178111648,1
79.4901819646175,21.50513586033443,7.657819264874357,48.575959054606585,0.10047676189710869,0
86.68015340532529,22.726332585126784,4.291672532483941,41.066540799345,1.1711544533813527,0
94.45211534611484,24.064146652053914,5.611382947844499,42.23850673932551,1.0117569087785374,0
90.00831591004211,27.598394951917626,4.285844251379918,39.757199425902186,2.9419967920435184,0
76.2152619865794,27.66068860287449,1.8042474234906316,43.81821291941168,0.42348101866897925,1
92.4245891359262,23.076543555208257,5.099775363804033,48.09005286477439,1.138589196764497,0
78.62412457924036,17.96556218248116,2.6884053770604153,27.624673584634802,2.39428925001854,1
87.16683118964286,24.984735777183868,3.8180277239215274,45.42308995368121,1.8486048111759685,0
81.96649932522865,20.326735450686396,4.610805363786852,47.73516531937676,1.5754513147455345,0
82.81133748264374,18.04025518143911,0.11716386622671404,42.50531623950296,1.1417002786350676,1
92.6624297504051,18.944513757065135,0.7809957522165423,36.61318788647576,2.7887240366028623,1
74.59806280184102,25.30552403138224,5.818918344995127,34.23863776049912,2.079320027676816,1
104.45195074276933,29.444149443731227,2.672507106802112,51.80922843456631,4.154264825079799,1
66.78913930705504,24.155578064944976,2.767356021782278,35.47508156688568,2.641004899981496,1
79.02332316745142,24.84552261858386,4.33287679474164,47.58820785528126,0.30259382843461513,1
88.70211889941741,28.731579755511703,3.2286548057562614,41.95255662237886,1.9327381700699873,0
90.8431416643531,17.822180363665783,4.835176763285579,50.229154030074106,0.09112147853693905,0
83.99524279428294,26.080705686401085,3.8977564225339116,38.408699178450675,0.97999104342686,0
84.42609296998458,23.953640862724715,4.3972059003608965,31.96209538191556,1.0618447914909916,0
89.10550085327617,26.26422983532827,2.596283219515495,40.010854235979714,3.8604285998784555,1
82.6893052254232,22.066064366384737,4.387189646561856,32.56776181049791,0.3978086848870427,0
98.93181257934906,20.72825083829407,6.210178173670888,53.385302656037986,2.063074938505469,1
93.39349114231602,24.56203561714242,2.864503567771603,43.147491120404375,0.4273446471223354,1
93.72824351005634,30.596765293337846,5.830636600544302,43.89065224677229,5.938965696034227,1
75.33843276629582,27.443640418165852,3.8968793633547016,43.89385141513027,1.5079056012660597,0
84.20611575594297,21.969228919279633,5.468963311955876,36.53205159688336,2.4634676322786553,1
81.99534051279296,18.63611185607488,4.257542636706222,39.33984753741473,2.0800004098731653,1
74.94398624310534,17.27173086520886,3.9331781598041475,40.55182315679886,0.7237727827146241,1
88.60164183945767,29.264397807401927,4.699459364152732,49.71944231709728,4.629270013406216,1
79.62354242220184,20.17967084745669,6.4271951246044985,34.214541007088336,1.973687507645956,0
91.55403829850238,22.697946348020253,4.472194588430151,36.357080551226005,1.427998235520481,0
74.29808437105669,29.284844504310307,4.957061661816795,38.18534446886992,1.5030815331379426,1
102.1904061284182,17.544394178084033,3.263030172846597,36.6317667044468,4.427144383389579,1
76.03667341407939,29.969058037900236,7.141772947990051,32.705367727412245,0.12187822229886701,0
87.19302337200436,22.98543818442999,5.280674221859343,26.47647739787537,0.9855198973831634,0
92.91859310388068,19.405666739045046,4.155416920050012,30.865777671643833,3.685611202881338,1
79.29359569799887,23.010596291404347,3.754692655490651,45.49514966290745,0.0764741078148581,0
93.52468643432951,21.109612874394088,5.955816538546221,39.9589054951039,2.038758878543616,1
72.70816402199584,25.763279195622864,2.787591845909481,44.177694581270345,1.0325615627033276,1
99.5211769918256,21.40747026444889,0.43424996745733413,37.08743202045819,0.45777873011832687,1
85.14149264965758,16.35343115632383,4.144799198848911,39.508321698704535,1.8904345344506648,0
79.0358859203112,23.117749862364043,6.380009146228687,48.065787504794415,3.5564351873853104,1
82.00818227572566,18.573819790853843,7.182617622369348,47.76361302828708,1.259742240780433,0
93.08919269392719,24.81727953595328,3.78541211313224,44.70986066296137,0.31737582367796124,0
79.15544708149562,19.251478670866703,4.087175327883567,41.012088936452095,0.7310024764303575,0
77.50642310577223,22.047948787311658,5.03906086503191,42.589847137746204,7.964166826882263,1
82.78463402416261,24.730351216857343,3.47130116227247,41.85319149322696,0.23552281690918553,0
73.23037887230032,23.15016509986292,5.032811896782298,39.16536603172941,0.3504099282805753,1
103.20543907941816,25.001721132004178,3.8291964978634643,37.97815095279801,9.246230053690988,1
79.33605408785277,26.721148662871027,6.022736514380359,45.61183972650563,4.2758610937938855,1
93.31616786180403,19.368265201074777,5.445961026195647,33.52186225551932,2.4560443367176594,1
87.09470083647773,23.742409837501167,5.620455664604865,47.436791386243215,0.3273527356977511,0
75.15465949518031,10.681984809967483,3.589364710395824,38.62278596626093,0.5503193449446535,0
84.94045290787271,24.989333206730095,7.851854641004522,33.42973247651159,0.39734632698714234,0
92.84002779310748,22.79674347850063,4.967823884758944,37.27247571151694,1.993672596560635,0
83.11738664913693,20.066200946088117,4.494588106973663,35.62796056454363,1.0178844228034185,0
96.93112945851028,25.262877689186098,2.4781140388660567,37.12162823948075,0.09791654260698572,0
95.21515392781863,28.69079030874027,3.8058563597028923,37.030232406564174,0.6886242242161608,0
94.1891485465833,22.095929009604227,4.228759521405272,36.83152614312389,3.9415793522539615,1
80.40343227727003,20.22074203903312,2.4246454071513996,38.460214659300824,3.1796856468220946,1
74.20157552218512,24.660101049754847,3.4153657084618243,39.67613333969464,2.060105124177342,1
78.86412394637206,18.657573333414557,3.6683999637939806,43.81929817590484,0.17885078956198366,0
86.9624094066672,21.358474517857843,4.111841321846437,38.7752368400645,4.287590139840928,1
90.45786713532355,28.88960864660201,0.4745860199167917,41.63010403313797,1.5293628804867239,1
63.28428595239552,24.24871691924915,3.729458918591471,40.03765656024269,1.364715235722879,1
84.91886798388249,16.482132144215335,3.2453076338401368,42.7029038524648,5.438128577649685,1
86.58089225323184,16.812033410882396,3.9582317007502006,40.2333766982793,0.01776673491087301,0
82.22455743684448,24.648342770587103,6.070553132360512,36.76589112341515,1.623398454415479,1
97.9127383901588,27.44956230367075,8.104790984242412,35.409001736797066,3.133182094110058,0
89.21780074250871,17.5295141654954,5.356754399289254,41.051147992521074,0.13161833539930437,0
98.10191908080897,25.798850429986032,1.5311556558673276,46.36689244950319,0.8837563830245867,1
82.84039479649768,29.321374029958875,3.3091860963349315,38.85437686495133,7.587163441348877,1
94.37477492506925,31.551435951834556,5.191926617662182,36.49568173085899,0.4759714358519176,0
101.35066394527519,25.324891039439507,4.966580992858046,38.71914662364215,1.515070341921082,0
98.11693449272661,26.027210378209897,5.974651470906149,37.19302744548755,2.741385609875041,1
74.07858406571268,15.467262289487424,3.805298011418808,36.66509740444043,0.9898187653207463,1
82.46323922457618,32.399010191983955,3.2729995112689885,32.782027092498744,1.0480691132820812,0
81.54835294550203,21.698039147615514,7.504848007832077,38.77795856869056,0.13071686550014383,0
89.89254535076327,20.266115366299836,4.117341206739275,41.17888576921694,0.4216725658412595,0
91.86353555014533,22.9791754622415,1.9666512479577705,34.59047921400974,4.250706693266936,1
76.61107325974264,30.046693656741724,6.950267314065842,35.60830124866073,3.410990787381485,1
85.67838513916938,32.83218419017419,1.0078090172111103,35.25969002755893,0.726646913553865,1
64.80072667843864,24.50163471790338,-2.990090444977211,33.06661016476899,0.9615995537084732,1
99.4194500580189,27.99233669041462,5.538773516075147,35.22203948180366,1.1611033265600605,1
79.87625759323306,24.172816194742015,5.821401942049262,39.010717855870205,0.8491234718805152,0
85.55863939844497,19.848818107927265,4.8280258838893815,33.289710969775804,2.122122692499836,1
81.90350286011939,29.906974683153162,1.3950878320159004,39.31228766267582,0.025822851502047033,1
96.46027575013414,21.511490078574443,3.8822602895153584,36.482666037697925,4.243329967563309,1
56.62493558602621,30.14212309348753,3.4436628528922575,35.35508970589852,0.7152053012585734,1
84.83389657674091,29.194165319076333,2.925421978215221,41.88604408186566,4.11729390055753,1
83.94181242502302,26.456145055828834,6.824138861618559,36.79937197343049,1.2116863573970196,0
80.46363612408317,31.315899025017412,1.9066678827366221,37.64993066966175,2.9951759229282438,1
102.26226545635632,32.92938413274295,4.632208906212799,46.490034050001086,3.4948709719314985,1
76.12670541144229,23.299026548142756,6.388093967325149,35.399721831290144,0.7170356352076194,0
92.71796177235662,20.764823526334276,4.7628830506380755,47.82937273796182,2.0451078046984845,1
88.56252788706084,16.54292065097411,6.482236744990748,38.2610443547367,1.869999192578889,0
97.61519252535516,32.97872902172102,5.127429444857858,34.319326835640176,1.2925810141566316,0
78.32810915222494,22.241271964326202,4.8586993409840575,37.23025829468992,1.2681295724613055,0
77.67031100876241,28.540147428406957,4.733669737664294,40.34387453311185,0.728271903005305,0
95.96069907477398,21.034978529962068,5.2268865333003,46.272519299203566,0.7426796465883062,0
89.2532130833011,30.15306256364814,3.228921805175479,43.9941240428164,1.588817143891326,0
69.55062653323242,21.199529632738347,1.3962522962544268,40.31953424917854,0.06560558965890614,1
79.60694985536729,19.23312346553063,5.908086822926618,46.29977990744562,5.426056601853516,1
88.86382653848061,23.165974276184997,6.323484601011533,30.594814760662572,2.099526098028946,1
93.3776422154659,21.872897196153453,4.503957621812087,41.24720765029927,1.171973315163062,0
78.20769346807045,26.38519914184485,2.90324876073126,41.549698633128,0.12759706121519176,0
55.85744010183059,23.794420291229905,0.8845657669407241,41.61071233789492,1.9885721701178174,1
90.23223185737034,26.510809578207684,4.171614199846776,31.949244170056453,0.035803901451745584,0
72.79679310056024,22.835914107658823,1.3020993105640573,34.91543799160763,2.2780387078919295,1
64.82661201877589,21.33957051592478,1.0220249947241489,39.16762788921137,0.1505776867287231,1
56.676740750158594,21.665757808415705,3.958536943968615,45.57395752480739,2.1348214579920777,1
93.1398086019774,32.179755192124105,2.472460997623971,49.57632247858831,1.0413740638589735,0
86.28617450404967,24.900683728907744,4.690619112329541,36.677823742082886,2.1731411332895574,1
82.74343619287748,16.06495116218782,3.6814087948762513,33.45076604014452,0.2981542372702258,0
98.89024362962762,21.919163946183676,2.78673086755478,44.07880718212561,0.24972763638319004,0
91.37324683023073,24.387464129903503,0.5901698385420686,53.07185005650442,0.5685066905477179,1
101.16300042721917,31.381598725001517,2.294223748339285,45.53470316650592,1.0603951695834606,0
71.07264527833004,28.1147948635596,2.367727019897819,36.25683638002987,0.5834630592414278,1
84.65449376046037,20.31312865407234,1.549384652970076,54.30569646608606,0.17114929416403787,1
68.83286625051986,33.6734230142898,3.3419114095152302,43.43399810234457,0.7861684321940376,1
82.70617668144533,23.87535854079409,1.7054960176506966,36.04493393204153,2.4467251545988025,1
82.51384146233323,28.985319244299777,3.6725145054175696,49.67151083168855,1.7497511267150903,0
91.26613637263071,19.379966010400388,4.480822427337312,35.6500409430058,6.611295643907363,1
85.45563881141898,14.40734761899641,2.3476600912216443,36.89455740669028,1.1451242763534333,0
91.23407138279916,18.366274038526555,4.85081725883717,43.63310411170562,0.8093379156537829,0
92.03440133138895,10.998666095217176,1.2772842575045926,39.875473410553724,2.3662468598778146,1
106.54928677383143,32.448357309011634,1.7756452032074188,40.185035660023836,1.0619164951842712,1
81.84703344713876,24.858131675545664,3.7735654047504616,40.19345750821399,1.9262892045911348,0
75.58977299333621,20.301423926207875,5.374082183777277,45.572399629350805,5.848210889105745,1
87.46083615316408,25.810496119920483,5.734799082978533,28.378046801441883,1.383053901839229,1
76.97719972860456,24.757336144720664,7.2247812443151185,41.42256942943235,1.3790076747699107,0
99.81960768436537,26.483733582455965,3.2468222503649793,38.54898311459741,2.9847905098225844,1
82.16781961054767,28.838125604545073,3.744997362643391,36.23751983734692,2.821802527267556,1
79.3442363212601,22.84031538789994,1.934648941964026,36.224317910333326,1.452297363319033,1
80.28684278848883,20.480642775596053,1.492467336017954,26.8144516539039,0.13381940464715641,0
92.18417423471641,27.31110085748767,4.45714417265505,36.00790948199403,7.904335651755835,1
83.42253016768515,27.209331111537864,2.4482570011075144,46.452313624696686,0.947446423942897,0
78.58333179869618,24.40294323248538,6.46475840003458,44.1602743901377,0.7616613352451214,0
101.6535191762353,32.71021675472309,1.0752285362652185,39.04309118802754,7.985038571016158,1
76.4383015933825,22.24871150855339,4.972706411649392,32.94372139079672,4.113563910822797,1
85.35566074032994,20.400568113458927,1.9885215223659416,44.10934886129564,0.8016019298216647,1
91.5230615161023,25.672365710026405,2.359103066455833,46.54924205830209,0.7372320709705037,1
68.68664889582926,21.300248572346007,5.078224130504061,45.17097335398832,2.552758294696675,1
89.80260501405925,25.982066096579583,2.6482391277841835,35.156372225068154,0.8138800980831618,0
74.4489232451955,20.66796697664224,2.9684318649602,35.67560659568657,0.5791863633548862,1
93.22782780834002,22.399030868272458,2.375683272896863,48.27955629422107,7.791398622398856,1
75.37348988081024,31.56336168015666,7.570059583226883,33.9536447925152,1.6680866255765736,0
91.9276903184886,22.377650573009284,2.7650273778399805,42.39106682757785,2.8751552795778847,1
96.05833066294713,20.804593823930816,4.103104434865526,31.111319264634027,2.496929157489463,1
93.61436525632806,28.682715154826,3.5961727994378516,38.498423163130425,2.8172925866133984,1
87.51316648238102,19.795832198853226,4.442834123448522,42.925752003671775,4.674145553862197,1
82.686990570703,21.228227079411727,2.7705261060681297,39.850170214289435,1.389370056458848,0
79.23580423665156,26.30624448203598,3.5983655309166998,42.61956660527554,2.799798411596217,1
99.71034690817103,27.753645695493166,4.78790401798787,33.86897462173127,3.1872652957881895,1
78.00504779832357,28.8819055643243,2.2739857239940164,35.89999017752172,5.851837336440556,1
74.62933926430004,21.01111267111806,6.178642713256308,42.409091892494345,2.497220128870903,1
91.6536893503283,26.38403469194448,6.370961038083265,43.48444071026188,4.462684431190909,1
77.03863196813505,22.13556720182328,5.212985252317479,41.09906426531431,0.19972487167378594,0
75.49936502533873,21.577377465957472,4.139752767192967,44.73528870829156,0.2695708575598846,0
70.56395737830235,28.81285112916914,-1.981202896409072,31.71396030714362,0.34477300144639783,1
80.17090160539482,21.801782416561654,4.848582265308925,37.6690102482657,0.31287040950458866,0
84.17284976103507,25.11281838408392,3.217339189542271,49.11341886613092,0.18317562013649955,0
87.43091727660699,24.622317876922555,3.5074511771649206,46.4173441449686,0.2615248270873799,0
94.51306244299484,19.71698249464599,0.20524533895436692,43.16819082503772,10.998559922132523,1
90.26897923665794,27.864371421425282,4.987176971748385,39.22316513322249,0.6354168491207159,0
83.0912778044682,26.241123574715814,1.1028379063460911,45.174078141749845,1.3003597092568222,1
83.0180432362028,16.054837552518315,4.236849091982789,42.145707598308036,3.4476264293041483,1
90.10157468915183,25.109684444949373,5.809314963819682,32.412798176963854,0.25181743625142955,0
97.7257016292857,20.908106263333515,3.061343637364896,44.97881223528065,0.7635899570545839,0
86.263141994832,28.388301225650512,6.43210345045688,35.669782928388834,0.34700754447665166,0
80.3086914578959,18.218400652876966,2.5060192435856394,43.79844125009089,0.12919676004995828,0
75.07133998914455,22.574092125481823,5.2008661534620035,31.92013605627851,6.475779938353545,1
70.54794735587774,25.44809820395386,1.390428497082945,47.99509666050104,3.9089027476273,1
91.66269672043524,24.2173611765675,6.062260869361047,38.6255181059894,4.228861077016835,1
90.77978523639557,27.051833026855885,5.75198076515858,34.453318338894114,4.060238400300974,1
90.77363525106662,17.926312055962843,4.936715845927459,36.55747383464613,0.3358123215049175,0
83.71340553647944,30.607657347469512,3.2134317267723773,38.31575451343147,3.07420562967647,1
99.0693474589175,26.100578635153084,1.1959987531437761,39.97115141786365,2.6029596036966844,1
80.15881505415183,29.438872852003584,3.218719369561085,46.590728181698324,5.191641393576597,1
94.55269237207206,27.496960676932968,6.220614351496245,40.35071308238704,0.49518570968762776,0
84.61257105010456,23.953559542179825,4.259923743138231,29.145416011387397,1.069022475591112,0
78.91649235320662,18.863207156355358,0.8939261409751005,33.85130743915544,0.6989121618093983,1
90.92530307317762,21.745787275005195,1.7505447211601175,53.787673962080504,0.5965905699248286,1
89.09636118683994,30.35825333145031,6.506302801704559,40.67694397831463,2.113300408726078,1
88.56972759266927,29.541751126625527,4.975825504255772,44.753950570052424,0.35811780958615685,0
85.812784220562,21.52160007958524,1.5319997585201444,38.45826930253081,1.2502561460183568,1
84.62106918283169,12.726782855191285,0.4683370076508129,34.97694342896569,2.0805383558027226,0
108.88371992870438,23.149241062779524,2.749915730799867,37.593588888090984,0.27922096195312907,0
96.84256645196173,22.849188447483535,0.29728258402016117,40.64163042029201,0.5940650031269468,1
92.22826894985512,23.00090955183847,3.688331019985999,37.69881831386466,6.844804727341523,1
86.11799158203388,26.114156807325607,8.903250743672608,49.59233883264882,3.173683593581179,1
95.07157200596669,27.504850317286653,0.8060878486016563,36.918736028866874,2.2599252890237813,1
90.17994776391451,27.961198188398097,3.6279486735875697,34.725821948748695,3.8754563253844934,1
85.26204752774035,25.78283656054147,6.623853150662502,44.04401379851159,0.02813385817803616,0
81.96435674734084,16.796917192309458,5.4981757166001906,44.660012519224736,0.012185917663630608,1
84.19082662337311,22.635201069226817,3.7025185704017236,40.149885607692426,0.3343929655450854,0
53.29574264121945,33.21635913419676,3.7073026596636054,36.989281887296364,1.3674122534564739,1
87.10600839297642,25.496866939209912,1.6881804351508416,30.49670592913492,1.6878178520759084,1
80.1152391988964,25.47127827377546,3.464688459988893,46.10360761222055,0.241373691013223,0
100.92669998282884,25.437943759095432,4.48688142848026,44.34280454960855,0.1500627471628673,0
85.19344070811755,25.66151849002396,6.21022708654818,37.80055840125452,3.5244106283272147,1
73.11036580465039,14.467551275656307,2.759648752970488,40.29786239214863,1.2489910653990604,1
84.50119845871882,23.041902732355727,3.620329743873075,38.86661408739194,9.78421861270707,1
74.53878914937496,23.848428672821242,2.1015730384866353,48.1436512064317,0.5210332584881716,1
89.73407415712467,29.12598159701365,4.450650359081011,34.81040848522887,2.0837142141297322,1
87.90947364339485,24.190691578489183,5.567558900617927,36.8996925299004,3.2632460395829215,1
94.57839631108267,17.413954453592236,5.25929602685979,36.416368804680104,4.121446156895536,1
77.09118208305435,25.72035662468701,1.6596258491152893,41.55080643221137,0.7314862012648554,1
85.34008096228146,20.78470140702902,4.293726418912829,40.28064726848636,0.42955821925936044,0
71.34978204573365,19.132857435674328,2.6453749434996237,41.00034081731408,0.5126112012179638,1
92.01494781924714,20.663363813133678,6.0221000313056665,35.59696437229417,2.197681246688078,1
90.18871180440122,26.170016918658064,3.677374554452924,47.424484152051974,1.4776696453872438,0
89.9580502102757,29.035044959040274,0.9609733235178313,37.72977446389382,1.8275447244088396,1
85.01619031356941,25.931719780710345,3.5603945887845336,45.937949746982625,0.041484517906384404,1
89.14772890788791,26.528092894468084,4.916945138397763,55.695569986406724,0.9917860411312579,0
101.04339108308596,25.892181091352004,4.488012126285599,35.63331973092811,0.7425577455639788,0
82.14905742957986,24.405308707441872,2.9764079726960393,41.711924499356485,3.986987057308711,1
86.38645183710085,26.787722539851032,2.8294532202577076,39.341981808720405,2.9945295144334945,1
74.1387370081859,14.324898131722318,2.0249912035673674,50.15440777461416,1.122736169881851,1
76.31739038401668,24.44435340521933,3.2105007593293875,38.5967303625745,1.99136919772151,0
85.97813293093307,19.820299861510993,2.2886420669483947,41.24345738759043,0.09770705921173091,0
96.03933546701907,28.651610290176556,5.94017197235463,41.134341597556634,2.0280907733028597,1
82.43719175748427,23.41137877913256,2.1977252185367675,39.49800615026079,0.20451953446711083,0
82.64083470687876,24.12379235307132,4.244568924724402,43.77736883933422,2.50365827573497,1
80.93114755495625,17.979712502984786,4.108607806652666,40.46698200227522,1.705873551614806,0
79.65243329155678,28.067323556051406,5.891334895769822,42.40925869022541,0.7147596493095854,0
87.94971455708821,26.509312481095236,6.178736577916742,41.06801352428482,0.9267393535291228,0
70.02742354821356,26.227791529362012,5.391939886562657,36.97731137144681,0.18882264914444968,1
97.80939576666728,20.74790859132471,4.70585668658026,38.65518970137395,0.7795432069820682,0
78.34577701870539,20.90544062024748,1.9027077078118841,42.7771142637148,6.812997435665395,1
92.21903485438142,24.89439781778362,1.862259824523485,42.756801509516734,1.3317834662310835,1
72.30001402606123,21.222006359007796,2.308618360470102,46.22504524405847,1.2858243957704798,1
91.68840130546218,25.739571850709353,5.5038419992558305,49.296220739193345,1.9843401770274671,0
91.71944607814497,15.356349588933112,4.146659856501271,37.39465561379495,1.3250179599684566,0
88.84202072005897,22.04982177437363,5.737314481471125,40.674370791398196,0.8785891516145338,0
75.05571478200207,31.187013861705964,6.005605468640166,39.032970952240966,0.3005334703895651,0
87.49548189598077,25.75794331198306,2.5480961994015043,34.463461813005615,1.9902092630866486,0
73.16943815265611,24.667174658123972,4.064148655114375,42.822775694022106,2.763986630022383,1
82.47236744903815,31.940906142685428,3.9740126426328195,43.889185820029276,5.130567804373707,1
95.29413100955325,14.656185524794257,3.3444246207515698,34.61504386906742,0.006036814767107371,0
92.96701927070742,20.73875554084757,2.930314290950577,38.12750330412341,0.13797233847737128,0
85.15182942540433,22.395307313010445,6.369511006822114,37.63955238785328,4.593318609942633,0
75.25193424077158,27.43340493202156,4.103943453431001,32.45787648387416,1.9947604802356413,0
91.45587712174193,27.502625452912945,4.0262895771195355,39.81811334917439,6.3359033277313905,1
85.19381237698025,20.535973164069496,2.3944446502628085,34.273791617807156,1.1272035221914523,0
61.79684401769577,27.9918172885702,5.350424860827009,40.794968456276635,1.078063300699852,1
92.82629826316519,22.38674093071317,1.98978499832397,41.34560762479895,0.8439957872928688,1
84.75767166130308,28.846558502596668,4.909811057689364,41.96511391652363,0.3082121840052913,0
97.02451247983072,19.869429207511768,4.964458720110325,42.2066108886494,0.9516664855758876,0
74.04729481157196,23.50675360373536,3.1749699013528625,47.65470358298768,0.029513778932304165,1
53.23296186803999,22.03933073849376,4.63530416236636,35.956769295922044,1.4238988191273205,1
87.79083858345186,28.224121486262856,4.371339118088974,36.20759091991382,3.757384409986095,1
87.91563676681973,21.908875133735314,3.9212787503797006,43.27581948588071,0.7748479264190795,0
68.09328372393549,23.830205883952974,4.025887960290465,39.34009237342143,0.19884559441494065,1
75.21500454133394,26.027245590652196,4.123563646387042,45.626633035291384,7.28104149774909,1
112.55217743719902,26.181033932104476,4.259823345344096,42.80844396183022,0.27617519018080533,0
81.94389385846196,27.547810429892685,4.120484062687413,49.5905566414643,1.5045102675126991,0
92.30958976376216,24.844499107378667,1.7922716195757165,39.54335775113655,3.3129090167799666,1
78.49340172631616,22.327004338880677,3.6955780979887907,32.58980214006708,0.5816278294956302,0
64.09697101146844,22.601205018564997,4.5298972023937445,41.70330709989573,3.6838693869860037,1
83.29741753204094,24.10268926083045,4.194577457078583,39.641629210429606,1.6284845231572034,0
82.34395439713894,24.998369904297533,5.907500518790277,42.672437432572856,0.806741644955456,0
81.00121761331629,23.411313408606254,5.2401731789989086,43.31303593337602,4.0151977636167615,1
83.85359164493607,24.076813683862188,2.259180929893728,37.32725742452038,1.9457229779048975,0
87.64268271645636,17.93098455771158,3.6667457838912103,34.95497170737423,1.9110219083114157,0
83.49883048746193,26.669421137818713,3.377326693105624,39.27028324993807,1.4023978869003402,0
72.35993832052637,24.72444915555772,3.9913030267456318,28.09404232112772,0.6424432059058865,1
89.86184791561939,28.00748165416435,3.9940372003226003,40.40333629393109,0.7272853132544467,0
65.50628244677577,24.000642029628338,5.223043338479697,37.96280962431918,0.1844039907268917,1
64.496425427158,17.046409685912856,4.354656726282288,44.308375222463404,0.5586970031150584,1
92.39180494701569,22.5662152427733,6.4610900104171005,30.070757332284423,0.6509758126562121,0
90.07020272135357,23.200280307526334,4.4820062753247205,40.03172654900319,0.12098993228605198,0
84.42604634925964,26.971613221734394,2.3388189593254465,47.8811214235857,0.2337750310365545,0
71.04551495244928,15.71890582194642,3.065438759663561,43.377006639755095,0.6301147290921211,1
77.92089059325924,24.16471806779574,5.207578141463517,44.90335997843931,2.261770133705521,1
82.37253252313496,26.054700863173224,0.7716634709886292,41.69866761314974,0.4072578893938757,0
69.04106031425887,21.354048458873923,1.3082391704799097,31.692329650496703,1.4756599027897115,1
77.60971341976767,24.29851203926739,4.0213944142504605,40.83264586551239,1.418159933939017,0
91.5233033817668,21.491853963400622,5.901844237042331,42.04244680032002,3.5919938245279135,1
99.27305364289217,21.081708267118437,6.614070863909755,34.60887727904613,1.8789334927938508,0
80.8056524734145,22.366320599474733,3.565788505956457,39.36723078320333,4.977807142345877,1
92.56488354316099,21.157232030131958,6.121657373971768,25.49464685478042,1.978267920006084,0
65.85939929412532,26.73447324774533,4.144535819537796,38.32950912029096,0.05169361432193476,1
91.59451241113612,21.060192492658487,0.9371700355135388,37.81812028591849,0.9608905379073323,1
76.9605158527252,20.388359971808292,3.9838469270432606,47.01119677806674,2.4016088316555204,1
88.0734561670797,31.071714667358133,2.762183750756898,36.98388448685653,1.2891784463901645,0
82.52247581760291,27.842960047296142,5.836461760955482,38.66821470702261,1.0873791169447324,0
98.20414009783835,16.553946557363197,3.9486494792910265,39.603856113615954,2.226714715085273,1
76.25564351660081,20.940926840589867,1.4441737868870592,37.0483998803481,0.6729965369445513,1
91.27606297561832,24.969851886890844,1.0005703781828816,43.59895710916079,4.793308783240346,1
82.20492536703466,25.295020268925974,3.9580400851710977,30.0380399307156,1.0659502490010742,0
83.41694521990337,18.038028537052426,-0.8404349429194111,45.68288352072065,1.99509816542168,1
83.1614610684079,28.634261971289288,2.9636694203441984,39.940609408420656,8.07214375011944,1
76.54326895505886,27.300897676726503,4.462060651485683,46.50823567397713,3.078706753629582,1
84.85901034093328,25.927606528161355,1.8859669918892839,26.263839289428645,1.5169641815539623,1
84.37351777878179,29.426913962848484,5.98797431381066,27.818853396944462,3.923496052941432,1
87.41240248406729,25.809159970283673,6.382013099501384,38.5401072020725,1.643951723857851,0
85.84505145692863,25.79432351700739,1.9665980944960966,42.529576940002805,1.1655508489961213,1
92.97994549612237,30.23071708728897,3.403911651607027,37.22533641998413,4.134282127360325,1
94.23508616047368,28.404878322910836,5.989386302642943,42.919229150412576,0.055061754938655595,0
74.49376678172199,20.633970164353876,3.997384931489822,44.90654878721482,1.0466945089275317,1
93.68772500590771,26.53278071468766,1.2110428438019603,43.32999773510684,0.840119588308406,1
73.13663572890145,21.342928540165673,3.7133578628712938,40.516342521900405,2.5041305684019064,1
90.87855888137734,26.016618203801112,2.2941433554083215,40.478014248270284,0.02533218500633537,0
91.1973878470287,25.906454028079256,6.21639579285177,36.92602456805808,2.1626402009806727,1
65.88683108337496,18.466130750176056,5.211864188649177,39.72312837898111,0.8504008572682006,1
85.9297924652941,23.51261755475586,3.3724861094687437,34.87884556382637,0.20604512170593586,0
80.31503886639685,25.06102809432161,4.2842960250600814,36.07635266319471,7.8574007798022665,1
77.41234742064626,22.254839236023372,1.3837568460550274,42.571820997733774,0.4770950154459876,1
98.50852330699006,25.25883976956304,2.492445082884777,37.68559434234325,0.8588904806599006,0
78.46320859362581,27.223591108004275,7.106558375384986,36.312190529153334,0.46398161948148503,0
76.9362307088195,23.877627743076978,4.107029305159335,42.24615506592497,2.169366680647035,1
85.75694940005093,24.898397906833036,5.86017160958273,41.89949828465208,3.051262876952985,1
91.85589746298416,29.5336963142239,4.4640261768160565,38.923502072756946,3.9414015100004414,1
83.58351413989872,25.892786332900904,6.628563686059049,39.25532284639181,0.7450228430674887,0
96.66370545669253,24.803297158697895,0.0023249348015603744,42.07973944939953,1.4870013766612096,1
90.30975661964091,20.167682481434557,3.6235648319619873,44.84478558191945,2.176874212862259,1
63.2178868026857,26.684104045555394,7.289563292432778,41.00542829576881,1.9859168977181487,1
79.70533036492992,25.320599797567755,5.912346871121288,34.03983044811444,2.5177535951475827,1
79.38157900648301,29.13495773480563,6.6507445175803825,38.89286253618275,2.936982072086938,1
89.79360953429422,24.187514173213245,3.9864708126870183,37.96425081103291,0.2051141337044226,0
58.75182943625888,16.73493399946402,2.9257871691732333,34.73506946812777,0.3685934716126941,1
110.49009708717722,17.199516524686953,1.9456710806241433,42.48966382801051,2.6509333044307395,1
90.3102609489421,26.942723055038933,1.8061438166769794,42.87426289697667,1.2951072264565227,1
86.4887680391769,21.71922560920739,5.614121124417038,43.6310421085298,1.1138570724195356,0
96.81567716419147,25.747071004441988,5.026422100841704,35.04543522958955,1.2155547590561493,0
108.43654052812624,24.456930578009423,3.86685310133928,40.787254685395865,0.9305130720665646,0
93.70746644588404,23.332641329224316,5.016381309703362,39.96862383577937,1.7884104079993073,0
94.4881309647162,23.614554857647107,4.284903518104121,41.53701546670943,0.7811299647270261,0
86.30690024464383,20.538441979819094,5.9244354027989665,40.64863245749096,2.0256880713239838,1
83.58474246633051,23.936889244401318,5.90537350981634,39.93727027541847,0.45289078158021656,0
80.242045559951,21.662026268822405,1.8682517990303151,39.33638120262726,2.8350657948440867,1
76.73888008285458,22.510973919497182,4.54729197493958,45.5342030501276,3.0428538373862555,1
78.12985900300502,22.705403821163355,0.6622664996118357,35.69092996240357,1.7279697776412064,0
71.49444035657017,23.093226920405122,4.266041476181193,39.13414564617476,0.9219243342590409,1
84.24128549314976,27.688693826028345,5.208608559403171,45.406853334029805,0.029002418758885866,0
68.15332422773614,23.480836683181227,1.3725613104136785,35.944720379842956,0.2591526711140141,1
86.90916524143711,28.094809346360393,3.1670745290783358,36.199560361280064,0.1660829266091165,0
84.63669391957659,30.151419805305927,4.019052754439604,43.66970472225905,0.020514906821655077,0
86.46935298386688,27.419778604224597,4.467829832746779,32.880430796764784,2.561850048688443,1
79.77868429980008,26.137874140274043,3.44279259355033,43.30315561513247,6.25016813713452,1
115.76860370180503,25.30732883793408,1.655423695190656,37.551827103765184,0.02246219727597588,1
98.60115900180313,27.46143483620028,3.8919855961614833,42.05000307760211,0.2391230865675822,0
72.55457499915278,24.357442954384958,0.6955128661180439,33.89632716472187,3.941904226994527,1
87.32868087426898,27.938279383828792,3.53471712663571,45.925381332791844,2.3327263244265217,1
78.91993857062677,26.456423221158737,3.1172527726061405,33.91380675055228,1.0374145265455945,0
74.85520273292586,22.560638156878447,3.7314686531211585,43.62475176773327,9.866381369605962,1
71.59927928876066,27.583403520411224,2.8813560450486344,34.122688081120074,1.7048549169706804,1
89.32216690759253,24.365920023910274,0.9846383236875993,49.04150435544532,2.2148964985865063,1
78.18619764930426,23.575471969550737,3.2673133588209753,39.643091090724354,2.1178777800357764,1
94.67826024025204,22.095203358404053,5.861640250074638,49.75428547498492,0.5038619997299381,0
94.9378221453044,24.66407539149829,6.52292160797761,35.9055625629467,1.3393473426312472,0
98.7391438521145,27.985850461651935,8.878668557438534,37.78674651975602,0.4877420235769021,1
76.47613233925897,27.555760022372148,7.3833008167953285,46.05359601866085,1.4245153780983313,0
89.7536561069201,25.41357518983583,1.6061241466637917,32.869019891124424,0.06252982438530066,1
91.32454216642302,26.39857456290014,3.183124797454681,36.50366672065029,0.9624015336636429,0
80.25821824896035,29.086787166090232,3.954428730324446,42.47534214844666,0.9310993588882231,0
77.28228042607125,23.400134835316557,3.8288803315326003,34.90609711651834,0.6895792015779897,0
101.09520665775973,19.538319985879177,4.1390666597924515,42.609087110095224,0.16508770722385258,0
87.27495875732053,29.20451940871429,8.815182843095117,40.852021925108595,2.9477788882467286,1
91.35967750711738,21.880886991877126,1.8358969084152053,32.43177188128908,1.0910234637961747,1
76.77923988172073,21.238647506624382,2.5729377275714027,44.83884393991733,3.363728830912837,1
72.80715533477806,16.815208978661794,7.287651860178186,33.687834534027154,3.612454098621371,0
79.30550225507889,26.285132212657185,2.7680373138302956,43.856395484864684,0.48057278221626787,0
83.75978612610002,17.514189501791115,4.787161300671432,40.642376991221404,1.0940462174674377,0
74.3577999318265,20.99896476923305,6.069314739736417,37.72493767647129,2.552900660414333,1
84.90155191349616,26.352947178060234,4.9729980334640596,34.47298737519558,1.3842799905822984,0
68.114948119315,26.887685009633486,4.383531266204985,41.64634662704075,3.862984403620649,1
73.79952577530128,21.393183407127065,5.877221539387968,35.637376032612366,1.6952511975043398,1
91.70911248276875,23.46338669203038,2.213862886990059,46.03976738026288,1.9862407897178007,0
91.03790520277894,20.50962189437539,3.0072737410079973,46.222253046517,3.09314656304545,1
81.08123234613133,21.80641284875527,5.071275176930327,48.210170104929986,0.2607233746269096,0
74.82235690923046,25.06486104061163,-0.13887851842850196,41.40448718537654,1.7553338451942135,0
74.72596448473989,21.99341328481417,6.833167646689385,37.97845097250812,0.1786022520522956,1
81.26731754058686,23.023139839297322,4.606784750395562,38.515487096646716,0.6037002635862185,0
91.44518491645292,18.14117327352973,4.3060635055623,38.14956208598873,0.47796593641084156,0
94.28245691344324,28.53182465922455,0.7389742447178853,41.24002769164554,1.674386590865956,1
80.03468264518031,26.040266372684265,1.426781749200524,42.18303627794301,3.7145473758051906,1
73.46507574015216,27.17162148734881,3.2028326713982764,46.15782183008449,0.28499345896380257,1
87.67843637866333,29.16170129846745,5.6148597005911975,40.10061707798016,2.925457081014909,1
76.76465029374151,20.699148497817134,-0.15323202439717054,32.9838633473322,0.30878904509537036,1
79.81747361138798,22.566422067887906,5.576729601554712,37.96289536769049,0.4206316412897333,0
98.25276090437038,16.420662529671155,3.279937351783267,47.77925890028261,4.976388831265297,1
93.27115428565767,36.56169164040895,3.553153054516696,32.21710714763993,0.019553585946916387,0
86.57974312251451,23.401658738730497,4.507185883381613,43.69574980200691,0.4391599199936916,0
72.28080998887278,28.15491159965965,4.538634475692823,38.0471344320828,0.48556041752825957,1
87.11396567470659,19.047355422658164,2.5751428201268056,35.5826784480024,0.662238755003739,0
95.62657290787527,27.985553702572037,5.2498201769376855,41.978055245560626,0.9032643086706907,0
81.24366334234465,31.430363506598663,-0.638796279792877,47.80476512811383,0.2177957781153805,1
98.51114089986714,23.758877003888074,3.099162226864691,41.70222088391586,1.2639321279670208,0
97.92745289518207,19.956474013641596,4.307363526353808,38.68727894979381,1.0194869768510206,0
101.63732832143474,23.444814396217858,3.3101013695710506,33.51975380196816,1.9613055287215266,0
88.05243126531353,15.092953900171095,0.3461793920680365,39.505754194486315,4.042611459447431,1
90.87391699806012,23.848453195912633,5.5160547575209415,33.33925089855279,0.7068469289948004,0
99.1418728833109,27.283868557251985,1.5032243757458956,38.45037889289885,1.5814661023131469,1
89.47393937068975,23.856969422505944,3.8649719849434208,39.68471175804198,0.9284483097066911,0
79.98765892209788,22.86344178124413,4.306069194135246,28.197292546447628,0.08216547595577255,0
80.51457163472139,26.110272464448133,4.039654307530734,46.94161102293943,3.4415811808836083,1
87.38554953773739,26.416099387798212,6.33802185172763,33.80739263439781,2.0114269732097223,1
72.0943857805378,17.36037774997927,3.8934748800126266,39.070203994146524,0.004349266353915048,1
83.56741084635807,24.355291849115154,4.85491080939388,42.66916622906258,0.574222977738094,0
95.96547118230254,33.74394049691698,3.888191933697518,46.5427485908959,0.7392002449302422,1
63.08746148834719,18.659935017407904,5.225912168332549,36.03923496813584,3.337649219733782,1
100.34482101794515,23.658324668667735,6.786990594095046,27.454073695135524,2.8601849799312506,1
96.22374218703159,31.76698448820681,4.2750836589443875,45.39331858005643,1.0088385504011625,0
80.40235384169523,28.416700626174702,5.563700715165999,33.75252556786895,0.3423887078179432,0
90.43390827871809,21.946413276895754,6.910657869764394,41.79721621791864,0.9756254359476799,0
85.03147726906326,24.824541518490417,6.714368493948543,42.10794850067823,3.32300324280796,1
97.29990368438683,23.991553280060707,3.2294211927775787,23.739852836642065,1.2043888166609167,0
94.82683142769942,21.00771278271333,6.072864711490334,31.925816142277803,0.24630276258961295,0
70.99929276816991,23.70299157002767,4.497542320094386,37.695943966414326,0.07862017688846638,1
90.87262413464177,22.880135468773883,6.2344599954678275,27.079360405303827,0.810936033095078,0
82.94372146356753,24.450995752306998,5.1372691671259,33.309743618712936,0.3211893547552056,0
85.828325705181,21.006467277235867,4.551336152072376,40.61439280063334,2.733306462054049,1
77.71828099030185,18.893527199021356,4.8679441606927085,39.55758173954366,0.6535578174386386,0
102.48137069120835,23.834876906430516,4.510475912077863,41.51327215322136,4.198521803489901,0
95.40061819902576,30.86047287271512,4.58866609027302,42.24610489364426,1.9212653772318538,0
77.60228836027032,24.328811705051187,3.6823352788361823,31.590852165101932,1.0006411899893068,0
71.65389393089768,22.673624884273817,3.4965513187849657,33.5757586829368,1.8835122518801561,1
81.14327369022152,27.016343220153992,7.526349858745339,43.80683094756025,0.6996085537628575,0
89.34502646091306,23.366721549618486,4.955055822222368,47.6216512050134,0.30472694009849444,0
87.40205843946222,31.47213169983644,2.8533901555372005,35.16295975568894,6.658363482406479,1
97.53132824768244,23.984349962819685,3.445165137140713,41.294527970484786,1.656383185527341,0
92.89919722180852,26.801988252632654,6.112516906895902,44.03541446656948,0.014710207674548269,0
94.69569025752907,20.981582470426908,2.527626579822761,41.18777808594643,0.743038313093515,0
88.26855400610437,26.01235701334665,1.0359446363779785,38.7561684728951,0.34759873396473284,1
71.1070126978901,25.100373907775015,1.183101718795911,36.79675002775504,0.5973062383068414,1
83.04301468853099,23.773975501363168,0.5420487995904244,49.926346023827705,0.11465560404164801,1
95.60089739908665,21.992968955321118,1.4023702834710838,40.48104520763487,0.5623019014017059,1
84.48477071475354,21.447879337390503,1.6382681203983793,41.94471015608637,2.297808593437932,1
90.03090368623747,25.129410655918612,6.7704747592162775,41.62160040373456,3.436381098467519,1
81.81251684753867,26.515756438785893,3.9076415746814632,35.93790796499594,0.853557326517793,0
74.70188151458154,23.491348814823475,3.2734729217265652,40.25410511657152,1.4782387816905052,1
83.76655935953889,25.14907171648317,1.1131738739628525,38.38878656060949,0.08537788259225444,1
88.09047443032654,23.848341287468923,3.71374720505732,38.299262044155576,0.19038213473089202,0
78.44312280538557,24.39410409962155,0.525343874871615,41.58479570509382,1.6055854695407688,1
82.64288755143332,23.1982200692911,3.2611656574272705,35.4217851338233,3.6723873452874924,1
75.60536758014017,24.071890317473233,8.12898877968735,33.97605789598126,0.18420418556424398,1
96.19244917564096,34.79216182726971,5.32760715741273,42.5136253020271,1.08444913153203,0
82.05544242411966,25.2465371952297,3.5804036792909386,37.34194703685665,7.041629276832991,1
99.52755545126183,26.581187833724172,5.396247210812713,38.274921398616314,2.6848806841513206,1
100.28747850540908,25.75209442131239,2.9569136437448638,30.356017236616694,0.44030411130558544,0
84.18954035278256,22.94873270681176,2.3986445142416244,44.815413910883166,0.671432992594109,0
74.9155126745265,29.17595685316667,7.408259259065685,42.62008105957847,5.909803885039663,1
64.14102122266662,22.835344918294634,1.715450692159453,43.540343926559146,0.4994568697454164,1
70.27962926973208,28.220218195770205,3.2917575286452987,41.936628101988724,1.1628802687653612,1
71.2616517510134,22.663172007734204,4.61206656472702,32.42021523154868,0.8789024585413697,1
98.78469627461504,20.160109923423835,2.1275315884851036,41.14499482339576,1.3468413945564028,0
86.15824587226946,25.461584832944773,5.30120990726282,36.954332488275256,0.5398943706700796,0
88.89604524091988,19.581326575591575,3.3868109507154953,35.185714473832306,2.2073527589029998,1
62.795789910648736,26.142560900066435,5.3278206551337135,42.500241207228605,0.5346898588642215,1
73.02033570782739,19.223365375634735,5.171968359501037,48.292544583763394,1.8431159305986051,1
93.87079776446286,22.72396787810859,3.51397573874834,47.46669709478171,0.8856154238957097,0
87.86774112382587,18.273081213901033,7.42131734518197,43.11072509255308,0.5793043755142678,1
83.52794721314403,35.296668037610914,2.6693283931331173,39.84885920270402,2.3749042548339077,1
90.64842358600123,17.38416176153474,6.697740941097474,38.92228839540544,6.718563210386131,1
101.35797806135815,24.039254961585616,6.349866485256081,35.47748206778387,4.070856073435121,1
82.7895753646295,28.573217097320054,7.5417644153208805,38.651334081466615,0.18167824333890217,0
85.69369802658069,28.1455436343481,4.348112078686041,44.54261979794072,1.2117888887544854,1
86.92596918731306,27.40536848869255,2.4228285761440205,49.115695660124686,2.3734445490011473,1
108.92109635273992,22.731086447114098,8.153593170659093,35.917593465179806,1.6538867771276735,0
64.00643735580974,29.40435578534801,3.3305970640472715,30.024932576641504,2.5918606641096704,1
91.83223014788808,27.65356436320873,2.372914854588929,37.345630019438474,7.387393421069703,1
83.85197751240936,24.849198470641905,3.6204265081903744,44.519770564355674,0.8379270356192265,0
90.6677172618418,24.96232303090637,2.036618567685845,50.361386453295346,2.9469590765320524,1
78.42627446005275,22.78430940953851,5.052297650246691,46.55020603328402,0.19758938571045834,0
84.5103496914155,20.361391896667847,2.788663236482975,46.42642606189189,4.076572067808744,1
92.11410579465495,28.948603901914865,3.425031660190256,35.752198231626295,3.014053665429264,1
116.1291020104384,29.248831974406126,5.935557723329925,35.893053132254956,1.4719734972055234,0
93.08036189402071,20.463563435880314,5.247386420352383,33.38095181366896,3.4411129478438567,1
76.51934401969491,23.384859339415232,4.031169145139318,36.672601319372845,2.196965265676959,1
80.76240317977297,23.426307134164283,4.341747057493964,44.570488917055826,1.6069343158152252,0
80.46585891616147,23.86937638503876,4.024510861263083,48.12243593467463,5.837561425063796,1
67.04356827369985,24.257179514350327,3.137689867165271,41.727586356414314,0.2791339218948753,1
81.69909808298563,27.78744584658472,3.9949466783044256,38.72439519995041,9.91447491788855,1
92.32829081821745,21.011130766053025,4.9816832509858875,34.66637591163289,0.33549545068257697,0
72.25767880923205,20.61461203394936,3.747675742042321,39.43742421993354,1.3085298262146963,1
95.48482651050593,28.946478968571903,4.839535260460548,41.01563163825277,0.5263978171990762,0
89.87774821084338,22.149421032474805,2.3266624431539054,32.68463963613402,0.6346712488329473,0
77.65766678028962,18.947858585691733,2.7922126977085906,44.607364642533945,1.9984316892175404,0
83.58470362662153,22.05948023160052,2.5313589934520495,37.8804300184567,0.07065370515205588,0
100.98321807641034,22.679789059023996,2.8697372564151875,44.307079205506,5.6518702645467656,1
92.33547813505866,30.21985091090306,6.574362093412182,39.94540018974508,0.6559587534555327,0
85.08783654898147,27.699304849506948,5.452077586220721,41.48608346443653,0.6363720885166764,0
82.62316683039016,28.59008246652897,1.846153762631309,36.490253949593466,3.983795318504012,1
85.7660907045166,27.279894569387146,4.87499659281691,38.276923570922754,2.894945859005143,1
79.88236442057696,27.784974686461258,3.21883537470286,43.21021061680978,2.2277885167475446,1
63.95250494280985,21.247671493678727,2.635230829056869,39.34250882630813,0.3164878093806639,1
105.42177910534731,23.205591378586064,1.0285210685549862,34.47512992151415,2.936021836715304,1
86.55324999199401,20.040338747905803,5.943837387640489,40.5578702752614,0.8949703004070902,0
88.98147265122537,23.158047877851867,1.272273700665723,41.928375084192005,10.195214288032792,1
84.42092250123092,26.736419963738964,3.8960736439802512,46.86444262836015,2.224912623076148,1
77.64883199275413,24.538333139248987,2.1073775085502624,45.76276634329736,3.6144741573171024,1
83.1407551905123,29.24592327584118,5.5516878941398495,39.67682226823066,2.6469042431945895,1
69.00605237805689,19.434336831091123,3.331296347372099,37.26332417667877,1.8039786857159652,1
107.77086498053305,26.00095340279296,3.7310746889593105,38.85849300319155,2.519810204650002,1
72.65488001577604,19.006788792522727,3.7985314741399345,37.38133246311038,1.8200400132517156,1
74.6803371615282,24.37670587669457,4.605140669871567,42.530806128519735,0.10511153067003223,1
80.597407956136,26.961333690225914,4.026009527966619,45.20832561307825,0.847838100990522,0
97.88075724852378,23.141989732703124,3.913453622077767,46.199171796470445,0.7608159106099264,0
85.14508999262654,26.204506416347822,2.963196049490444,37.938967737511675,2.503339588962406,1
72.63864203969538,20.161070660668265,0.8505412533158139,37.43986800292941,1.7168607994569576,1
97.54338360757339,17.345240087214467,1.762898080916289,37.89802787720684,1.885725332405326,1
92.31000626785482,26.228118489951214,5.436959477361291,30.339815249569206,3.75439396126674,1
90.38434957216452,30.97604093630293,3.3883610733474048,33.985938207265406,1.4901745846325738,1
92.1573424117084,20.015820239320433,2.6719804445550404,39.827234970306584,0.49251015346695737,0
108.9436190058245,28.88877672042718,1.18854371116391,41.89635870221985,0.025035394666156965,1
106.85094895036113,24.173693635265643,0.5607057198192957,42.45586528941273,0.3475107831289482,1
78.13284656996704,18.657233913227696,2.593586239743603,36.09752789064733,0.06211277426892076,0
101.23884992811152,19.47397879459135,5.7761057080905145,37.54444926090323,0.5411646691968608,0
88.83168189758901,24.0631390934426,2.885859612755363,38.6524809668027,2.015700459985436,1
89.99095816137749,22.382150848303585,4.800971050482895,38.094370505822205,0.3283793691861641,0
68.07729168356671,18.748348092967042,2.7938803412040842,43.44008860332332,0.17094852830777235,1
83.29614234611805,17.22384287509838,5.277733392057698,33.45912945019036,7.070915451870934,1
76.87176409663435,20.613122688293977,3.296498396382662,34.253521974785286,11.5559502077943,1
93.28058814893309,24.77523603332447,1.5362315088990073,38.50782352176277,2.0268344378849545,1
95.71080500402805,23.974396989587447,3.4620938642011128,33.171981483311626,0.22984863709187353,0
64.25513648983689,21.995048169999688,7.6680008365608145,30.497648605216696,3.4465645408401264,1
84.7796513599573,24.80754877716593,7.579768631101709,32.532614201901225,1.549641771157288,0
96.21861504794252,28.16010687945075,4.97306660555873,38.786427057756164,0.4019658525105113,1
83.13321037686555,25.576506041736593,3.725882369172595,43.152654081627375,1.7145922672542422,0
92.29063645002364,23.51476531444168,4.607803604190167,43.25683267196413,0.08035715993080342,0
88.51165467627084,27.712288026642756,4.6337046774665795,47.93957716269546,7.185038570713043,1
88.41660231952626,20.16059879113482,3.920226495265797,40.5083255878543,3.497003437275413,1
82.28685021931703,23.100321841778594,4.881888039845234,41.18100256164414,0.6043110655090869,0
72.8341919586429,23.195648257598528,4.416453724307127,38.74796481485828,1.0857057698312949,1
73.78469852574972,19.052186966228618,3.368055229271373,38.990867671319954,1.0059913178773476,0
92.09352514455317,22.32050335086257,1.6094864012327141,50.40272665797606,3.953685750263856,1
85.19458255518883,15.700161276418788,3.0798815155596686,41.306757186275156,0.8758764920916604,0
83.61487755392776,31.648712190651814,5.599037698147193,41.74137134547061,0.09833882204705321,0
80.76109957677647,20.250344846254748,3.9370755510092708,34.27442848541517,0.483350540113254,0
81.94811154519249,30.344456525685246,4.60057378317501,42.05211137452534,0.4855950058624795,0
95.46911794488139,24.15233802287797,3.433968944591175,43.291659896617325,5.961334564911966,1
81.64755918131974,26.259456528623836,1.8808049899787505,45.551550639689324,5.155485660359747,1
71.58935286698431,22.044800806596275,3.5227405702563543,43.150422624507506,0.7150457123213093,0
92.43651775540174,24.8317187678467,1.9550881985012971,39.36630885958008,0.005541871216405523,0
82.95123336135283,26.601958559953744,1.8274216527928973,39.152883435683954,1.4554674407974613,1
85.31395865532777,26.65820965757673,6.4112732177388185,39.639596606155486,3.19146376011892,1
101.0757830639951,27.09909356029743,3.159827990131567,40.535935217804514,0.6256031696229869,0
84.79439442649493,22.526669159843294,2.5170305490799327,46.338252204030894,1.1562257086911019,0
87.89183673118725,22.07856131003458,7.235919368761811,45.36319774600604,0.37939144948198705,0
73.21076508701674,17.623294698929584,5.629970070808483,43.7645547686289,0.793194893139894,1
82.8033054764904,26.092876044707747,3.2569815489963236,50.14604990235149,2.8446971696457934,1
91.09526045208601,28.329514845293772,4.855272651104737,26.718808123615872,1.1182162948550494,0
69.44626266158758,30.46392671967172,3.5284233634785944,37.699707128369845,1.185774338321191,1
87.0084509311571,25.22069053832203,2.6146406414408006,39.94363690442808,3.1170300158839037,1
86.00791072644806,20.934080908365722,4.949382448970009,36.63885263019514,2.879160266240894,1
85.4128745558744,17.21161542684218,3.3513962293595942,35.35124637673805,0.4144242529455218,0
95.37158898658242,28.166666932333403,4.150996017998806,31.414201798183967,1.0732176079552396,0
88.34438514848522,16.814893732889857,6.042726469799343,38.443356939578685,3.779068806095965,1
99.78071898356444,22.637583689024932,5.822426207590754,44.47013526920916,1.2203259725550464,0
75.06410484405964,23.102772688225418,2.899813416287847,43.869681711521366,2.1680197471190965,1
86.35924567218348,23.722179448595924,4.972063204574172,36.23935056879649,0.7304575601278349,0
85.84466786389947,24.14321040014336,1.744287507708488,41.101225392658435,0.12281179718647293,1
74.3074550624492,24.5525902254703,4.90082832263141,46.78799907608046,0.36040528227502905,1
94.56295002091346,14.338546951685881,4.296990611602212,32.399664773273834,1.0273957967540064,0
108.24673305852818,24.05862363948051,4.757958724726861,39.20582009813735,0.8722621637977341,0
84.82993925516169,15.081697703552491,3.4051104907115346,41.4324814540447,4.519832217609261,1
90.05021088273767,26.92887229236398,8.16814254730498,40.05007670018395,1.5776546076793065,1
85.84518475815327,21.77949937678555,2.1974005847593716,44.25316697008697,1.9731871206788814,0
77.86415330092824,15.371853099106598,5.943103421936923,32.51086985169067,2.333885353766582,1
66.79239722197984,20.743181290458498,1.9366033604633368,34.97090669601293,1.5169760165984114,1
77.94226516904635,21.719698643261385,5.008688349258643,43.41020671347998,2.9362731751339415,1
71.08041619048268,28.76279847022002,5.151579954503566,31.488879694524925,3.0566421882561716,1
102.04102078059118,24.78655096700098,4.1099517431245705,44.058839205166386,0.8658349137713072,0
83.84890306076761,25.37777977740232,3.0093511789125915,42.249090781159566,0.1771928726849177,0
81.5408067095283,28.724886536882405,4.282269781490598,43.709598698526804,8.588651148168431,1
93.89153824787806,23.615422848302043,4.534020666860349,37.65355173620148,2.0579151953893757,1
73.78248897144113,27.01675184412961,7.579872972612565,42.54919218356726,2.468287290037275,1
77.33135961995447,26.73544445572797,2.2553194293994077,34.13856214924606,2.8268872310364372,1
85.68072269248621,18.85412202572235,2.8881730073719964,37.9274752876684,1.8984721457307323,0
95.2876899142348,29.891934310519318,4.569471114138673,40.18169470138766,1.273161212851301,1
90.01685045168789,18.318792879717222,3.4878924192094964,35.50625287721545,8.355847284712146,0
87.48325142515883,27.66946659791139,3.7999179245387995,41.09053434017131,2.601388966826652,1
85.78117735236016,17.93170785237747,6.140703670727522,34.27896385603367,3.7396421813331675,1
89.00235855526775,26.40494715260669,-1.6405330068584698,41.34325404917505,1.158477938999138,1
87.01652905129255,31.44765951260069,2.8041013099643775,48.709251521936395,4.703078022046496,1
74.70027725223065,23.148085373799155,0.5152615474975013,33.71667180691321,2.634664170570928,1
85.46079221633151,22.974577428587416,1.608367126191859,39.88719941862037,2.7418500767112746,1
74.26311341082247,26.441759997267397,8.80924898414494,31.91019470977426,0.18188818630616024,1
85.81082542900823,22.682414176149827,5.1963362679055125,35.83522990954791,1.9218268875261706,0
80.19352058511758,31.273114814971287,5.903129850116208,43.50974585869723,0.8165884171011987,0
110.39381622782861,24.768768997834783,3.838940700427137,37.84685699104933,2.211283872771659,1
84.60105616248288,22.719321967117097,5.517427649663819,43.712050693842315,1.6796508739966531,0
70.95760433738411,21.838857888417266,0.46687098495950163,41.77941679338379,0.23574246919292605,1
83.65819789323075,20.26820611930792,6.076596823539202,39.67740864330004,1.5099930107942212,0
90.19358745637888,21.488980052970042,2.3603117628802,34.85293702638267,1.2002553898964998,0
101.73363946152523,22.597306425365613,2.937368361348174,43.42744109248769,2.9961821291941533,1
79.10547600061281,22.04944370600568,5.010302140909305,41.520668642257476,1.3968753853056752,0
69.17572025976361,21.367298903451584,4.6328935171644305,32.35979795995323,1.3123278125970141,1
93.16837011430981,32.39536492140976,4.169240096787098,35.1773720335834,2.542298783172632,0
71.19401294100349,19.87961969404204,1.2738076928393625,26.154855592243173,2.208785266350669,1
80.63844558492515,24.5865303505847,4.1996273376432836,33.1718659685812,9.620549503483662,1
82.42379514489006,26.370084039043487,5.9211227069664565,38.433118694898134,0.8675831852326671,0
84.30366546699892,26.52043198233493,2.935025807800412,34.720721798261536,2.3317911866563614,1
91.89164457074335,23.76557169687011,6.629874090680591,35.84166701973157,0.36606415234542133,0
78.16365717713612,23.03718971261076,2.254616128171981,46.95285078787889,3.26501145310864,1
82.26270747833239,25.806189964958026,4.013095783436747,45.14406662019033,3.0850134355794836,1
84.85729647050611,25.066086599912804,7.070655466753226,36.52665906119699,2.587945905347298,1
86.49597957518787,22.964164660929946,2.637200174600781,43.96768817201258,0.25351055331226063,0
85.97827174707923,17.752485713102278,6.107970966754148,46.074364264520874,8.77120002191219,1
89.3600577522258,22.12830511066701,7.949304724443619,43.09274245792878,5.715791443283115,1
93.43839509641737,19.41379934517017,4.3420881378483,41.494637415209475,0.9243613597585413,0
88.92634115650968,21.331361799734694,2.9459660252333864,45.491615388592024,1.7222603012574393,0
89.53585523509219,24.132892954067838,2.4545223940999525,43.84758989978706,4.394414617525439,1
69.17776833253522,25.434944575986464,6.609205406694651,33.93452868221294,1.364984257649648,1
85.5022769916568,31.121811005169626,6.553388398679298,39.05533873030517,1.8284025323796262,0
89.79507548001608,21.850374484384744,6.898618245737351,37.239654594702266,1.848861842924361,0
92.2894119457045,27.0985025411006,3.934323298688106,45.762367419635396,2.0953914466405617,1
78.07649225766205,25.223840097751346,6.07561388305421,37.09788974607287,1.7136882384248133,0
78.40960725111356,29.18399068255916,3.9023212177478594,36.23907514345078,1.041564126485328,0
79.25899324716401,26.304914878382505,2.233889756783282,45.1334103723582,1.5507952278653818,0
90.36413899891343,19.966074290854735,6.248353570224706,41.29835507965885,4.102760836086503,1
95.33881054924208,17.107815882835077,7.26774055655641,50.558911753158206,3.9917211535416692,1
80.92539892708399,25.245046798670018,1.9587960544373604,35.68879238596772,2.9616122918280867,1
94.07962313627048,21.886196008398436,1.9211380741986601,37.405820352670005,1.0692382716559405,1
86.23479809164594,20.07874501619761,4.079963868460249,45.609838687139124,3.083302019823933,1
83.75714222837564,18.92968918186769,5.912257211482,33.60449814369489,0.9815765943989552,0
82.88615770182031,24.64390199034862,1.732361612492093,46.59846178962944,2.181697193242522,1
92.46611364602157,30.030830797253458,4.454031473911812,33.962723089077144,1.6760136294978163,0
88.2557781678707,22.365310617175833,2.8191460918804965,43.05111781605517,0.7134203661378191,0
107.75825427647638,26.36108124430129,5.401658199650004,30.78474486767361,1.2061679512823564,0
76.47775357002676,23.59093459912963,2.404226357008219,40.225649199941564,3.5481742101705276,1
90.18101702029976,18.84247164358643,5.543606000548358,33.152347553075856,4.878019807286338,1
79.70798990188487,26.93924537404167,3.6835703783645837,49.631376185057434,0.4595696845180436,0
76.30713013011356,19.621231823890515,2.1257189526379143,34.641847436022424,1.2184019622239157,0
84.89132862965027,24.086506522374258,4.127379910853777,35.85571495509579,1.1365760199086272,0
86.37352479407036,22.63391833997878,0.12405337102329472,42.67712978151437,1.342831250109689,1
114.18173555060093,27.572309738262767,2.8818108557901203,36.99521185551631,7.512233523943059,1
83.15854184316798,19.767396030117254,4.674802140649323,43.49976678509601,1.4627056727798862,0
73.69821270515317,25.56347963120784,0.45649044193620947,36.44554910667106,3.544816101530565,1
87.73010717494385,20.640810370605195,-1.1422737062108226,36.06024521698723,2.1809137134696224,1
64.25359962453632,21.95557915068486,-0.6787346396263345,39.86220646959726,0.22676499335458403,1
84.08043217395735,9.459199089839592,6.6542571110007405,33.91534746519929,2.3791985411665153,1
85.1602528229516,32.368394286471634,3.8464819744745413,41.981831823337416,2.082909682948252,1
92.94600382945211,26.202227731304927,2.935069211985626,44.38649259934878,2.841514027529564,1
94.73622249427846,20.930610056247342,5.8903094713336595,42.76498319996219,0.15473105254711986,0
79.96430381092283,19.501377246668024,3.191100635061778,43.216404356891275,0.5523176021035276,0
83.49385985370067,22.01740498848264,4.536923799733464,30.375723900173334,2.93317617845528,1
77.33879169389328,26.867518139277806,4.051510701846525,37.69176127070471,0.9260273453387734,0
73.71937445192306,16.431660297660297,3.058001158494044,38.86467417178144,4.834173564817377,1
88.09894779380635,23.43366232282265,4.588291767778212,47.272263358977995,1.4582551995866164,0
72.264144514034,31.082567489850693,5.546522442840289,37.0934630583002,0.0020553228655460077,1
80.85373099428136,19.46421465612878,3.6301867659660245,28.491327536049187,2.4002003780099326,1
75.04826040100762,24.32154015505462,3.07888885369077,34.98015246501587,1.440888646169695,0
90.4968318629026,32.81323926103103,3.3149751840010935,36.69403391306105,0.7627971561489661,0
103.01430099266489,26.52860651876309,-0.5958250655714634,29.217589330361733,0.041305001415149915,1
71.98412017196668,24.50369528194182,4.566119093017824,44.843512603529376,0.4431551372739993,0
66.46981517102431,26.026545819636013,1.5817774220228973,32.15209983907471,0.35250542307656774,1
83.75113114649933,22.39653865996119,5.259437448237848,42.23010774116044,1.7486386895342014,0
85.15697795957759,29.19852514121376,3.819151798649412,34.53801637151733,2.935477612604218,0
87.18659306757297,22.40267990839915,4.210242193060881,47.534921836525385,0.5347301792678593,0
80.53679484765655,16.16327356505609,5.400658341212405,38.61923151110922,2.3928238150139878,1
82.99360701174568,22.434787584238162,2.1469524673181306,37.60444172707286,4.601658441980005,1
88.67510410540602,20.133061880493187,4.738496886701914,42.64127223328329,1.943533002016533,1
95.4043089264484,22.875223951210284,4.535242105125329,34.96349757739629,2.989074729631424,1
65.44951229681718,22.963663763677477,3.6304383347144134,42.877732369471005,0.4568939430389196,1
81.31060560968538,28.78969279921963,2.143627598472924,37.591656875817534,0.15579016184433211,0
87.13808793941064,26.781170906657543,5.190476728110328,37.026990766949694,0.9094823545358383,0
75.82023895389264,25.053061950301586,5.406909088838632,39.56215644858027,2.4689116178120822,1
102.311696317673,23.98821835466962,4.227204051955768,34.55164782006664,2.3173526421719775,1
78.64590119771263,19.764567964568023,1.8593951685707104,39.04554157706666,6.205710511554935,1
84.58707312992718,15.27529904933729,2.9451019341490916,41.69742523561303,1.9883879001792226,0
90.56022096842291,24.452640045571133,3.879334555159867,28.456293006411187,1.059624335673745,0
79.08715211198106,27.178564814294635,5.376989099964187,45.456537647688,3.1903938630880666,1
66.53426952195582,23.566664467021642,0.8330211977737667,44.0798906506395,0.33226953315470104,1
80.71345473083467,21.860582708853197,2.8723930713912464,30.727114127168143,3.3535322513429398,1
95.2944055592704,25.85800866085685,3.1946548801155954,29.94783852155676,0.9111933102187075,0
81.63104873214861,23.666671197502613,3.8335568411939414,44.20953312800597,0.33449550088291835,0
76.53565698541021,30.742976767895847,1.3973494319503064,43.822594542580276,0.3538100033933514,1
94.25672209502721,28.93091336827314,3.5649344432533336,43.11517376995697,8.22064245992946,1
81.69225103976947,27.83803222809332,3.379032871374821,32.86538098248841,1.9522022964886379,1
79.89839186349782,27.030936456839616,1.9248162570206868,49.14321111871742,0.382961777775011,1
86.49456089663309,18.839330342194174,3.7640648316626315,36.224995665922364,0.6254871100274242,0
92.70750209618788,26.651974808210397,2.9176618064289963,41.19738270509125,0.930684282856568,1
108.81713531732547,25.5053038305863,4.991172285019415,41.258895109194185,0.1150452502609257,0
93.27236107657423,26.425698913564652,2.2293448779913225,47.964655763986784,0.22951060965571554,0
96.59839966388344,25.97043794725221,4.17966824425691,40.625836499718716,2.868905522737771,1
79.94033801012145,25.81105035139226,2.383222325541464,42.07920677837265,3.0917431926645054,1
74.74131894030523,34.80346587819838,2.800491523682375,39.61437061272959,8.88518644832607,1
85.62331349619123,23.695257320192322,4.594583255410812,34.01700305644151,0.13997899021798949,0
86.07169915259597,27.745349523317323,4.469435465684311,28.406697017815098,4.399775650449372,1
74.21487258635403,22.11604075894399,3.165955634843279,40.16289937396992,0.763153576219258,1
83.24705470095986,27.162566335550686,3.4611787633346642,32.938184547426104,0.7945492410677326,0
88.9931760171913,27.75727956092982,1.0927871097809518,41.75088607656936,0.2722861759943165,1
88.6039339501808,25.45770430854139,6.8055286211614,40.74375043592078,8.580744723811712,1
90.04287853384272,30.676987769506,5.374912795756057,40.6221684802368,7.925499963426384,0
87.90964730137443,20.46289585455833,5.302896101742213,34.735376902687676,4.002438277796359,1
79.92991340729944,22.05111623332711,0.8099355660875696,45.18272038180683,0.19033657036320634,1
79.86099373351156,24.849520344093957,2.8090200150214266,42.373855486148074,3.685890284614844,1
73.01048602006124,27.523227413936887,3.3309079421527548,34.091501084677084,2.013601862308262,1
102.84775039185095,24.717718085179733,0.13787701593197532,50.342737919611324,0.2757110471884209,1
85.13450364619293,29.143036146042263,5.779900192152173,38.94604341207596,0.6069665320557756,1
82.75146944205149,21.353240516134722,6.907768977096272,33.328567496705965,2.3373666133522697,1
75.71207918547542,19.437686042045783,8.123869912007228,36.20824007869086,3.253582980886068,1
114.35657902327779,25.232513346146018,1.908232344964527,32.455545692166964,3.7688951861446514,1
74.26671967777105,23.691278895545214,4.234646993668547,46.79713458843452,1.5697805207331799,1
80.71152074393926,26.17145488143288,6.645636538300843,45.40224163414594,1.5298016472985638,0
89.1583683628606,23.890390836533985,3.4927630421060925,43.69739787368185,2.3053494346876526,1
91.00212965744278,22.63992083750617,2.8660241723146447,42.75570950926425,3.0076577984066786,1
94.57932055215684,23.700249713105105,0.26796465291101823,46.24171080408186,0.3740711757645957,1
103.07608507769262,24.11539557917274,6.265244915543498,38.79002893789031,2.6928989129469527,1
90.06157655460713,22.780074800606677,3.9614784878532703,42.11331071739528,0.8361483055632134,0
74.43969200033332,23.18747181470629,2.5413162820738755,35.94054234808001,0.9682330860988099,1
82.43054874878219,22.38562665205236,4.56771457965772,39.2327572377943,0.16179757190557728,0
88.07832372513884,27.426660479477626,4.30601074635733,42.25038586583695,1.7755074382463316,0
105.68226041505824,24.776084018023198,4.336518204709183,24.594285881117063,0.19615221749922002,0
71.02194521575703,33.02700988867507,3.5658038753466497,36.90144612182642,4.886814079438431,1
97.02576505225227,24.642818205113848,7.244716317526731,40.82493569887092,1.9402814587428334,1
86.79914369546417,21.796570118685352,3.732680533475156,39.61241967029313,9.267521069011117,1
93.3783053522948,34.68270149945226,7.238644152646609,37.73801837127235,0.5638033626465031,0
83.98005283364068,25.65450551085734,5.1282338528003955,42.94575969403739,2.2763736473394958,1
76.57567369873674,27.960499147571266,4.702340285523462,36.46143813395973,6.672504729600436,1
92.50872779401332,26.368411932809966,3.7734504934436894,33.89046270006732,0.7092919055018045,0
91.54431027105622,26.492044117190993,5.947913387091841,45.918830531447774,0.20256578868957595,0
94.72056965739722,26.142616205409897,4.225983535155991,45.213242629685986,2.0101158992002737,1
84.86695364621364,19.591661740895738,2.1357375697729366,37.00425451198687,0.911725502470659,0
79.0017797668015,25.470116190245648,2.069015618003929,39.656527151566515,0.6378161613421808,0
69.41213004976159,18.700554784599042,4.844969243868544,44.22994843678522,10.099059153011876,1
93.19373268139407,23.302548654349863,2.1852422296670087,40.22017163365374,2.805736595108088,1
89.23889482443985,21.09753017374685,3.875537886055001,42.65103803435674,1.328709899506549,1
75.34217367136041,25.429880743394897,6.114369077102182,42.37783396863372,0.10259374117308205,0
79.61426326703376,25.33650498935294,4.607940355788667,38.40414891422596,0.4254353738076096,1
80.3324118804856,25.924583563060747,2.5557302593425044,42.57962001340703,0.7098627162308618,0
70.17015568017582,25.149186290996347,6.8199750232322796,35.17528186987691,1.3357254923736082,1
76.82317603394867,21.572698632854404,5.095750473989403,41.97137159039278,1.3753238703851938,0
73.66169643193646,22.95598604259328,6.035585974408178,39.62951171794163,0.05008874350845394,1
80.87520988112064,27.68158464501794,-0.535116686418605,38.19639784042371,5.741947955089764,1
77.61302501670437,28.2714267091776,4.6617057565254925,33.76632065268328,1.565300100487251,0
68.72995079133251,19.4128676054938,5.684315672759786,40.658296304795954,0.03984869005715107,1
105.22590230569482,17.876289469949413,7.400577284595984,40.19265138828222,2.416866770386406,1
97.52540731029231,21.09244246718115,1.0723628316979168,35.801817689221174,0.14804997686236218,1
77.20980578480014,28.180830328129,6.412229178389065,32.01564089890601,2.554309051294733,1
87.7242139665361,28.859536120732137,7.28876057140249,31.7776244968427,2.4179203132200877,1
89.17465089821295,20.301152478395313,-0.034577954557958535,38.729635052202205,8.389191515014096,1
96.91085854773476,25.229237414945352,4.957182219739486,41.53248819710895,0.8372144341344768,0
76.81394973339921,31.33772533256035,5.235241628681404,49.24985797150479,0.3117346518072313,0
95.92106783982426,25.661245908961334,3.3459846746961874,39.77422577474743,0.1927338757726477,0
79.52094695793065,29.686013140932374,3.0198110798674205,31.873069742107667,0.14885681350168947,0
71.64137595831386,27.994906280332394,5.335707826575645,38.965409158768644,3.3249728813064414,1
92.24136559314498,20.359205175088356,2.7700364931787362,46.256824492594745,2.535587218275255,1
97.90758424122428,23.24007430601169,3.5655013431638043,36.58602195749376,7.452350074716305,1
110.87908973530685,24.139017913167393,5.624869801647844,45.59301788700446,0.7397694489653488,0
73.00274734909786,24.41653355208536,7.5080861006537285,40.87862356517498,3.250143505009568,1
91.98919685080789,27.665315813754283,5.075968545084036,43.234407772604285,0.19525673944240665,0
80.90198756206468,25.634739049101633,4.266968990829023,49.29427999102022,4.68431349774276,1
92.83358710524031,12.25519622488754,2.967205030678459,30.813680463158633,0.10644358719905435,0
70.2951044876875,18.748638907629097,1.9787999186978875,44.48252091504119,3.101239088017063,1
72.37230224301436,15.250476340095828,6.219156483001899,39.526494410593415,0.7344768685696796,1
77.24125176833516,24.701460962621336,3.6931002977462306,35.25409733323184,0.39981376827036397,0
85.78964045668084,24.961950597871045,6.301406549333457,39.496826815384466,2.43827121302776,1
78.58918733461644,25.132899834442874,3.340896244009077,48.45485471575772,4.524384591163804,1
91.5905434391342,20.164286929141536,2.7014226772779777,46.67472989877827,2.8889153636071128,1
95.26894618257914,26.696576020479956,4.841597777655032,29.996427694043483,0.7511329555959613,0
90.99577541245355,26.865049985874116,3.8469281214631996,36.150801469920836,0.8725827501130552,0
101.18787639660869,18.979403731179367,1.5889427907785247,44.71447117784684,0.41972574961776077,1
89.15826629455343,18.135847194204512,7.634736659563696,39.89127961108484,3.4752426094909508,0
72.83103289659833,23.999473255092248,2.746032452456725,39.909933300613844,0.22654711455036852,1
98.6337651353834,31.167129094453436,5.855183042348427,32.15836772103675,4.670504343588288,1
78.94843764394003,30.79897096879457,5.683713258792963,36.272615788504865,1.838260754809897,0
94.10418499685571,26.25361744179221,1.4810744701712864,33.20897126483043,1.777618441791602,1
100.73734216555107,21.080013313679693,1.995224710767031,31.733412609592524,3.6381150035447227,1
89.56688010730399,27.54737063795434,3.3969813205997443,33.711310083012364,2.2024308561629615,1
70.0384118683535,22.190302940763836,2.268706910843367,35.359511212768304,0.7254988791679455,1
75.81787833490209,20.929971853304757,7.452912743757377,36.19443265545956,0.8600744564253358,0
98.22744466885135,15.424132673512023,3.599648726402977,35.78935138969788,0.3800322269258736,0
83.30877314357184,24.40952879339061,5.779498085628136,45.102280367088,1.24747822697947,0
85.79573534942166,21.4805306034505,5.027274778000408,35.46427897489821,0.23341545094642557,0
92.5882441616361,24.385721518114018,4.528044897992706,47.13092346092816,2.117071426009739,1
91.96322862080324,14.802569215051754,4.080642421479176,37.580120612055204,0.3708018049055299,0
87.7879981238546,24.679306690334748,6.474261415577394,42.195993298754594,3.98919770102912,1
82.91331628779534,14.275515344113488,2.3498140533299665,42.35571540699434,2.411031901583678,1
81.87331554267642,28.35176101307421,7.452670620913173,35.51078289603601,4.442217679560906,1
93.57898825291343,26.08756493654034,1.42555363899181,38.3595471749615,0.18210667873001665,1
90.53569531067794,22.88534091430165,5.563023451244848,37.48528081529823,3.204024447482805,1
82.42699999382211,26.250879440328315,1.1896722801204347,41.86220356405414,4.2539843292721455,1
95.82112312993141,20.08770294934579,3.3685888955460803,39.35577755291078,0.09118715610502755,0
83.70965884870216,24.28950206245957,4.1866198761219335,36.258008630265095,13.973500007845404,1
76.48337825665607,27.179096153841343,3.0266093023409724,40.59529144329655,0.715191638938198,0
77.41029301096656,11.622843003634442,3.636660860766218,41.6980804156498,0.4758069252362219,0
75.21259163690235,22.211102561289906,1.2260591041384132,49.25022339271294,1.0719628666932597,1
82.27589983396312,23.909423479454503,2.025099062552897,40.340632280479504,0.017345786414275907,0
97.33724278336193,23.214825529016935,4.996529414391765,40.05004173404269,4.341470932382452,0
76.9490481896949,29.82840730490962,4.05934364995489,42.141993052300016,0.6252911891407724,0
86.88475761018103,19.504395500308462,2.6189439483569856,35.252988186685705,1.4745806191793034,1
78.43310654372587,21.515363026219084,6.648555526259343,31.37245199482254,1.9539906617471976,0
82.39690958728562,16.336523894766206,1.5601382000195683,38.43948954139589,3.1317206757049902,0
69.89958788014748,30.04114660509258,3.2768190682718745,45.360495489888706,0.5759138556977006,1
82.79461770843463,23.0148394295648,2.9886874436430566,46.16775856584346,2.52565142888608,1
83.06294620195038,22.24636444785317,5.230075255522089,30.60307647134261,0.2503576165155935,0
90.40287944035695,23.790069270757144,4.096327382274389,43.330397402467334,2.4363812530810396,1
87.23280913255371,26.544943313721298,3.783669506930806,29.076009990861703,5.0339226931920855,1
73.01607875047955,25.3894536140645,0.31156659226552197,42.29590277416293,0.17771984540294988,1
95.84198244043543,34.59153685422835,5.730068961264186,41.996796564483276,0.24818711217995587,0
87.10303040221996,25.8157435536151,3.564348370336526,31.380099852422283,1.6293983694148597,0
86.98393517177486,22.139018283323676,4.23132203522084,45.00023071565843,0.09502285112876291,0
84.90817646614862,21.754573049904213,2.5028735598122456,48.719179506454594,0.4150092321180886,0
79.8224255277778,22.428964190332763,2.1883424743658546,39.68759834498762,0.42191652973290655,0
87.17802339748727,17.992652301480646,6.998575516951374,40.704999374884814,1.31265663265762,0
89.75588435928583,24.159456829966345,0.4535228434751746,47.39558101493453,0.5713336204096229,1
67.53104308654446,27.13387242483567,1.8916019444344565,34.3683398295601,1.2907068560287993,1
79.61239162653905,21.546545597507055,6.960984305338161,34.49461271188554,1.4728434781470336,0
82.4505302959641,20.770479774863553,5.281492761997308,35.803082480403994,2.623445586018426,1
87.56170605694278,30.063780585176936,3.349074936515161,40.185410521554964,5.837253402053579,1
96.93311005927126,18.29406737351534,6.493192628577306,40.1720792213124,1.4013396753180287,0
77.28259185403218,15.728726494090795,4.893720232792018,37.23354862359873,0.8770264996111925,0
80.02038153182158,19.38839222541047,4.465320183948839,38.49759794271231,0.598708962945281,0
79.8746588935345,17.838269131502813,4.4511240342048355,37.30215882524624,2.013838439115671,1
76.98472409895459,25.544904256418327,4.9304764344289875,37.54099994309694,5.726501767369206,1
81.52813504887737,22.557181998201706,5.011385002594906,36.15739269860707,2.893404762869259,1
92.70802219987971,23.12125181990464,8.391946105791913,36.19780130762908,0.46160217078993415,1
74.46164504635655,28.61173670789909,3.610214376654656,29.995280825362,4.475545668067557,1
89.27814395152903,21.234660555348896,3.671905623703592,38.88162452811008,2.6599286861353804,1
67.98097769981665,27.100357646982562,1.5262136248585723,30.222103388913656,0.2738052490902744,1
79.38662003557793,30.045291196812812,3.8962052263579636,43.75279559353711,2.495169705267395,1
81.70510699782014,22.177350007945357,7.725773799089637,37.2004107792742,0.6831658285675151,0
101.74859672914064,26.948091422225254,5.968970004869313,39.40295210641836,1.3521737074388616,0
82.25197695247311,23.03272834988408,2.9126645122493446,38.133951836240215,0.7140108945019249,0
62.987565265490815,27.696392515363158,4.06008272904257,38.77943112325886,0.17560717328103173,1
65.0111109313875,17.714043249694907,1.4071232488300107,46.31687407798359,2.927073055200316,1
85.3402958634668,17.417951019498616,2.0617613114033873,33.24251794036359,3.5284881323363484,1
91.13770855789909,22.43492914036984,4.298882305227435,31.883415388287577,0.5278764084600431,0
88.75455857627253,20.444300763760918,3.0110907943590943,40.59686163331982,0.5479215967961228,0
86.6757010580099,21.93316356228046,1.9108004212431635,37.52060138130341,1.1240895197317227,1
96.62259597505667,23.121893670211442,4.979681529475784,41.79811960671973,3.336989043922606,1
79.60408779262869,26.880054127345005,3.8354998266933524,43.582886198706575,0.1608330445016356,0
93.94910556026825,22.36935768573626,0.8648992566179214,34.468283717174074,3.307943504844207,1
68.67985114973582,20.704554757507655,-0.1502939323355763,43.01694421632407,5.120716808908823,1
75.95052167061934,22.593946492964406,2.8599770028514917,34.89028256540247,1.648809943734162,0
66.92958605068183,20.92341888077353,0.8234697131169444,40.37287595469062,0.12458392031304134,1
82.25154699330207,20.263977991749144,0.2621771870586924,33.81543138203097,0.6281965494133972,1
84.53738782733657,17.547932745692123,6.257938402804171,40.66071878595664,0.23618573403541213,0
86.1410149222652,24.277912464884313,3.8045782202694145,39.89561359539049,0.6002748270013268,0
85.61883352887135,21.725177173611787,3.4691072435489936,34.485352556969275,3.34030892780548,1
75.72446669188272,27.865114956938687,3.6231883676985017,33.20794329326128,0.11455451310913568,0
83.09759155586784,18.21041563176424,1.7243356984140603,43.75319292048494,0.6676576446283465,1
70.02553331394252,21.831665779808485,4.821952330028337,37.73499773660809,1.4552733795823916,1
98.6322897513225,31.251628882634996,3.7385993465349188,45.06015481116173,4.143597270257911,1
81.96373927101999,20.2415619316086,2.485182688041176,37.283031350876634,0.5753165879142477,0
80.11113880956309,23.053866991615504,2.7847426309500003,46.51089867809605,3.013105324270957,1
100.88940328444083,19.136624068698527,1.5450825735754092,35.258052225060844,1.7520693536815635,1
72.57753466450771,18.606289948876075,3.1875142541963304,47.36373278755604,2.2563051815680755,1
73.7441288596803,30.189243932350713,3.520744238434972,40.87185931529031,3.957653061353588,1
74.03779675131435,24.68415797054859,3.1354333417400717,41.99898370384356,0.05354163121355563,1
84.32128618300518,24.534715352950492,4.110309114683172,34.97987693277786,1.5089113606500415,1
89.31631629637597,17.214735059535112,3.842976590476488,43.646075914653935,2.750425633970929,1
92.39675468117834,25.434965552433212,4.461537077329214,43.81964066205586,4.31875481757307,1
110.7199531749497,28.629687783975303,5.886194073843189,38.377825712373934,0.28472728077842807,0
62.50567545799236,28.59790824331412,5.186046954426161,29.330023039996416,0.8354346347956436,1
91.08735589124417,26.67333291842464,5.909179681020671,34.43335717043316,0.16362609627662145,0
79.42869427427769,19.482057689618383,2.3045315403475426,34.4325966930402,3.6028207855797802,1
79.13584851111227,25.252493668771965,2.9827702118226855,42.24676408770674,3.8949516175972723,1
78.80227871746122,26.67033984190643,5.307193367891935,37.67483830239929,1.321690365830316,1
75.91230329192027,16.822225659644396,5.3429553428641725,37.77195141863875,0.042029121201153825,0
101.84524834603451,19.51488163407286,2.6427587649262363,37.16843865069291,0.21561178243345736,0
93.42297327013902,27.552629286973765,5.223167851563485,47.34645138910979,1.9582380697453028,0
85.23195978557375,27.504183106687712,2.112935766708117,40.22675980414924,8.104776636128953,1
98.51015752487001,17.80566786551443,4.962111448283587,40.98870167791649,3.6510140588382267,1
69.87471034701124,27.18008583707669,3.947407598268718,36.90305244281006,3.198205173148756,1
71.69294868669074,24.381213596614472,1.2311287921873268,39.85180671496402,1.0824661633330703,1
63.22032267805312,27.124035818428606,3.131852356481186,35.121553286473926,8.427912577605783,1
78.00585459876713,21.461914706264235,8.364535619390987,41.71862338778965,3.4856283583117182,1
86.61698526704753,26.580733985923608,4.405560725609989,34.26723211013485,0.8179008141171819,0
86.02858577932334,27.375315097942497,8.600899953436521,43.72109922799579,2.7605532391496124,1
86.49341911059881,22.594660258177154,1.1121469402499273,36.325238636141194,1.1331098342372798,1
70.88943168933918,24.071010184693144,5.5014835853276844,44.741964064941016,2.160301533302493,1
93.03154742614022,21.405913481981386,-1.0686723836142313,49.536471288409885,7.016709472684731,1
87.39627518238999,30.606555794743517,3.9995290301704336,40.005505557625796,0.5659239400778839,0
92.33054281465999,23.518912242696935,5.2624347553026425,46.55807561071445,3.1695119752910252,1
66.07237822409948,20.311902699291274,5.675780189992553,43.75724474492709,1.7850230295810054,1
88.1149085879779,21.136696344501,2.401460550839174,32.836089804821036,5.990301415140887,1
73.12234760082472,24.507082404568454,6.078180843953472,40.55463888759254,0.28881102706010614,1
81.02676747448638,27.013324687112846,2.932570479910611,42.50599352844611,2.5438574190480447,0
90.34364898636383,18.656692619397912,3.6718054977752064,42.98857657713148,0.07572183034744398,0
85.91093606255913,31.390640011769797,3.1333555612867325,40.89103402487496,0.566194479395312,0
76.4846002022068,25.234701176222465,1.727221298535337,40.8265569816361,0.773839865871142,0
85.06273156184419,25.86582389187765,7.139439174841717,40.02543679057617,1.1321684884500303,0
69.68464684756357,23.611241824706255,4.096035634316154,40.665880429968425,6.7220298656035125,1
96.50267395898297,24.0770358694045,6.174636757317256,33.881605148504775,0.1399897503560993,0
82.94715980503749,23.406867448290388,6.0894224835292015,38.81894609510661,0.3702097276514844,0
96.18549944255327,28.07118387614384,2.064119571454034,32.73509322594236,0.4539197137707769,0
79.73468312903957,23.96828565018652,6.432254495343203,37.51186158623012,1.1032837863121217,0
79.76424011593417,27.068200873970838,5.0068284870986455,37.04597224449556,0.1252404453390889,0
77.35813213362154,22.264609906589712,1.9181962710542217,36.7266851316473,6.728933371198462,1
93.76173931693076,24.782562113249263,4.897701662683009,34.73995921105476,1.6412870867192084,0
77.90568842671524,20.784318623042317,1.9540642302638647,41.34638636898443,3.3563641610138863,0
91.44595432415177,28.86611293019815,7.212916735957281,38.4096484714407,2.9611962839904127,1
81.1754760233071,20.665011037123538,5.627573489844193,37.897868721235,2.162478963294414,1
65.2403670010838,22.700082222954695,3.8577028756179295,32.96213002751862,4.695361970046633,1
79.29685932213533,22.74015835018102,6.529607236434368,38.51069403901505,4.653421831713046,1
73.20891785637151,22.584194449304928,0.8360247105929246,45.727663999579825,0.2734084521451778,0
85.33902723682337,26.88998307777175,2.501317399759917,45.804031549301705,4.644112852482682,1
73.0959226432551,22.733368941053424,3.495160556519257,41.867562898592226,1.4842170673709558,1
94.25975100714616,29.57569812216429,8.471369362851036,38.5242301244008,0.62414001310657,1
84.08924139646973,20.726099655479327,1.8590341982531888,42.794914151122626,1.8755419120666312,1
83.2240400524126,24.677509879770827,0.585388116518653,36.663232059116545,0.6595197100363884,1
91.55892137787583,20.8968560427496,1.1112289710034586,38.503738720583094,1.3040406576120882,1
94.63906934075862,25.68389113012587,5.8124317384112025,36.28738778701455,3.390403938813636,1
84.79901248230348,23.93620109209292,2.8116154589222866,44.54183213582045,0.06545546645481053,0
77.28799700450709,23.379751821206085,3.6818266712627734,43.90002980495818,0.40445022972039635,0
67.26030383887871,28.753899866014095,5.525665283348968,39.82658870477003,6.273793453627417,1
78.1395024296482,21.382632515779587,3.683830744084177,48.65626154645282,1.177928860736634,0
78.82787753352038,26.346060630472,4.4082932090161115,42.062572903854736,0.7228703531380123,0
86.07057452992296,20.92416034930083,5.07043029521939,41.78113773168156,5.135173738928301,1
81.54853118861973,24.450740800641494,3.138647216079569,41.24560123270044,4.843050591929611,1
91.87932972051428,19.217698687106218,3.667365880140632,33.68856591133378,0.09050202861575488,0
78.8701672872931,21.34993141477304,4.483910804642023,35.528600842963144,0.9003330369498519,0
84.42958833147058,23.67142781770854,5.73635854610644,39.72681023156895,4.8795985121812295,1
96.8398744319689,31.25859666929231,2.4152614716387015,39.768082606143494,0.39634578246192675,0
88.41825213954967,24.403215481839098,-2.0411518436595593,42.94881350105218,1.7265120794352071,1
84.39962458311436,30.618673263466825,5.359166298771294,36.6606644547281,0.7736145471749607,0
78.98055558064823,24.881293166763673,5.855431837500169,40.35343350378272,2.667900537336499,1
78.66768603285023,22.451663022100245,4.400068324260344,40.442800655517416,0.3445740818149724,0
76.49386747048052,30.157426090402772,4.536586437913071,40.64097540888062,1.8129440882858965,0
79.58993134217101,25.748070488293674,2.871380211719659,40.08207258526641,1.6864493711207272e-05,0
92.55665838744315,21.429113624469146,5.000366843069848,32.98079990724002,0.5822125380137443,1
82.78111728707731,25.882285837601188,5.706333639368377,28.6939076817111,0.35386869542147126,0
71.50226930618769,22.82962100036956,4.1129926828369685,35.2911818209637,0.47101613569450496,1
102.68169293059783,16.043863215314815,8.982496660014533,37.34438488600548,3.9383248933875774,1
88.19965191145162,27.74389263706247,0.8725178246572409,34.10774065474781,4.925427538540998,1
70.9305659948683,28.379736222567715,4.325923341712694,39.72163065562825,2.813251892331865,1
80.58151072759176,31.3517681199691,1.6512940753653709,45.45053484394099,1.7837159638985978,1
86.10886382828417,25.688574768781052,5.75969184791378,43.6301658271394,0.5249554830554792,0
102.04592093297377,23.00510630366987,0.8370491439156371,42.331666477068055,0.6423987846673508,1
73.9188754174113,27.339957709514344,1.332156914564603,44.92655369331251,0.7418078900528218,1
94.76040719355947,27.399281461275624,2.733626118901591,35.37688477834885,3.0012159887015106,1
98.99486426972344,30.553124732545687,4.531664339710799,37.71601865164538,0.5830704602414202,0
78.7134569492543,23.82148950773423,2.8090572226767656,43.07423431529111,7.25289319944829,1
82.22486381139767,23.337684109729622,2.829117474801814,37.62734995414003,3.183820066882402,1
74.63690752626229,21.13782232096589,3.6382190901478295,37.900867549244346,16.345243372325147,1
82.96538858919695,26.149848346900807,3.5155196818769876,49.31209560954634,1.2293322327007465,0
84.63410025657069,17.80695332707666,6.974898776637048,40.47721038931661,1.779921774200836,0
91.59649998082371,27.104349491450257,5.371822239337936,48.818131001003685,0.6581238481214484,0
95.90183471020447,26.35134048746316,3.3508465204307116,30.88351666798615,1.8513925868101235,0
77.51903935378353,26.340280809833487,8.194023822427228,36.845668476983526,7.291661794977781,1
65.32674935774006,24.552900946007362,4.983322349712019,42.044082903259635,0.06170251745411233,1
84.78755220723758,30.131912990124338,2.0620758893729025,40.4686628988654,0.6829782189631616,0
87.9353752996864,27.487973861707452,4.5130274799836885,29.72226868401457,0.6606062847604107,0
87.49417687685042,21.5716912344972,5.071025089730629,38.85210409713891,8.076291255535589,1
81.73326752490956,21.643283801209414,2.6247505618773035,52.36508798309352,0.28462397302664716,0
86.24752099663934,20.481304746341454,1.8949821783879215,41.234563859150484,3.346462024854495,1
100.15444808352248,26.20513333110235,4.172918180084884,43.02217999999394,0.6419368580682921,1
88.8173416896251,19.999444315040172,3.279556457387929,36.780284160374286,3.940858314682634,1
81.26631574996915,28.33356857433341,6.958255776910885,41.2164207369817,1.3378885028716097,0
79.99802182904004,29.291893233382172,5.48231164816983,39.93835900882339,0.5548327843753789,0
83.3014764232227,20.483934924198195,2.7184494518268387,45.594072158694544,2.4739082872651923,1
101.3673996183064,23.257805861628587,4.851876221897177,45.43500443389914,3.6850207276464495,1
83.16699290473802,24.066483925449656,6.534256285449479,42.0375807241037,1.2702819316551253,0
84.80205655479293,27.53593264187867,1.2123911082007002,40.354829077972724,2.503451942726096,0
80.17686429063697,30.437373502439506,1.9544435180244957,31.604462320519794,0.400765421241159,1
95.98983357441965,17.25803042852569,3.9776627654409378,31.430222814522534,5.548770454879786,1
104.59837254744676,22.727277129893267,4.071203935810068,40.40955456698759,0.202846567655164,0
89.50613049431388,22.935933217758613,3.8956049890742794,44.37317055730828,0.5019308014654232,0
85.82772903785425,18.39732058045381,3.3784456424246443,46.65873028478086,0.6803655694114956,0
85.36782833174234,22.059559922783755,3.3478793550959605,35.551306248131894,0.33152601937759335,0
61.15693211214254,25.711075777402446,4.768516273643257,32.45380703179361,1.0440439127721708,1
92.45150864284817,22.88528438864177,6.267885107278346,44.66479576447291,1.224004725412857,0
86.34166415995844,17.821515325570346,3.0380945406231463,35.9265411645082,1.4620688777092496,0
89.28342050660726,35.49633079203966,8.876798690341307,32.11465866163592,0.08331040715926166,0
77.88537805916295,25.06471146081672,7.921382871480633,37.53160920940449,0.49463190279418273,0
81.15543121022908,24.4467765204267,6.6585112591601625,37.444505166378775,3.2980551999051184,1
80.88975063496827,19.608294547731816,5.244966669123124,46.60085538153673,3.327837347748372,1
95.21622984073039,25.0428246478851,8.015976212940313,44.32816957340768,0.8009752877863896,1
81.21240163396907,23.343144863834024,3.4197692700011832,36.31306448618335,1.2367265020292681,0
105.82660322109797,16.445906349138376,2.334791176019531,46.98977171278021,0.40534143390612604,0
89.30862419015037,19.718978239942334,2.9480558811920314,40.62512928957177,3.453515877837558,1
72.24317340004268,27.17970407069578,1.994114393819837,45.30417817647047,6.278453542198831,1
83.71453706748044,31.776070600001766,4.24360264462674,46.63589254061106,0.6887951271642633,0
78.48324877843584,25.468661620172178,4.599660928255487,38.68703549965236,3.0459510378071837,1
63.056175301799755,28.412333113173467,4.401679677362214,42.856597870635085,0.8689305637743735,1
100.9947094011379,23.37697876566716,3.9751372956364004,37.96620767783291,0.005274792897854659,0
92.03142542220004,23.653815357277587,4.266309056343231,44.65051130959634,1.8312205598233529,0
90.33207317899313,28.36391611047786,7.472647617699778,40.451375719018614,1.056617308408033,0
86.65403660299704,30.651109156717876,5.240103735278168,44.80161109532848,2.84123360129351,1
71.17982431307563,29.20438677386249,5.845017593209643,47.62378331909231,2.762725723056821,1
80.16382860444563,19.734547698460723,4.381579873373576,42.73615915897486,5.838699989459147,1
93.41780774784013,23.732164438739016,0.7688226030638452,39.53270072129074,1.1518628654616625,1
74.48779970217497,25.11009873790518,0.37223505906097776,39.61586061705001,1.317537512275033,1
59.682306837491865,22.961288145969885,8.16561998041703,25.214841245105596,1.0230027286540624,1
82.72893992219073,25.551430173662382,2.9363554495375572,36.43602840084328,0.7046228900748429,0
83.58242445972462,27.28230724667579,2.7664973116961358,44.66286760167671,2.031350583411679,1
86.35563416414709,28.011239007820564,4.4913264827544985,44.84940603507418,3.520949126336628,1
92.28518643514536,30.74348060888609,5.100805956659855,36.32716170949736,0.34350087586165723,0
91.37605812231209,22.682235581100663,5.353724274668825,40.82287308869368,8.016993777747983,1
87.58769805243922,18.543867340642745,7.548837065760008,39.05366788960256,2.302807284761818,1
96.9553138808671,25.432938376057812,7.001472765315883,43.448011893546465,3.029264958449217,1
69.81030219186685,31.535244124739208,2.378133550722357,51.04307381672949,13.543978090185545,1
90.0458181447739,22.092096560183762,5.937469146843578,43.54234289000962,1.402485710881305,0
91.26538363336942,26.74738790825488,3.231818163578403,36.64911272715043,0.1479202110734485,0
72.60437713919761,26.78298316989057,3.724982511138447,39.607902359546635,3.1240757799273813,1
69.97129391317611,24.765768189378434,1.812021588097275,47.00964126551366,4.092261556026553,1
77.54057873524398,24.027698884174857,0.613854292337181,32.956615378078446,0.35442243395960327,1
78.38458557484708,20.30628317711443,3.936876574735422,36.9247116725557,0.04886700710124254,0
92.5341946350243,14.87335171031769,2.0880361677775086,43.54981966003355,0.29195690673586805,0
78.85461216308906,19.552597173343884,5.855627357144073,46.47165626602696,0.7830250417791061,0
76.43651481718796,22.438783403553202,3.4378435129597573,43.04483951136806,5.161453306036706,1
78.88366263305441,28.38969074969083,4.617180437899747,36.966525423913474,0.004940484724244684,0
96.18632334154212,23.587487750594498,6.735051507830864,42.682676506631964,3.2572200135300737,1
85.13043374376952,21.923897124327407,1.0294096364357839,42.071463833682905,3.860040437632337,1
83.20748974643088,20.436058232186276,2.5507652229006252,41.7541088351146,3.33257031935554,1
83.89994501298949,26.62722331403792,4.3617672491317,39.5146316151883,0.17158283701506769,0
97.92060334326523,29.43342866572242,4.625049631646521,40.26497154092814,2.273812455678107,1
77.50828273396758,28.253742887469837,6.206995002544652,35.46250069730621,6.154041865838801,1
98.15508290940105,26.424598799033877,5.734306258081196,52.401021124987466,0.25649138691991,0
87.10496298921504,18.09754901446824,4.193867251461478,40.78499720338595,0.06438904974184069,0
83.39580618024652,22.593303028624913,4.60680934119451,42.74256140525405,4.13754185847544,1
110.00900497934282,31.7892169155587,4.66215178198098,38.91044391785829,2.07087878391055,1
74.44360510201403,28.4878019676609,1.060575270652489,44.226551646897256,2.0793785045779103,1
81.46314240432994,17.849987127061098,3.687249045290077,33.50783529218933,6.67258573217758,1
72.67568760836,23.777637907202916,4.496946435994184,31.27197232242918,2.9373145746127083,1
94.52461970536169,25.452393730644154,4.917101717570213,39.84764246287921,1.013152283352812,0
101.89188933651678,20.951366147895122,2.1512731198716812,50.27027637558866,1.1448387204834676,0
101.6992278140464,14.763183914364605,1.4624041749422179,46.04160417269897,0.3125895735087173,1
97.23948753146004,24.395296180065728,3.530934814963839,35.957767851347796,0.7249545381149988,0
83.02379532204034,20.848966969518244,7.934732222182988,42.580437049865466,1.179029690425669,1
81.34759022510154,20.864633043661264,2.3615049745426626,36.820052610847206,0.6051459250427036,0
68.28830227505935,22.581278560276967,6.347856494709619,42.13208343722151,4.950851824156229,1
105.35873535181793,23.465296341380753,7.16947928609024,42.521969381230186,0.02374575623602042,0
89.68978078148467,23.963668823617255,4.090933052466387,44.63239560449067,1.768722346720815,1
80.08043095130517,20.464040404311994,2.6403041306930977,32.171681514211954,2.9533847861213816,0
98.28056888986967,23.11916188146369,5.025639127316451,33.67206005572574,2.634350168936598,1
75.2723548324,16.97030651838898,4.389980584198992,39.622147210475205,2.064149429039025,1
89.06622034222674,25.244156261472313,2.281792039619383,34.83788332167724,1.056403077454857,0
83.27370865709165,12.57489834663537,2.682394347256448,34.451389650075384,5.013745888876889,1
91.386771398803,22.84203967826552,4.907159704290662,41.35928689611467,0.7978123439795278,0
84.36426460813878,27.676744614707815,5.866880816337095,35.41982217776816,2.773662020451988,1
70.49072108888775,19.762637250900696,3.354419597369225,51.28828445194229,5.225052046533159,1
85.75576372670038,26.8657208146296,3.8617328702238938,37.334170063530486,0.2748117728269928,0
95.48864141875362,28.62293084848357,5.33727714102216,38.648839578961535,5.877987487538706,1
84.70783594146015,10.768400190010446,3.655026231652129,41.487702702585686,2.9925104509882394,1
92.75115121589086,23.394548385697032,3.4013460534082314,32.460223094271264,1.9173094076010693,0
74.54470514325946,12.4969062894869,2.4893183605455484,42.542522560826725,0.9348896695086824,1
84.73739206730149,23.527166217716214,2.454630753251938,41.70733824916943,4.692351524764537,1
78.75489544911423,23.97131515607469,9.337765516446511,38.253472423111496,0.0900845585939516,1
92.4698084010471,14.069824056356646,3.607596679841836,41.369636537981414,1.1306658936345477,0
85.31491562261996,31.699353448319464,6.730116643024449,42.14141256411985,2.8263767502240538,1
91.90073676336613,25.1440632305385,7.367986675038141,47.1759535615015,3.333503243857132,1
95.87710426157867,20.60390627167186,3.6328354210136817,52.50130733990043,0.45199147318767097,0
91.91618575121389,29.861517709994075,4.736859616869538,34.69249506182664,0.09755009780068671,0
87.73118434293644,16.817547117430735,4.2049569640660645,33.51326295029228,3.2475925568907886,1
75.01787741488594,19.083315865926732,0.7756352986826465,40.513748056540074,1.0959900793044255,1
84.97213889333099,14.802177905320406,0.8960539755036754,29.605407596603133,0.3098573349550241,1
79.66909597984167,31.204180786157337,4.097696933808546,43.24707615912752,0.17890510434150697,1
81.55936043295773,25.329385485888015,3.1501729227828075,40.565403815364284,2.046858824579679,1
81.2546584924975,26.63760715939398,7.78316067678718,41.83643299630688,1.7484647588099946,0
75.20074425217756,25.204004935673904,3.526854122610763,38.48214032440027,3.848165492885046,1
65.4266141086601,26.29507104457834,7.9018579941362495,41.27507882984201,0.064151980687192,1
78.31856951672233,24.31231085558396,3.0472172077289112,42.361197888219344,4.056390440937521,0
86.93379451924159,25.083685370829766,7.824400841217868,41.00011702833296,4.365042377095852,0
71.51822954572509,24.4304137448918,5.012848993894693,33.27450692268729,1.1822633452806757,1
85.15682236471625,21.565632777722886,5.126583791542394,40.860029136007604,0.1595294628989976,0
104.00268424310966,23.813500939141324,2.9764720865327012,49.269823430249176,5.865259738864787,1
95.23056555252239,25.09437829304671,5.153834360807378,41.20446029239932,0.1495115445686819,0
101.4354150912053,24.442196478208523,7.3854268661625015,40.68527806384082,1.7864931517826406,0
88.91127876932727,18.08891156898673,3.710345011879725,47.80018828945413,1.3591060136328375,0
96.67509822986446,18.620053325566364,3.321206369266764,36.271922211175635,3.6046678403033514,1
77.76035269532213,28.331365735665564,3.5064749222798235,44.44838820043386,1.3967490495206598,0
78.55659732978016,22.772023816466394,7.240223210012874,37.34921323473913,1.2664396052399578,1
57.60859793862527,26.33890138814376,5.7107024140021725,45.43291671672568,4.25139230533103,1
96.86145474042299,19.631520361110415,6.895359980942237,43.99024077233782,6.64903291311172,1
100.40323979819885,18.10741649341388,4.627245420968539,37.938605683363896,1.5937740577457202,0
79.4682275465273,20.625613549873147,4.078638713555664,38.67019436833529,1.212926127314419,0
82.46048293602765,23.109739716914348,4.847888078141264,44.88905770709114,3.5568394003809356,1
77.46137886309039,21.33943880286235,6.14031706882508,30.72274549388341,3.5568194860193274,1
88.82653551477492,29.175734092422857,3.5057635148242703,37.79035445052651,0.7695073057405103,0
96.24932545303241,24.718093206149845,6.737353986713573,43.102087418122586,1.7170989042487823,0
67.57228026118959,31.395754474247433,4.731661114131754,38.45946614302507,0.33474840954188073,1
89.09438530642252,25.61763261628567,-0.8125562760603566,40.67431690103462,2.0186878627378366,1
82.23328228280855,14.349796728320756,5.766986854210389,29.794245271697974,3.591402618677633,1
86.13394391966689,28.22416642583422,1.4553899734760352,35.72760952165227,0.4153158618943585,1
89.58994001674291,17.96179351012018,5.718345521347975,43.39726336075904,0.7803070016803666,0
83.11797561227179,24.922134668845356,5.803035996476332,36.24496311467793,1.19180241929918,0
83.96413146594219,20.90126376934462,4.659785194762416,33.48770144588994,3.7296936765284836,1
82.86124832445361,32.570844137856746,5.087361797753387,45.30804266477298,2.6288407054572605,1
94.70316201788282,29.75839170972054,6.1977415756879735,42.578420270348516,0.7621413381977129,0
89.18759960127497,21.032717433192968,3.008744652378545,34.55733323591455,0.5568727021172084,0
87.2058353773736,23.49056932751555,5.586859319404957,40.69251922216049,2.379513400994264,1
72.29048278907717,24.97839227859687,6.3260466059140725,34.720261026373564,1.3074201548726032,1
81.21420256786845,27.453656286246442,7.520165195076957,39.23770471562192,1.8006095052349476,0
93.98669160339175,24.11660764930005,1.7884394278805935,40.879940947627304,2.092214974776492,1
85.37696573123922,19.900420402476534,4.817032129975536,35.957518003998025,1.6360006018298736,0
91.59531469589139,21.129765443199787,2.077021601877071,43.711664667626195,1.899033454003487,0
102.66511800327633,23.982072814492835,1.9921559645970044,44.48675851160828,4.369660160125918,1
95.38606069208817,28.937827915058765,4.7180555448119605,41.31782762449929,4.052923038893343,1
85.93158337699742,25.711351442144174,4.154911629592277,42.069910757702004,0.3227668506403467,0
79.89010829804273,20.906340293539937,6.29000295704397,32.73585580815629,1.7661796383421067,0
59.46450403944102,26.59349111083916,3.3076471008115815,46.81093613421764,1.1571456737767125,1
83.31615077527148,22.45206064448736,3.7318971276059782,39.543375059717654,0.6724007573383873,0
81.73987504183151,27.561632020747364,4.423008524676369,35.32371817437292,1.9947163965469519,0
88.90366194395375,34.10804167331442,2.276342297127088,40.72917906227963,1.4303092925415504,0
83.46094773025312,22.564694516225803,2.553860309968138,43.72734996194441,2.9824571826765314,1
81.79614940563205,27.206420638905485,6.232197331545106,42.56174783526985,0.1961762465394697,0
67.2060106949278,21.01842667184908,2.9020899174377823,34.57654817605784,0.7210238755072698,1
75.60032170849934,23.55094493123481,6.364953132899371,43.78818944758749,0.05224089351810315,0
89.76651040800557,24.118249147488406,5.214625161336589,39.69670459100405,2.740525148523003,1
102.15907631132694,23.225265359822476,0.9049379490221292,42.50602091192061,4.871257963413924,1
84.02474616254376,33.8520547551001,5.060757383675576,35.9922424970935,1.7704386757735866,0
88.27811073574124,22.773627701286472,5.044959646188254,45.22955794693326,1.9193317557544993,0
94.52478156952806,26.34740615513947,4.845857217022571,40.91357763132411,0.09507465408895599,0
76.8910606379975,16.27965252270627,3.7162465472339785,45.94411657069115,1.4014770369266507,0
88.66814043285443,25.72798625347844,2.1198650892162965,32.32565945571939,1.4967796113036327,1
77.59509893667841,28.56821836940899,6.692425532225241,32.99290440192493,0.07950864137252106,0
93.64824438491011,21.889610629683798,3.7968408225543286,38.79986076682347,3.0500753306623776,1
86.51403047951733,13.959111435838349,2.233187679329264,47.33812509986391,0.6523472841241744,0
87.9845181398144,23.8453929246907,4.914937372176016,49.814054488368626,2.570705638562907,1
77.1740140258141,24.068735401542114,2.5144400585334856,35.557868504626,1.0314262525761042,0
92.07032359610785,26.896300202977216,2.1018279434297575,40.265235158057365,10.873383769811834,1
105.84712921231016,32.04361214165374,3.2490547755951225,40.77575987640328,0.47703512168869033,0
74.92088304571794,22.47978539759877,2.6692044713638508,43.590788065190274,0.1200002651933749,1
81.60240992352476,20.57484750535888,2.175515496030851,44.42481333206244,7.814617589650485,1
87.31607474168092,19.332328794514225,5.6128235245235185,34.42800903544166,0.5590099076688859,0
92.86406211995816,24.7923144681264,3.772344371075201,40.32296680108686,2.017531398525737,1
79.40453714710532,25.917417035274006,6.504559891031784,29.9574103811504,0.9386260389518678,0
56.6696970985726,21.817378422549663,2.2909810445401284,44.05395641520202,2.0412361008982485,1
98.59189494164025,27.114730982903158,0.5448779247273281,38.30690065837982,1.8129708697167362,0
92.60506119584143,25.8615363072767,4.297540698498833,33.97308960348969,2.4570357110846754,1
67.57052469513334,24.17292675857956,7.711957843612831,41.66273404978406,0.03723111048262344,1
78.92431208220444,20.3903411170235,5.061973658724004,38.15065378497252,3.6181476077524444,1
100.68182429527326,22.07254273806111,10.430748392425665,46.30730515388112,1.3027282146533692,1
99.47796418457867,14.28097880926982,4.664118241898177,35.537089322268926,1.4631640601231457,0
94.38640022678945,24.943148256792135,4.471104422576181,51.11477600030467,1.0587437308269452,0
83.23887566040138,24.10536515498974,-0.3107253421158349,44.27277771481675,9.09050005236122,1
85.8298741881251,24.753915964357947,4.855894881177057,46.43847206592086,3.2346516214848284,1
83.69074194873873,26.01727606225824,4.337335520038582,34.855818992257745,0.7461702143943976,0
96.28239783268837,25.543285945728893,3.185157603590926,48.942296885668796,3.0563728692852656,1
76.2415759350489,23.558467277415858,3.7264422658818592,33.93726277295866,1.1489283080524677,0
76.94200345115796,24.19467217265101,3.863798851315642,38.950941517732126,4.080646939828734,1
95.10274586836016,18.38273433321532,3.640141694135872,46.5232831370338,0.06266452803625142,0
84.55638544488438,21.665117417242296,8.179429926251922,42.53384536252237,0.8782707826680489,1
98.78467355453807,24.201884214733845,3.258275944389982,33.80419041352019,1.1236033964610164,0
78.28487793019454,21.05658569635056,4.338627447707714,45.67705030921326,2.727106461712826,1
84.45221639661175,27.440603183490186,3.1921978332275867,41.69977226371269,0.4025201676748005,0
75.77587015156047,21.36547167617988,5.56686237328776,37.91899881972533,0.674532167571787,0
85.07362681423567,24.865221644993266,4.353527399944413,32.28995371975189,2.5738415681150983,1
70.214530630012,24.466262627261344,3.440178853659037,42.17375264936414,0.159913351036762,1
80.12366579045037,26.98511037444164,0.14806410818563442,39.18286098516787,0.44909981645894664,1
70.63746135071882,27.603164696113208,4.4866164505775,40.78154674373617,2.799704205446378,1
91.93923233191258,26.776130443871757,3.380847452840498,32.07399319914704,4.167359435071728,1
92.16589339759652,15.575975194467466,3.8785186862257977,37.90671470821827,2.6100043208123616,1
67.69737269515655,28.776592592052506,1.6350841055093333,42.401523107707554,1.4979045816110477,1
98.33885745500572,30.10923289677839,6.866564345440391,49.38232305652366,0.20863612105223808,1
109.97415126419854,22.071502862714123,5.713486351687744,38.97359188574685,3.5115388185811205,1
85.46006386736342,24.9465876506914,6.861411995281264,47.21649529534061,0.26486741271059105,0
78.58885739775356,20.43667327947687,6.293958601561908,43.936742104249234,0.9725211706953774,0
113.24330591003047,16.206485973071395,5.184634604254923,41.16892483126674,0.10363811640758554,0
71.8103150169749,21.045138937830455,1.7154349825471145,34.938291081669426,2.4735092413090456,1
85.20106466869099,21.83944384214556,7.686774328143717,35.14760728234522,1.4003233066786072,0
86.79622272631923,22.58059707459274,2.144729698224979,43.087704353533,4.7634239976187525,1
98.45147620452414,20.16434363997605,3.4631847518500765,37.36752212947393,0.29872348660844794,0
88.59738975126788,21.066299332731045,5.413804561253842,36.9231864061695,3.4203510423871846,1
80.01366104211549,23.95597471348637,5.5130815743748105,39.09694830482853,1.4294312644801708,0
75.48815629612044,20.919092067559433,5.144473453889116,39.18084584830404,0.9117041004736866,0
81.58178179753864,26.174097330200112,3.1994230373418207,44.503839880968435,2.063217349847833,1
74.93072639054856,26.72664260558976,2.7861367452890504,37.47251150869895,3.125274404163573,1
85.47825319784683,33.52155098465796,9.069065137212274,44.00620018012158,1.1606560837111175,1
79.35803820139513,28.502719728493847,3.921372123000333,42.19852567027202,0.5300303188518335,0
70.0596220671025,24.97241223331366,3.676457230722328,31.630020063189743,4.948863000440888,1
97.55145788374904,21.518942813329286,2.572887018122493,41.472538314916534,0.7508354062639503,0
80.0232747657096,25.174989406695996,4.489340698141915,26.661207828614486,12.680845991286386,1
72.31863195024687,25.306383839665425,4.396045601156142,35.52388369174007,2.916224687153801,1
83.31740865512458,21.946747643977357,3.9675475825914095,42.31538423281124,2.3283453829453116,1
85.6837156596766,27.13492558701151,4.763453293575772,39.946784498703124,0.024954491851557348,0
67.53533274420967,18.4076079412725,7.527075004884707,31.160539470192294,1.190340486445284,1
88.31647667125763,23.022400657849957,2.809894587418203,34.40419116513226,1.3961629712393964,0
74.52842431309736,26.223433837269628,4.08616748440424,26.955434433738894,0.9444165832554425,1
102.11028809190788,22.849663409631614,2.704303094898888,33.28718371477858,0.32497456705916283,0
90.23960512076735,23.172982386282914,4.589396721651256,42.89531674659275,0.9159934248916063,0
81.00100009890683,23.44885655523088,2.863060997251162,37.212835307124266,0.15586544310193043,0
77.5483222968265,20.657595037249017,2.949114017131621,40.84972770863279,0.6875708006286687,0
83.95032292436376,28.69560372629683,1.0809532518887481,40.06822190769748,0.17477767961710394,1
91.1279074158329,19.92784931230874,4.19558956563935,40.162915352497926,2.7920709346098103,1
84.745058714148,25.272637309639542,4.859539243809954,45.11566211556526,2.2243514745912383,1
82.82841192863144,25.654591593129496,7.72095270638459,38.98544678914488,5.624593902090489,1
85.58370290817895,20.20551239516413,4.93900496237969,44.55334186529953,0.9558420085338836,0
78.96141068763045,24.292417017522972,3.100631753405361,27.613283035312488,3.0854375224102584,0
81.56794073156962,20.36147130902119,1.2806418246278204,45.55712978422024,1.7715579848029483,1
64.14207561094996,29.56416990022378,1.5574259886690434,33.54960953945111,2.0775011565828305,1
94.73726230852368,19.444868252095148,1.4087433210560554,34.63530138460839,1.5857638556480609,1
87.98797780321762,21.384411623072143,7.756084070898762,36.47691255254372,3.0206349151918683,1
77.2654415596657,19.103099966577677,4.5756209938527395,45.419276104157184,0.08579711465901177,0
103.98734981355238,18.569205092529792,2.8340675614762145,35.55350075427671,0.1678247254289401,0
85.87016480392387,30.364861163529174,2.0802807896934716,36.720556103818225,0.20168319379511443,1
74.63856428024803,26.171098695650247,2.2877843192121565,35.191561409871106,0.6812959411266609,1
93.56737421470459,24.561173702802176,2.781401210987243,41.27697400429719,1.788710122797226,0
88.98048216509262,21.373692146612314,6.632510432510305,43.71804167443834,2.0747571609595243,1
88.94579985484219,27.630447244187074,3.940113105884501,48.521622578803154,2.493786151474284,1
80.7424439534841,20.703110242530187,1.1050671654521018,51.999087498933854,0.6591293247556665,1
89.50495723778035,27.174557177320413,8.620918549460743,43.250903765939846,2.1008602980359665,1
82.38241709778906,20.509954893577454,1.7196777212682055,41.82827093434684,0.25042360519402096,1
90.55941451645842,21.42196919249731,2.8183293801522655,33.91330133945894,0.020058672266494076,0
65.95055545989361,27.033129544471684,6.620288775267764,49.546515768654885,2.3727949029633937,1
80.66126537020811,27.45530937662307,4.830299265218134,41.07701554666973,2.5148330182427334,1
102.22155097808195,26.389891735587046,3.060154000751581,38.55467579046182,1.946477377674587,0
77.329325445997,19.80130353697282,1.5372661478123306,41.93765884526777,0.5991583235883023,1
78.96161702506814,22.213092537108686,2.066619782149947,36.818246363025594,5.247467570521018,1
80.52038661550024,24.627594964794053,2.1870077618470685,28.311642178543227,4.169721729524643,1
72.85193864111356,20.602876152359634,4.014063595699099,42.85901460466801,1.4494431352079595,1
62.91719223771748,29.483851040517173,4.382123634562607,46.712369259669515,9.045292081465583,1
82.69413601476387,14.392212224197817,3.7026907427373152,42.78461317600473,0.7094096476737078,0
86.35859424081657,20.88504193852339,3.921572372151341,39.96460434999173,1.3511422356176868,0
84.47494931461348,21.961733988520674,1.8985536096113584,40.0663587619568,5.260006495484366,1
83.55121438052113,12.624225340912929,4.586272212447778,40.861398738581435,1.2402475137314644,0
85.43040870850388,18.415083479055237,6.561037273673993,40.70827110544292,1.2735648012766845,0
95.22841471550764,26.501158050168275,3.674416636500863,39.69649341259723,0.1654432216890565,0
83.09553814070783,24.121134546211856,3.6354265871410534,40.12671439734426,0.47485618129937557,1
79.2591742291273,30.29254408817161,4.166002104105696,47.77506370220232,0.3436304268639105,0
82.18874515111914,30.180905783539277,6.236409719518782,42.36136607173267,1.6660412621148897,0
90.79346759756775,25.732185514415786,2.210554001122719,40.52573492012282,0.7668933192826496,0
99.1202687854325,25.252952996002847,6.901694671464271,43.296134481479584,0.160318090472461,0
78.71856260830822,24.263724434315602,4.842444478870475,43.296494933916215,1.426587094582178,0
85.98933787028884,13.37967192848204,4.057361391397736,44.72998981384929,2.212586392694956,1
88.38357441935959,18.4217619466957,6.426477673328639,36.2154429408357,2.6676067721271313,1
75.07421993271177,24.402702012395736,1.6358758522470884,37.59736046926105,3.634374965355814,1
85.20417167212918,26.464102834990687,5.044091072489417,35.93221272902874,1.3153917207625494,0
70.34326142657905,25.158679248552563,4.8606191290132355,43.833614617468456,0.9905997405072096,1
67.309496962606,20.43014012913737,2.129089871212414,43.58935487203512,2.3047970785867715,1
88.66746407892256,27.749625129877984,4.921276245907642,33.633785637388144,0.02690972952595721,0
81.16125258669217,29.929776115018548,4.566610358760973,41.95418906410161,2.007658603210691,1
87.0228040762122,27.75195840116536,3.642523760620132,46.86116933933937,1.0406812433030816,0
84.8210502299165,27.958397318361882,5.725635110460665,38.82333680637757,1.2061570136401043,0
75.23599951336203,21.763096808179156,2.8564914952846707,41.56986636963153,0.7027197122001527,0
84.54745698035663,28.303736490803196,4.540642491686738,43.65242851412212,0.2722707431275353,0
72.66898694985144,24.58303455731063,3.736652435089362,33.3972088030064,1.0264057750199689,1
98.909723580014,26.046222114088017,2.770606353984665,40.75994079495551,0.7369235014800306,0
71.44029655140037,25.461727371298835,5.005769370237543,46.36058094870735,6.443679068964735,1
83.04214729031419,23.514051578238355,3.584528505301697,37.03395591617926,5.748425582624825,1
74.57728411952752,20.55999009951079,1.0539870825809063,44.162330711294146,2.0651843473365457,1
90.70421173360796,23.671453345783814,0.3978677905640313,40.1358080356956,4.680601135456178,1
81.68568628718498,27.94704646993129,5.578114936166404,36.62747678933163,2.7828130340406028,1
79.8133328037879,22.234096778748363,1.5587997855463387,39.51745724592792,0.8489640450430733,1
93.53201545051554,27.573389050432585,4.558768986801212,37.36936037956884,1.852180517932803,0
85.29430591677553,26.948282682470687,4.109903787256301,35.558429791185674,0.49775256663124845,0
90.16644445935967,22.80425041192068,3.2629364460582004,38.72827613773446,2.3244352967129993,1
75.18674063482536,29.555200414478307,7.91333691443068,40.342131561930614,0.09168492681413597,0
70.95183056072493,22.577813315237176,4.359348036920892,39.169728087255656,3.559761586160259,1
86.07207962040134,30.038187450450526,5.511266965364131,38.6731320943558,1.750440693093917,0
81.81153644505268,25.73650792616389,4.569632430679618,41.129979414828,0.12043089786393389,0
91.26434672453944,23.936536326185944,3.536921153765038,42.65702987490524,4.107721715609401,1
84.20091547337451,20.448794478649386,3.961822499528117,34.2795238358013,4.202579545565827,1
87.0507533923463,23.646959079459833,6.917085531320968,38.73802065309696,3.832141346875024,1
68.76617470058757,23.18496194602232,6.1762105852008595,30.132295450030753,2.9771147076179605,1
103.88436939614257,18.966814458996378,7.903972863377201,39.18908320482898,2.2659442612871326,1
83.35758014967968,23.12953830912933,4.4432841859457675,40.752645230358105,1.0113747672495892,0
91.975869703392,20.784787279611656,2.2461258685985044,42.848900060827184,0.2931502839551064,0
76.63908329780374,26.343967075915128,3.118966111280376,40.770524032481525,0.6815336604956929,1
88.08009902217341,29.22512190291281,1.6244436164028175,42.74087822027124,0.8525925717175009,1
71.97155236475254,19.09233729481904,5.534088257750555,40.32612490834639,0.8865721808618978,1
89.52067838259671,30.84923091346769,2.828167367845504,36.62240810908763,1.6670708676393322,0
81.44025915614168,23.48579586245948,-2.1106358926390207,34.4203241580515,0.46735469526858125,1
85.29190503935567,20.099914460245945,8.927551396659862,38.68498646355735,0.42060551925813877,1
91.97974030130098,27.031019120832735,2.858797723023369,36.168618982965214,2.524353189479067,1
72.6745968877972,22.214182086979807,2.8468181490283806,39.40140442684515,0.015057642021772287,1
78.15508269387203,23.673053295874023,7.343223385320734,37.54061498256285,0.3239074383138341,0
89.57324281086765,22.382887023151685,1.583497098404969,42.09540506282024,1.1417107197876672,1
105.98221474546747,20.7330482725404,6.2732117730663335,40.24477512228617,0.322881765409697,0
83.61917665338518,26.895988129607616,2.825115113151957,42.237471681286245,6.4284011079456045,1
90.91136117923932,22.85479438842325,1.3524091108062821,42.21192361637281,2.217955357190916,0
83.9302853014152,18.253392831283016,7.411435522756273,39.10163478141785,1.133979105285539,0
104.422455947563,26.204240496863733,5.846193894125054,39.4083182753934,0.23814226249113565,0
67.52778333034745,19.177670595904978,5.8400019690300855,42.508022441606805,0.9728719357658036,1
85.94621044669358,19.386959309298966,4.735311093577549,52.22969465337062,2.1030853142641055,1
68.7445596643794,28.770424819909266,5.19820326615536,35.05434426532209,6.935585047306953,1
59.93428429463283,19.21464040315915,1.5356839505039135,40.2087574399473,1.2799233369271135,1
87.97462053117816,14.734220572290038,4.223221714489321,34.0214582638798,2.3579897077739975,1
86.3949779614746,26.49144593984598,2.1424739990983097,39.89543825221044,0.4347181208902494,0
82.15163062257798,22.78454628207548,1.2221189618738908,36.62969548172813,1.9543830656822927,1
83.93805909960247,23.129379515447535,4.8219066614160635,39.4004679447392,0.5463881310382774,0
115.98299434071258,22.7419984265992,6.316299111319089,40.77655166973929,0.44162766472555237,0
82.41824861968566,24.926679756074908,3.233262351543872,37.553044437880196,1.4235209224325136,0
90.10124361250075,20.989123032387727,3.5759742153309166,31.08120661906309,0.47566252271817766,0
78.5063518038612,29.90445949826306,1.7236987098339203,47.127678385764035,2.5554362389256826,1
87.95232575040603,18.095078078762405,4.014434292175796,44.19638489899655,5.5399551793537585,1
82.61766324944382,25.779499666708492,5.520152224776828,39.34720385544568,1.0004378233395448,0
80.89481517270269,26.568484015506336,5.583055473455546,35.52633500894719,0.7785775174782336,0
103.18898532200325,20.961392956666486,5.090352351261865,40.42512295141514,0.3868901331979892,0
96.7718496318434,19.905062218888727,2.7631376656109294,41.804944125207044,0.989892828740277,0
86.36746647399231,28.068696856680624,2.699741913145697,43.85005907879804,1.6402985704814244,0
61.95788064056033,20.03655698393314,5.590808946481866,44.311110822003926,0.9335199128678516,0
81.3899077674743,21.573344236997734,5.623997864433463,45.25338152655923,1.951424566116059,0
112.03027564405083,27.549235849838986,3.656010029136214,31.295701552525102,2.1719257515090975,1
82.69338333360292,24.138964934156096,3.147656184868629,38.47678392989428,0.20590364226325358,0
96.03217572053659,16.811425329483583,6.3344941868913995,44.96550410305814,2.3932180076214404,1
99.419424019526,30.988236578214057,3.2801026703735063,35.381841486810174,4.611530908204028,1
87.18963915855976,21.879956964880137,5.491864449047563,46.09633788590837,0.053205776661118115,0
76.58178368131848,22.38897084037433,3.726313650283803,49.05188807569138,1.6030342649475793,0
60.64687668217111,25.02313700930546,1.9049344379259998,45.9562715972958,1.8520477600820568,1
91.84163208608955,26.50030718801629,7.224624280047405,43.307952035516074,2.474475566075512,1
76.85243997176451,31.84441716516587,4.240127791462952,37.76246886318576,0.9747673054756403,0
86.76150451887692,17.359727402377214,2.578512040223833,41.40817401873936,3.4153181354642332,1
72.50179660410636,27.303808835703784,1.2183886644495918,33.269526756396886,1.5526074828492302,1
82.34762459529797,26.972038776200307,1.4199984035263329,36.09444667704122,1.051663988343726,1
85.33719054901053,23.451340356503533,3.254177191810798,36.44598258744265,2.540629070220766,1
87.68593581044298,27.14909477926489,7.850257767067185,40.309862869829736,5.244906767406226,1
73.85177812647586,27.737096070546187,2.830676242651515,38.03911367285855,3.342644119375164,1
96.96910948761352,18.47214886005198,6.89490966469241,41.30799978310032,5.337604495535875,1
79.03105215268029,30.99906602352332,3.738472662793832,44.38913412438629,0.6183147484987718,0
68.25530539546754,17.764950987447435,1.6376992177966354,36.45136228564369,0.25228998362963667,1
83.90976580036536,19.458734875044907,3.053577623099208,40.743005464685254,1.5286400679300243,0
85.3437530902646,22.952849305503616,1.4380241525251138,37.92015505091032,0.09089540501483599,1
86.6058943317176,31.699762052748227,2.2880630960722916,40.95081246828591,2.2453372862929424,1
98.6213240368508,22.766973480986454,2.228503876248165,43.430862991059094,0.5488777000011021,0
82.63551163264141,23.87226443979676,0.19239226503746742,44.60617895421106,1.2115553928930984,1
83.80380375631229,29.728314415618254,7.025592137629452,43.35152059646519,2.13168142547729,1
73.96815618766907,22.798727429738108,4.422034060444563,42.06992814464497,1.3197935213521352,1
93.20553502887897,19.286253148277297,2.627443188763796,32.898933634902356,0.538537448446173,0
86.84309064078103,22.33106065904674,4.443515492866778,34.59367035227055,4.246711959023707,1
80.79972272705838,29.483167335223108,2.3290392127158768,35.87910860099755,2.892388719918364,1
65.95325306534536,24.283459988220546,-1.3421239307395112,41.793101034037626,1.837951133487109,1
99.44412195055088,31.72263303622504,9.9133832664531,33.5449754380473,2.398237632078393,1
72.72320035543943,26.95173970504862,4.379199753354119,41.687611640839286,1.073401353889675,1
79.08721990630295,21.420764254426068,2.8219739213704704,41.322346285663244,0.9428640063111712,0
88.58344511076004,24.204305217860313,0.13217037664513365,30.321554472401576,0.34897244843088504,1
73.03442071383313,20.587127527432482,1.01170040971488,34.56198589116224,3.255117082154218,1
70.06490221746857,21.32626787740492,7.30898385910981,45.21937787428375,0.9594429746712653,1
63.76052417299335,41.91633700410303,7.003877097596934,43.48704574197457,2.3574158297406154,1
92.20996952905635,28.074498040135243,5.506430071997896,35.74803001402533,0.7131841556613654,0
79.54813755273678,27.444391956026692,1.7698459231803723,34.82569507292775,3.1791652801712953,1
114.2727009247333,21.507278738767745,7.019947975954021,27.7482665746071,0.22240713133400777,0
75.05644934369127,30.278336265124317,4.899565235888705,47.356488438606576,1.9617342372443893,1
75.78548976571079,28.397662407171747,5.309848896703069,40.20527184215523,3.296302507635706,1
79.34607029714599,31.526485157431082,4.8923418888864925,49.418620276726,2.159091899946546,1
87.43134655138489,31.332456593593797,0.9860256307477924,39.04164456513872,2.3822171863266686,1
80.2979666121469,18.083642847609912,1.603678098506225,41.41294649444793,1.4930493135041458,1
91.12332214002512,19.56064204292037,2.9795636671832764,44.45649235714298,1.6375659239395608,0
75.21411610011346,19.984848738145455,5.287279415066227,48.194213430904554,0.13632951223038645,1
71.18408281536419,20.224237426670253,1.2391358355137077,42.50510829242212,0.5775070178179692,1
67.01785260590893,25.29380945704156,3.649307170111619,40.01203608969146,2.559755782622402,1
62.76425832062803,21.73278619161673,3.646780979673898,40.139788305576815,5.816227637194682,1
79.81930980524943,32.290394163050074,5.5854793786551555,34.770821988965324,1.560815901332827,0
81.99019687606778,31.61871952832655,5.3493430712153245,38.090585665671746,2.586273591294515,1
78.68562972516817,23.97415362368384,1.9795481418957341,40.256097423075445,2.3013688501129126,1
97.43405797187162,31.82130486459916,6.893372338974603,46.90946937550881,14.785569883327941,1
97.28030209608136,29.952538508960806,1.6735203424994198,37.849784032593284,3.1695339076541025,1
81.65197012555498,22.197173763290966,6.1844788838015,45.31327322736893,1.9758276926879876,0
67.06078886808037,15.963138623897754,2.8997102033032034,39.5908099436807,0.24469533586934017,1
79.33294891944948,23.128126460157084,4.327851906866744,46.21779279791219,0.9009103225976386,0
79.00178606082939,21.42151147568611,4.4519749202086105,43.38361246986476,0.5772288953994209,0
78.42865037721941,24.82602250058332,4.395414881417591,43.04597681425676,3.8438588629978643,1
78.02281096101756,24.356913147498997,5.348998396869141,44.89413329997764,1.181805881044826,0
78.46537104275193,24.252070635596915,4.782918995867066,44.165799556429796,1.5327250523979883,0
81.1345838410224,26.094738965516658,5.567298259741077,45.31906697851912,6.69474267707962,1
78.64458901184443,19.149912211665285,4.9292399206902715,50.65881979620283,3.6241341802257874,1
87.08322508625592,25.64544111027883,1.4710894821483125,48.08447355674464,3.1195844214455195,1
88.6036871590486,22.241535387931975,4.539598149115975,42.33212117082481,0.3068144395239825,0
75.8935491281751,24.799928799454747,2.872260194989334,37.79126570648173,0.0460632513766275,0
97.71065326007033,27.82963938092876,1.781475044185433,41.83208894845413,0.2683165629766151,1
75.19937698159386,19.102400907115882,3.4203202146454004,30.369021371707387,2.696327950579241,1
68.82199386184664,22.87482538932172,4.366471198070181,44.144933062505125,1.057700178243427,1
88.80778071365052,23.525863063884543,4.499350055975569,34.69983402713195,0.24992405548411054,0
76.8259186558566,21.942924113717435,6.112049490280536,45.61240637987253,2.686619201422449,1
88.21291470757387,27.59931798453183,6.614618237943155,49.901445168453584,0.43279281124648666,0
60.9633139889947,21.118446564798113,4.672561661514711,32.74532828657546,1.7785348926373996,1
98.92455941483067,21.778398402230646,5.034212754018818,39.74847801896207,2.7060504995284194,1
91.72293408040402,21.16032346819174,4.19061806635131,34.677935736662846,1.8732962127402784,0
69.99523450836998,28.368221645755206,5.5344509272991695,31.358450180317533,10.114366312660255,1
70.21222876153715,22.03022355035113,4.9739762776741285,39.46839174398062,1.1388974685490858,1
101.72265904097527,25.840181563534223,3.8910238122843923,43.17583518549274,0.7473663565579685,0
77.62620096502042,31.9028204049203,8.3039651340086,43.77200214659522,0.44928104267969526,1
76.65815151267375,23.70072631859766,2.907633273116362,40.76962906282672,1.4014703178820547,1
62.33947905850717,28.44824272013263,6.908913913416675,31.678839716932185,3.827582228306787,1
81.49221794398446,30.685416336372512,1.2914141473461256,40.61689381226652,5.871728908698894,1
82.72280385164247,28.108766240161657,5.62723307290291,32.537259918772314,7.155024878909211,1
92.15493096769485,23.93279473608904,6.873136703453675,32.86505870971068,1.515919055867939,0
71.00921571815525,26.568431035994454,0.18556185798416047,35.0159005587172,1.8590576680664672,0
69.7971320775939,18.850485627458617,4.277901146110188,45.2490559568921,1.742346821457436,1
89.50962634776477,20.879827367400193,5.4308280824880875,42.72627672840772,1.2546154945211807,0
95.06730071227065,21.581299273472325,4.503927208256132,41.612953489413,0.3303149661749607,0
69.28847648882117,32.96244848069713,4.756311871213927,35.68692909581583,0.13539888829023589,1
95.81514086299741,20.749661942978932,4.272446324753327,38.061123082243036,1.147665376622365,0
85.37541841486822,20.690092994952682,1.811504347276816,33.14938746921469,0.4120018961159905,1
95.91805339074645,19.824316079004067,8.736091184310883,46.821506634460484,4.354580595324822,1
84.29779638482384,26.239247047723044,2.9929242733684016,50.98629003785146,2.868449327026949,1
59.777220825120494,24.57048557067553,4.86832247755781,42.78299207036563,1.9267998152755512,1
83.48032617683961,28.34703590810626,2.7063206458291456,43.65877105505181,0.09714552330391943,0
95.6014381867127,26.685038664309417,-0.551726380041397,39.205199303943154,1.9470210761149283,1
76.06253980916286,18.47844061310373,2.1509742525020625,31.90273818170818,1.9408033458947098,1
81.12035031092547,20.770888919958516,1.104786615449724,35.780176046864035,1.156822035745338,1
83.23866496449021,29.461314993103286,6.183135078448979,37.67307725533247,2.144445107465596,1
56.00486120131518,23.18680702169278,2.78626396791109,38.073719947436224,3.902653016135808,1
101.71347575437477,28.75036727207205,2.9718173216400743,36.92303185714858,2.8375264631312973,1
75.98624320102826,23.401276208338732,1.8713385747925275,40.23876654285784,1.2827579690053472,1
90.057354324728,20.129374286845916,4.188070797430205,35.74915455733992,0.6083940556209602,0
84.13298863851792,22.786956889333176,2.5670829672774387,50.83862060309814,1.29955209413651,0
97.5761905635936,20.127800817801216,5.984709462493577,33.173129925018735,5.8364626087188745,1
89.0605612242808,21.737788950390303,4.604078646178322,44.436547720112756,3.429447517385389,1
82.65075728479026,24.803702826260984,2.856348428551104,38.690726449190564,0.05482397747923796,0
76.0648490748072,26.04642036147608,5.700466103674039,42.31399047630924,3.055377179198085,1
92.97850701382139,17.63923470698281,4.015881046046476,42.540574335888124,0.3740033137831003,0
66.26558696045383,23.930527969963606,4.042993811379902,40.785216150603276,1.6931158226103884,0
91.45890420275893,21.65353705776099,1.0747301925361485,34.333146262001875,3.2851368102832312,1
74.00955248445128,21.40634076416475,3.8578277344293723,38.33980124814954,1.6478261634615254,1
97.5228366195664,24.530738476532306,4.643089278635997,40.84547636099671,1.0345619160871424,0
86.61299542662695,21.79819250924315,6.66713364439669,40.532169176420595,0.7750567845552402,0
91.44123767850108,29.528551979386698,2.4962127401933545,34.88434012608987,0.7279753497662981,0
85.8198881382472,28.75224750500424,8.556217246771023,46.45606229520783,3.6332625003854613,1
67.47622904859003,28.72731317576816,5.113736633657972,27.532132870411594,3.4865203861489658,1
76.39270836604662,22.02035921803879,0.9611762479323853,38.74937556117681,3.467471540522316,1
91.72389337611382,20.15000466032271,2.309603771828887,35.39340622407191,0.6646031266382886,0
86.66655817359845,24.32811971755246,6.841998328433638,40.91082708179596,3.208082712304043,1
96.80989905305672,23.39860653485493,6.486458285924789,45.08362928002213,0.07464550133310538,0
89.03274563037172,21.56470735030654,4.036186963121005,32.96515494411461,0.46249324040077155,0
75.3329810929734,19.297062213332154,4.299835406115704,51.76802616144222,1.445164296737808,0
77.03935862279366,23.833928122927713,1.6707794525480577,41.00924318478931,1.0442658304963661,1
86.02917390523237,22.383722198990107,6.642885480470683,41.908619950477345,0.2373154140382825,0
61.859559339998945,26.75338814815208,2.0244658264510655,32.80122832326293,0.08523149604081073,1
101.73441885622985,26.660424206085917,5.689482222246835,39.76716405833262,1.8892319418825272,1
89.41746736377557,28.40319922169087,6.704084737330276,44.85837410758946,0.7522435818863435,0
97.27034597048872,18.962817792479846,4.096311108439018,41.049607861093385,0.03218098135131703,0
69.19396059190831,25.60423323077453,5.935222732244397,40.70097786863459,1.1273793558366592,1
97.44565160355256,21.090137175065312,7.695279416051388,39.74070215660806,0.7327785689981186,0
107.31498911027748,19.11834315675566,4.5359375984214765,33.109999541682896,1.7189105594380336,0
71.79121644622683,22.28559105220516,3.6493963671361076,33.08145664468273,5.313211699783894,1
92.71401794903767,28.27481992053847,3.866294284896967,45.84663563320355,0.7359523721450211,0
85.01109944687293,22.510726585718064,2.514024194655823,44.41143352971547,11.711434022953489,1
69.55566151751756,30.26181863983645,2.4688324145262532,45.151355862336416,0.17994755163981438,1
89.9288397185187,26.195514062081333,4.884813527651406,35.8858997809769,0.18484067831888515,0
93.33603204837348,22.42363808407769,3.672100355701431,39.21216119415541,2.4962669543239824,1
78.98873447331152,28.640193715625635,4.655138353702531,46.159000930005725,2.7616730461285153,1
96.65916520255223,25.781587088457144,1.0201277002948572,33.8567233762018,1.0993796114784642,1
68.33236593210802,20.26976244621318,3.81476234962572,45.64941203776633,0.6738779615884124,1
70.05243853550355,31.43521054232206,6.060235700180927,37.06740203688054,3.159778340809559,1
86.36597395588753,25.037915292345907,1.7621514460479637,35.72383349782748,6.258022011501883,1
85.25385277972272,24.075184767941966,4.033052828269103,39.84041850096744,9.190814656551366,1
77.83426511575895,20.577869320377538,0.29078137820317806,34.41499045444102,2.012726744156124,1
93.09594435971886,28.71815307043095,1.3890759554536523,30.515532027514706,2.6950300441806445,1
90.30894314215949,26.069101709445228,5.615321775356099,40.380148433244784,3.454716109282461,1
93.58139070934016,26.516952721180964,3.381431413374101,42.67132885190694,3.2076058154690537,1
83.76863564647732,21.969874625896928,7.644145731077085,46.07645086318777,10.039040139127856,1
91.02580267978341,27.336402287640272,4.864886220848625,43.03487356585743,3.326013400684223,1
80.54349696970006,27.647254374283207,5.061191329778649,49.82698592416353,2.1728087940069725,1
105.53818690086595,21.32488704487551,1.8470359002102015,46.805374878682414,0.9439020553258906,1
76.87454229878014,18.332039441276038,3.229789246311094,43.690393758433075,1.8225397475891951,0
106.05297429458312,26.325492237355697,2.5347276359047752,42.34309412677996,4.246526904416,1
85.34887947089409,17.70661220157704,1.8691165208988285,46.150510915366155,0.7290688201703543,1
71.24489110431257,24.608063111351118,5.32778625219227,28.93488944335734,0.06226434191816062,1
98.68079350488601,22.21101958085077,5.729031731537359,37.59971479368525,0.7925614513773765,0
86.25901388394959,28.874660843155684,4.797874388334897,30.707594765196447,6.449287805115166,1
93.51124098380238,22.42862443693117,2.343865613548026,43.315488161930496,3.160414359377882,0
97.23855918542593,28.429091888015215,4.661460070194925,36.28618061294551,0.41439247845200233,0
88.37955554145026,21.943162222547894,0.17464319706868725,55.09826571169022,0.024147137989672333,1
79.07759155187185,27.999964020238444,6.64601853741608,37.4103710091461,2.211995477494171,1
94.7571337766925,32.24136617534732,1.4036996487251265,40.53181582441262,1.73028633444865,1
85.00755507454596,19.72781144653504,1.7590820351230732,37.98866732906167,0.17325631378394526,1
91.85857818608419,25.168142886923633,4.230584539140385,37.55584380928061,6.762579310109621,1
63.462694262085385,34.995129663640256,4.408319120484092,33.76739058084351,1.923586932511219,1
89.46981717009852,24.266355307611686,3.854502803096431,33.599252950295124,2.108354508305274,1
78.6141417485497,24.247153080918594,1.7797441180354068,29.102534988635075,3.8427952306763036,1
101.5330963717853,27.153995789404078,6.266695987206584,42.72731151401719,0.8221514423345463,0
91.23087347889096,24.164323456379016,0.628101597861499,37.876766167360095,1.634035849441937,1
87.39857745849297,17.17109602171779,1.0334620191031103,49.66814113021323,1.7169321800331663,1
89.86309993350221,28.529149499355754,3.7860344560910373,33.77929907966377,6.844161293718428,1
75.01559147123282,15.988206344539229,1.4715320363112245,47.381572600774724,0.28194429768882606,1
101.23256690528054,22.332833395446634,6.445250552551851,47.861296676757604,2.8451954271597595,1
104.91370418416905,28.829702996626594,1.6435707291741704,46.38521583250241,1.7120439163224095,1
88.92913510548216,22.57383028542886,7.114054304420625,41.173986552327584,3.733557048754654,1
100.90403568573639,21.225214030142382,6.0702443315431465,38.30897137390299,3.567008033252018,1
79.30851801327466,27.51705562066624,6.4701114710151675,46.38033848468642,0.024206502767562726,0
77.02886433775019,20.595540852662452,7.774211965906491,36.04268428581159,0.5926511031983204,0
85.40924748728924,19.111097121632184,4.162455848191531,41.353537977228605,0.3988963909107626,0
89.34941038367899,25.098055949973133,1.9740508083600847,39.781260269889366,1.2387180680980252,1
81.0601331875688,23.268306806349635,3.793984248462716,35.542915686519905,4.71381778004626,1
90.37768190368485,19.025307543244633,2.8666687891820746,41.39023486142152,0.010037257907784916,0
88.06389482073413,26.54781015997948,2.5816174549725552,43.70919125796506,1.3396113538106402,0
75.01693224708944,25.857950422308935,4.301706873613664,35.345858952805116,4.32205709271506,1
90.18793017451722,22.56097993357747,3.376591571584507,42.300600935579254,5.2131301428480175,1
93.63528242521521,22.834671975500214,2.495580631366007,28.854859063000934,2.14179154909218,1
86.7146931759039,25.881570968036627,3.5091952148254837,34.75422329469883,3.5410016595153224,1
96.52648103261693,28.761445679008265,5.0979569284074095,37.71327138561022,0.7833261739992017,0
72.82596206503048,22.868827159562702,5.912834413185392,41.78668618483058,0.6736311067789,1
89.67950422131852,26.61875397203258,0.7941521736180208,44.34657374817027,0.10073407250192469,1
73.29719293603225,26.260800868338396,3.3935978273429157,40.41411445581919,1.3991460566038025,1
73.85918641766912,27.517229170835904,3.717313589050591,42.83297867244998,1.2169945585593085,1
78.6906916626221,24.157236794973862,1.634959955544736,39.19709048365288,0.9301611051947437,1
75.57939816425755,20.35069794373457,3.760588533918602,42.02374071454149,0.24057405920569636,0
79.52004181258862,22.150003387200123,4.295991219080055,41.75954533314354,0.5247127419403296,0
82.85849689288811,25.37141386312659,5.037669090561981,37.45489687182872,0.4554973166827552,0
93.37154486331384,31.273857513526373,4.154316051263341,38.22310061726364,5.763679003230077,1
81.78840961294297,22.063921507214886,2.2381011800048887,43.000635861756095,6.790053160308978,1
69.14374293230408,27.219149774109596,8.024060055143693,49.060439043207005,0.006854943871903126,1
96.4006784649516,22.68777419729296,5.658253543243196,46.0340929065466,0.37397983548833724,0
76.6290986638496,24.441875023544544,5.105439489299734,34.354419719413,4.392504504668981,1
84.41279572895371,30.06158699705437,6.009662514021873,34.37209130387045,0.0781888183634271,0
89.46536506940711,27.05717032568173,4.489218343620954,37.32184325615868,5.745313649232419,1
86.99610418402783,19.034802909036173,6.57260177104391,40.49460668938797,0.9562801752813489,0
95.94179547521476,21.710099904753637,4.113743900571529,40.2412812848716,1.5473516503682694,0
89.7900314339276,29.024885377765436,4.003494920548368,46.20140138464174,2.886318897567057,1
76.38690420302892,24.567512170513982,5.270456957582407,46.47556652923387,0.5591767393251752,0
106.78562173991662,19.404639521536545,7.152715092581847,40.02832792207755,0.21221938762228443,0
86.94333463338234,20.724190220105115,7.024097230578614,38.86151711819563,3.320917222401997,1
83.52659773378494,26.813974090844688,5.185695196519991,42.583732161438,8.350208722527704,1
94.63925423055571,27.97764112487052,5.033223717153599,45.31600660025755,2.1504440852366926,1
87.49450945930072,24.071421205928697,5.392084822192972,42.76218404988774,3.488503802484677,1
88.99228192939327,33.90125520374441,5.971241826673195,37.84227098304646,5.671053381651142,1
109.92183998600687,27.296609453822555,6.597463878826485,36.938730691463384,0.5190440467579668,0
82.24878571744954,23.0260757214684,3.5268318319923004,34.44698140767138,0.8628153119640656,0
81.82239105982605,20.737175807602622,6.636122579674783,40.96743423797626,0.4944270290745601,0
86.16578512012464,20.100462781443834,4.685990228142612,43.115600491598435,0.12754967252751198,0
95.71515935581039,25.341685281921478,5.3018632449998995,43.67422596564729,2.6355958456273116,1
69.93465969809601,22.044891820346372,6.763898643067989,45.75880184877449,0.31484646605556604,1
65.34444108523495,30.6949750159337,5.494124500181357,47.401548003309664,0.1945849597180766,1
79.12884729379853,29.865247211671438,5.831991126305681,33.125171761613316,0.8851967992330664,1
68.66077040940712,26.53226618998891,3.2211629334351577,42.023812167156635,0.12493437929578713,1
80.75168652474362,19.284015308172417,6.99662308749936,42.19629744690338,0.3958248926117743,0
90.0249969612929,21.311124509790382,5.39137342215225,39.630267957909986,0.14501495426769495,0
76.09251136447736,29.022710102964403,4.252131435680996,35.85827715027861,4.195664140020339,1
70.73173423218657,21.74773520081959,6.202148773786205,47.22314917368385,3.025842284903253,1
85.69337161715347,28.488566935678097,9.175660995520998,37.05699744476283,3.925306377317395,0
93.6254348461517,25.898415692139043,1.6621509963561305,29.037155702835307,4.054929309027214,1
68.05026561483388,24.20687153925275,2.3925347541534356,40.10036142555117,5.783070876011783,1
93.20232398305984,21.188668748258237,9.370610617671769,38.8106816655712,0.4131987421841223,1
93.17306203738326,23.623024625900992,4.853389684608748,49.288486364067346,4.605351475386531,1
94.54085102156628,24.758591819499593,4.381739357263136,42.44846977096875,1.4890447552233548,0
97.18480214871687,28.130155593204485,3.76922851667567,38.47368626584384,0.3635978468172603,0
107.02013924659616,20.45705759746498,6.416872001942879,39.015724548034626,2.132910100150907,1
81.43907951380945,22.948732629895538,9.222494617620574,38.957982460811245,0.7920214505452203,1
86.09571580077858,24.17929252772914,2.669622918533309,51.085666872816915,0.0951676867138747,0
80.83561566751975,26.65071343074466,3.8062465456213324,43.37741934068922,0.16382621337372574,0
85.0197684475581,20.36614264990889,3.298545742864268,32.96419913862995,1.1023093127758121,0
100.32873355636312,18.73372082845114,5.465729953638556,38.77780025949507,3.5029657201585267,1
71.54985516069331,26.6958606068402,6.4447868753011495,39.88183775999746,0.7451086243652504,1
76.38950327834425,17.928203540213186,7.241865570666233,34.46215898267866,2.9059443708628923,1
98.77180936504561,29.139918859048674,5.53343656524056,31.08522271376455,0.11471584763127902,0
95.2003650690209,23.376295610068368,9.038665582487234,42.97781690893422,1.0008679465736325,1
81.36868353182922,17.809875670902215,2.850494033585174,35.97683502131048,0.27264829979084443,0
93.5440200112072,22.078319122386024,2.330918895134592,46.24385809279991,3.9835696643813243,1
88.41215842492034,25.516494532276948,6.938688586632418,40.04097216303917,6.880180403918735,1
100.00274609000988,21.86919564978009,4.245664639192674,37.62865589869132,0.7879103390593882,0
85.74509593826772,24.08011899529739,1.2481193531694381,27.916331749272025,8.994903845052278,1
95.25632113872582,26.960313462821148,3.3678740567251015,46.11158924813966,2.7911349293563132,1
111.4201191049262,23.19123865844952,4.511317308194548,41.467634163226506,0.00246932261566663,0
90.98099155047467,20.251769294135464,2.70750352418529,37.75902640591319,1.3282324751633574,0
85.49328165794843,22.804064010512636,1.9706786258108226,35.548543062098986,3.592747843603385,1
92.2244698522098,29.65936054583704,3.584741726948248,47.995456045156274,1.5266045166592883,0
81.34719141796116,30.740257381332736,1.8709331592765772,34.67890149663572,1.5968410686759786,0
108.87967705524733,15.9202953042309,5.270262077960464,38.15676270848674,1.187326438853035,0
86.80071037695981,28.36411163676591,0.11239030621430723,42.84872551028531,1.0051821402314987,1
82.27066679774487,25.000590864141426,4.180849855930845,47.25383320011687,0.05555809503656582,0
76.64310994979964,27.6959307164806,5.039019776216605,38.9184014648111,1.944310290443159,0
95.97220191606438,21.798046958929483,3.8189175205032475,36.32591512883729,2.91108598592883,1
93.67187412827738,16.926945961994058,6.186445794141746,39.46630395722341,3.1229899579760176,1
80.02645628585907,26.337955154589846,1.2588775315917289,44.522353314786685,1.959718859390535,1
90.76451345122423,20.236090954869134,2.597820997247771,45.646974426316014,0.8349050913262275,0
69.91444031787144,18.44683027406059,3.339930707498221,33.12420425477309,0.04573837247411367,1
86.84970575073156,18.726394470106136,5.425449138818613,40.57470060188505,4.52249377080625,1
89.52756352076695,26.403655129661338,4.4370151720922415,32.82867295519301,1.120894030939575,0
102.07329809559224,24.557809864116788,8.286731965484837,44.421085854886364,1.8384673595209675,1
77.2918119727131,27.129864087498696,2.3884282060522137,42.11191950291576,0.43272338831795,0
72.21647371197676,26.67630101798546,1.2100222028386973,35.39407184524635,0.3061991400339667,1
76.04572039074958,22.316265741664935,7.5781779658661215,47.67072785025582,0.18163952186302992,0
71.6343149968508,23.718105704490178,1.1382828321352343,41.67506740003694,3.206565838835986,1
98.36657357758983,21.954249884869842,5.36612542279809,41.125962402333144,2.0795213267841284,1
100.48639295024037,23.158688908538036,2.0426599159560617,39.1044425882702,1.941278741042311,0
88.20216577948828,20.130981048075736,-0.138636701695372,39.95981032832672,5.03645737106771,1
97.21294945685148,25.56193717549734,3.250432412373536,38.09258749288606,0.3456430250317627,0
86.33958380580235,28.300482995927027,5.79899992495432,36.29395751891873,0.3733083022290667,0
84.04888352299234,20.733547880716053,1.5564578230538526,46.14565293802697,0.420131750064296,1
81.66962380946238,29.125078581605372,5.152189456289662,37.53628705167159,1.101106955906771,0
81.89609008622435,24.454085985911767,5.525727122372904,37.367959811341386,4.146469447965424,1
69.52198443690969,24.964315905623252,1.456619716961392,39.35352954925559,4.265247993515323,1
87.64254763607339,17.202281921569927,3.544477422575259,47.12257240427404,1.7860653029636224,0
84.59666089785956,16.770950761737062,7.154149644654328,45.655829468486566,2.1467249184898316,1
92.45360724077875,24.57646545111873,5.301185239927486,38.02575815216257,4.560910422591469,1
85.9352349643861,27.15892849852803,3.4770150708479592,46.133927127793385,1.9574972671443043,0
83.37296298430908,21.31447822542019,4.830590962507839,40.540600852141694,0.5222092786287519,0
76.2880696999237,30.680375602332358,2.6294733830591044,35.782873659959826,2.4409773425374506,1
85.72153236821761,26.939743897017262,6.22739135677005,37.619353259982965,2.938402375257993,1
92.38237230816162,20.36663499316806,6.226520129204278,46.86626934641864,2.01760508920645,1
73.5666100891614,24.12339466821403,4.241811830172109,50.41422631784556,0.6392248287319492,1
85.87473753680739,33.90771653489365,4.461412312915387,41.59908379376601,1.0213774315884296,0
87.33042951529484,19.02974398880118,2.002406249988655,37.16731419158491,1.2719932957231261,0
77.81935216381736,26.113079755660422,1.2959271458643413,39.375412661630264,0.31400579610130236,1
79.12143695092,22.70902178910663,3.2467905121169385,36.1877790903054,1.2037749473862105,0
87.30610848766214,26.827585163674048,3.825196580617644,36.91618310538375,0.3515598162109821,0
73.66578981707377,29.069094585273525,6.125254994775977,36.4247610110159,1.3841025388713637,1
88.49923715249392,22.45505164515453,5.844855501236621,39.60328126250671,0.10429417764374811,0
76.046456263408,28.475649086828696,4.369665776718186,40.603405182289634,5.933570305487365,1
95.62853693033216,32.88481357708784,6.381077968745574,39.259194296591055,0.5656407905448236,0
108.378277453883,24.265098949376938,2.1130276423711933,38.893385327392146,1.2585214058791374,0
76.3924319829818,27.139554749976742,6.1546737745567395,43.80245811752847,0.06660107126269715,0
90.34207862374674,21.6382369191869,2.419142571301065,38.85395537537276,0.42817318483677674,0
77.73258095117981,24.07703723612485,6.479389060128485,39.17492094683133,2.3634117379669752,1
95.40954173797789,23.29329962916703,3.9733070704600375,39.11719864486947,0.23711803036378198,0
72.34741590914786,27.187743702634382,0.003426646924525212,47.716438664756346,1.978524950905445,1
89.80586758427712,28.8187037430277,5.460314328062884,37.543926875871264,0.0041420690932896485,0
76.27011033110648,23.561380603530164,5.61909151900156,42.98148053470767,1.2510119272636449,0
82.93015410901631,30.134491382931692,3.086839891022836,36.258111530312696,2.55555188698218,1
74.68974724852693,30.120189766246515,3.2574808432119666,41.749724157126316,5.215311289540737,1
93.22350470895753,27.387414972719604,3.6809094402307925,42.73116595894169,1.357842407012433,0
76.63019645560414,21.935893873113088,0.14969637474745712,45.4212964340137,3.6718298990196856,1
90.51964259331828,21.55268473304039,-0.729456346190287,38.078659153537174,3.2449587144109477,1
81.55901971737667,20.750474581239846,6.603251276260778,34.430187175874096,0.7013027501282789,0
83.85527628201137,27.796664280952644,2.351864665178846,36.080073383697126,4.154625600703378,1
86.47755907400129,19.152927170042542,7.710528219152728,44.822707865683356,2.0448752233218737,1
77.38175328341151,26.707350616444028,6.740803602277828,50.408758062433364,0.22004193539645509,0
87.10367113540887,19.675562608703547,7.134390628539478,44.1722670600636,5.5974645021453595,1
100.3033456435441,27.294184479367892,2.6994020950656905,33.689302851058244,0.38881274956778217,0
77.21905214167286,24.068878330922242,0.783197626138838,44.00326440556419,1.2711190741571072,1
96.71810143273845,29.33455424743931,1.8262353868112902,35.281044544892296,1.2560878336331303,1
99.98097633487784,28.565818313285085,3.107090545694177,38.2542869143438,1.962920894430584,0
76.83845010971956,29.740261648008445,-0.74645946570128,40.93615538432647,2.1869913956162184,1
70.44945394909448,29.843274873156453,3.049148621751666,41.776844277354826,0.5302966297443581,1
88.01960900171764,24.57452333595279,3.5966439449777785,40.32721047335608,0.8690953370611882,1
79.52592477233127,19.36482773430158,1.4111580568266109,36.99443926475206,0.312349264079935,1
103.68603219163002,19.789907780010488,1.919029803508335,45.29979132337167,0.26938581166734926,1
85.34807540499833,15.65260588273625,3.5588029576383966,37.3621679755137,3.486708532507707,1
76.97800591964821,19.665336666287626,4.712573096620603,46.27256372680995,2.7783677862154237,1
73.52840488988289,24.275294630818596,2.218354663999511,33.203100546051665,1.16924390763796,1
95.8990495909083,21.761383276699352,4.584505219152539,41.07765170972211,0.20165114778676582,0
79.28816025915813,23.279457582360596,4.27369201597571,33.86924518384234,1.1953894521904729,0
85.43828799460428,25.970861677845605,4.093771718036781,35.82958684003682,0.6975714168979892,0
94.55802745112481,22.78373896773697,2.6959717522868463,37.43493895533291,3.0094281826941063,1
80.1574164806917,19.512684798349664,1.3332408079292346,47.603027273654874,0.2032667943210566,1
84.5407117125984,23.787065329746273,7.39290395980148,46.54012333051163,1.2006567624092799,0
84.8343159017748,20.40603805290862,5.260611832914852,44.37124381278598,1.7899737758468666,0
91.83324511516092,22.916854012083746,6.011463306121476,40.166428751084325,8.498526523629838,1
90.90744335510325,29.371107857692014,3.8327406303221556,40.940294746856715,0.18776029419989632,0
82.79886268745172,22.9179787836153,3.671949115479724,46.33239580915678,0.24198743113037263,0
85.63649061496518,31.083830213390982,4.981319361450775,43.50652643103399,8.85390745660795,0
81.28220988476511,29.72654394775188,0.3306232990955089,40.09004211685378,1.040490211114022,1
70.22387593080555,21.68277876568383,1.7707130612937108,47.433357900081404,2.7229249384929592,1
87.5760085739813,19.5555049343369,2.404450243943254,44.072647680817575,3.0601020625288795,1
103.92191760833067,23.789783352319226,3.0908671549164755,41.21209932919509,0.755386898507829,0
76.16280859308937,28.613311053587555,2.2406086410596915,37.70511609875759,0.4823610043697889,0
77.26970290397297,22.039236375085245,4.665614250501493,37.25378873353493,0.646179722909141,0
76.29272228356258,27.632361193048556,4.162894468925671,38.3191232239986,2.891183840571475,1
92.24591778723122,28.833759956544352,6.7857293795027545,42.284954428809925,3.671165062716789,1
89.4848545419644,20.903897398549578,8.947518314225125,44.17891407966403,2.4046479099928244,1
83.41462307583544,21.29579564684565,1.474299519703134,32.77854077224482,1.1640259803246995,1
75.81980938361035,26.850648128508027,4.294610427936891,30.267006611743852,0.6091504750649633,0
85.92376791639924,24.607390198566282,4.291051756413949,35.242550967039335,1.107636898776604,0
69.35377872664196,21.255753893825286,3.971603860470675,37.96161693312327,4.919100584417862,1
86.43426566857494,22.59127820752165,1.8303508580689969,45.97973600328097,3.978405369658105,0
93.71524386087934,23.717921789090322,2.1656051087148995,38.59790916008406,0.7812797166801002,0
72.48800863366321,17.740582300178158,4.480811223832238,41.27386674485946,0.7948177420263881,1
69.67481723170336,27.06257242593078,2.109299853385527,42.08952255993836,3.028019568071342,1
100.7943789169486,22.085231244243236,4.3185439443340154,34.8821456991449,1.112252949397049,0
78.88240360495415,12.865135104807605,3.5081004309087898,47.29944415939135,1.700644631865909,0
96.35947845943822,23.90451612676219,4.283315806242564,36.675970570100404,1.0974625705513894,0
83.46002334802168,21.033714964425968,2.093399059131132,47.7989572798314,0.5550379702779255,0
83.38045183058672,30.755288769210708,4.314938484669073,39.369119992681426,0.4186138628964271,0
89.38412699496645,21.658219916320128,2.2380948330468193,38.31248351193447,0.3005802945753209,0
76.1600114325356,19.609426545685558,4.3213912173138365,34.44605408171849,0.0229770430218778,0
86.32497143495645,26.031730679848064,6.678792244878315,40.986426455992905,0.6587212471567335,0
81.18510585175908,21.358210527969668,4.521967700032141,51.271911970179694,0.37605623330353916,0
71.79506556594968,20.88217519499107,4.643740764766115,42.06794145201001,0.5966784553261144,1
88.374820747264,26.038005531297625,5.634413034995096,41.35218435974452,0.15766223780376637,0
82.36692193122084,19.838130768441737,1.1928833110534742,36.666981871054205,0.8357618213500081,1
83.42975171555292,18.170905367202188,7.437843147446024,42.9599187430589,1.4677658147179131,0
72.89839056585842,30.903992008377347,1.88882001477526,40.788089035614746,5.785319685013131,1
100.91400367762805,26.31799495040258,5.759321994737874,39.685827626292635,0.8525767207933589,0
93.76714186386116,22.94316286002254,5.493819974512646,42.473973921642546,0.06302876337607663,0
94.64155884171979,23.986091161192256,2.195667276990479,30.920770105900537,0.8999765851020352,0
81.94555297558318,26.023457432464625,6.017772273533525,39.49737753802411,3.3989909846758373,1
67.7081711049658,27.893349798453684,4.995625532826618,34.01486077440648,0.8314772001174829,1
104.52917382489511,20.976098834739954,7.779957288804515,40.14449249159971,0.6898616977078804,0
84.38902491994132,25.46458610386273,4.3867575026825865,36.37900312183323,5.026492279678819,1
77.51200203979946,21.973183295159046,3.782913336954805,36.720800747193984,0.7054491657837608,0
89.16801574483114,23.244075021949502,2.970474944163591,33.332793586071496,7.030637921907681,1
96.67120788003297,24.642771469859618,0.5132894572976534,45.578324856234104,3.5751652937856977,1
84.76949443914533,23.973285707789312,3.3635448704976807,36.61126750866061,2.3056085222703637,1
97.78575167939374,26.94226759321029,3.4482032114822463,36.87880688183123,1.8242302906290602,0
95.82999938516869,25.948346236462378,4.524116365114869,47.65307535586209,0.5092183335835865,0
74.23618812597942,17.96732316251129,1.1537937782350687,42.839787163832916,2.6216202032979994,1
78.26209894340523,18.568707171738232,3.521975577626242,29.82680380994009,0.8527794067092522,0
94.57537163279767,22.521133260962827,5.1525027840442315,46.92680085860908,1.329672138618793,0
57.873874361895616,31.3145010497673,5.351019350985034,48.23945320849651,0.21978326928706285,1
83.50544306835012,20.59363266999359,0.28036964772534567,47.77188044128174,0.7023917059067009,1
70.69168798375328,23.16710916154899,5.412813217306448,43.34094621505565,1.5063017290188954,0
80.23446198566475,21.85461589217391,3.506852173757016,34.49145120034494,1.2623788995312895,0
82.01179910970797,21.78382246364768,3.629978245002892,39.75387246325904,0.8417052473510589,0
81.41755622092492,24.71295897562022,-0.7290307397116758,32.7577734880848,1.2770526867747949,1
79.47738747887391,29.603109104782604,6.987142325115759,35.66991972248965,2.7324042111816262,1
74.02856350371187,25.823873599522358,4.35359777002259,34.445566380186364,1.2298759270120256,1
107.91911266818687,20.785876154291632,0.937079146954586,36.8648477240524,1.411073112699507,0
103.67462004161351,35.01291804321283,4.750403149832933,40.81976945105731,2.415600781799763,0
73.37934179743718,24.3142928838445,4.688956881694049,37.77544025417244,3.685450516562196,1
100.82116751303568,21.691116174471546,6.445088305865978,37.56069122355011,1.4967438717597215,0
81.00534509527147,29.648385498710358,3.3806224614182443,38.545527776382656,5.9197889783645445,1
86.2918747333171,22.123717528224727,4.023992137877173,47.49736339775941,0.8722015803416103,0
84.36726040103085,30.65165461994977,2.7143843995241843,50.818777511754014,0.582189060237573,0
78.40251358746035,20.517428836133334,5.195897227985476,37.74651910090405,2.3624006090106153,1
94.83852343606146,29.720121555685477,2.433019316649901,41.680371012484784,0.38656215502916114,0
86.25886530576658,24.804190657126778,2.21401896583954,35.79361018721677,4.604527339242401,1
80.23448576780758,29.164208930809735,3.8644049244401586,43.83825652428254,0.97739187920653,0
71.95410556199528,31.60706283480618,1.5482724573923425,37.617749690361286,2.3956412342856472,1
76.0640498628088,19.469570837914986,7.2042624370784685,36.444475684551016,1.688793915772602,0
68.58619884397903,29.10308728303329,7.85453345548375,50.00793632907848,0.1118519307631727,1
85.1222354841517,18.364384382298383,3.092819829156369,33.21965378504197,2.469405040750384,1
73.03334407715604,19.811262579007085,1.2268099868856694,27.73586322656013,3.12134054659636,1
82.34439487481458,20.78636216083025,4.673184077804123,43.674151230745004,8.087960509185832,1
98.7010185361037,26.014546544711443,3.035794964062152,38.161857945234296,1.076145853925866,0
96.99299572921586,24.13206350773944,6.3493622650560635,36.77001710373039,1.3980551442616822,0
84.67723105897382,23.331455663348656,2.425706808940193,53.65829500220322,4.156761595119542,1
84.12915273856851,24.584941116089443,5.089026444856885,43.65113286291348,0.6272235554321856,0
103.79874549421008,26.36515835717389,4.227987178783386,39.70742951247262,0.41932622598648595,0
90.20756120358712,26.67299249576541,2.64747697877318,36.46034180136151,0.28522563261224737,0
81.72193540123477,28.376667342460525,4.480099656983883,42.22893924415843,7.656486564396824,1
70.73981882879548,31.28013925106976,5.757065116949699,31.33573685402825,0.6304059388906613,1
88.93873218164744,23.914550510234093,4.173697038110793,37.41949280514099,2.8326372219175857,1
93.29323772582862,21.915644151476336,4.194569330252517,39.81450515101102,1.1944640202490462,0
78.68348475486356,26.454144516740755,2.2544331442926504,41.06745915848468,0.5503884088104068,0
87.91202755138032,19.422980734941518,6.288409595808272,39.28784331602945,4.891382633459299,1
81.3642670508497,21.285183471553555,6.089093156286367,36.53394378135552,1.2465240876943484,0
83.15967600800997,27.99752378557116,3.178881622627007,44.60331072830769,1.6692159418889705,0
60.12177942437668,23.503486500729185,3.751423081034009,31.741732179004387,0.5033265072885778,1
82.78218596283864,19.167230166567844,6.828441345380654,38.61038063992453,0.7835750858386739,0
94.69369302408055,18.040787738539304,1.7328583579050894,37.41034718839506,2.7541741880153165,1
78.68597444433442,24.19486671757523,5.208576782717563,45.05921550021333,0.8402788198980043,0
85.52526368215317,28.56758614787204,2.8827724537377435,37.70558452835318,1.4102717169266914,0
77.44049293308079,28.514183110124748,7.5561557535032815,42.18831778388655,0.24287924932975324,0
88.60441676292773,24.44352201157135,4.126893457330674,41.66523398079706,3.7951263215268565,1
82.83476802463827,32.03563767638451,6.520757036280084,30.8244082894644,2.675630444206807,1
75.60758459317994,23.580718536238148,2.477345303077743,39.67176307545187,2.8604494799247617,1
98.32551467665128,23.445729506410355,1.5029426353514643,31.286320891126238,0.39248042217773393,1
94.28932013532216,13.730256361044,3.531481085597776,41.75642609227116,1.3670122218343053,0
78.95093236071826,22.21054820335514,4.525366915893673,36.34839233011415,0.05585530062135051,0
89.97788309417777,27.408060139633978,2.978536635967173,45.933347884246984,0.7569329795144879,0
90.3741200282038,30.255845347438814,5.516614852549934,39.09615950061019,0.8554813146605266,0
91.42301235011176,20.67906146533086,3.580092864379141,36.14971848897882,4.899623646748362,1
68.05744104004923,25.849009317172193,-0.1628743235332113,45.999294330974585,9.862576129729433,1
95.06606541032627,28.18751612929315,5.105623958386001,35.64054917645824,1.9233394246405575,0
79.30301037074268,24.044832612783598,2.234925881705685,44.4734753067382,1.4545199272384965,0
81.42172066558733,14.866878169891079,3.276805236646963,42.33764337009067,1.1599546381281443,0
111.37881752260199,24.98915999829701,7.106262407078711,38.17284188700198,0.03693136707303396,0
88.01873380721011,27.045722496243574,7.54562344824218,33.32011097243179,3.2200416270044583,1
81.13677524552824,20.210308419926164,2.8490131298143773,46.20831270908671,2.228421696881632,1
62.94705627244094,22.983381876502452,5.1555732612636795,42.5023202867968,2.0955669803865886,1
98.89764133946356,19.378015831484944,2.8954510191547107,36.140259896199154,3.3114180888958678,1
71.54790329191397,13.71940980567859,3.426254042202794,41.22302842297295,5.263684486807049,1
74.96561096500497,28.108017647150625,2.7884491702028944,45.03080949366243,0.987052315306262,1
81.6864770091215,23.985005864792594,0.5513126392070307,40.56009397098444,1.1116560798913369,1
99.16411791700293,30.390699986819932,4.1901104474674185,41.191994163265484,7.38890914560154,1
92.73239986665759,27.42928876762471,4.576330773892334,45.16001871902014,2.183818713406686,1
83.4216249015974,22.583160953338204,2.6579965093777234,47.68631387151588,3.812335864854297,1
88.08292063638821,23.667277359582364,6.175583422874218,39.402004125191,0.5009512310608385,0
78.99614307128894,26.26470956308069,3.127839565809561,33.31278567335795,0.762741029555112,0
86.39653689565351,27.867533667022975,2.7255763502819703,33.48711843211977,0.9938626206841957,0
85.73336744778136,25.290682522968044,5.053006236216213,36.54503593580054,0.7623249853606288,0
94.68769895681353,28.422372581157937,0.9146360200549419,35.32554236790508,4.312593580308812,1
94.67178122438949,22.813325053302115,5.8133580634056115,31.58765551949658,1.4328733589724068,0
89.93977382205645,20.011425812857254,3.1956616852112742,49.23912501565774,6.142943110645472,1
81.37652442453897,23.740762985755477,5.978572152788179,42.64049631138167,0.7752182904777911,0
92.41822294390127,24.820739562944734,6.576261051658312,37.38101201582504,0.07591185760858099,0
84.08031533796954,19.193858421042854,5.280306884714283,39.837415788040104,0.29714252677985364,0
74.18085631286867,18.65311166341351,2.3760534145433776,31.06800456248279,0.4894250785824154,1
80.96712208089062,25.78954518589371,1.4983365870311909,45.78660948954371,2.0431341731676924,1
85.84526983784325,22.374572594518305,1.1318546733295278,30.251948042281423,0.39955704571939105,1
94.10215783664745,23.33663637735199,6.205821403402622,42.550138908221314,0.9609114013223119,0
83.16471827842847,22.561229337196707,3.730399775599633,30.807889226258496,3.1732680587468876,1
72.90801288760395,30.082403607052846,2.8015564109383027,37.9299595244037,0.2665120385220443,1
85.56741683296819,29.04704464158,3.7358356969222166,46.21344436135446,0.16780726925725897,0
86.13456040056552,19.05058523984333,6.161242417908336,31.830239541791155,1.5529281471488252,0
86.85837628902753,21.86882714767821,5.5574795707191,39.2564554989068,2.395113657002031,1
94.1987151595443,27.400017071878374,4.877012311417709,43.138853378635936,4.837186146604138,1
95.18923240089899,26.40774494841297,5.27577211485281,42.32084750172193,2.1692807419576403,1
79.05789127618334,23.834168150680856,4.360344710993898,40.350929998891814,5.844178565024417,1
78.83856541951056,19.44959918014306,4.6042261145928505,42.47881756169099,0.5608199380133339,0
74.59801289044526,21.26983981538582,4.4420504623020935,36.945880221978555,0.8365575117425152,1
91.98815670280476,21.93292972981484,3.9998775087448926,49.66397927666499,3.656552469649573,1
99.48820108337715,25.1079773244764,5.506747767662564,31.946910735540825,3.33258613740908,1
81.84918072091077,30.81490861878895,4.72256421240079,45.81035372164387,2.1865950292886747,1
82.58569435275007,21.252479060847488,2.2385699377860844,40.94747268391758,1.41053793037451,0
99.66782556898976,19.895859009779038,5.057748771045307,43.08554615682175,0.03574023304611137,0
90.05557853215008,23.565654092688227,4.494494132758609,43.9727300879187,0.6582417293158043,0
89.36235704801055,28.126955922056236,5.222826937830198,42.77814301731622,0.34475236605953363,0
73.09083494026274,18.212468132957188,3.791586172769943,35.944891197205145,0.1050614177568654,1
91.78728069279418,29.81453660349979,5.623480627534316,38.56865155255609,2.9929303599083283,1
75.70863659490242,23.311874551537322,3.877182898267686,32.74205166470584,0.2815427396850182,0
73.65979814065042,21.062719990746505,5.447759373201089,38.507521369942886,0.8845057919320272,1
81.53228423233288,17.599242852951363,3.0870569680989783,41.61259497404221,7.5846504937751975,1
79.14207276551309,26.82608309368251,3.225491891802095,43.035641376783516,1.0523977965607982,0
82.7840030561496,23.31531521903386,5.204105046420249,41.95717172497131,0.30515208195867916,0
70.59018365475082,24.682821931018026,3.3364532125105115,31.224551292849327,2.3408334951155827,1
94.58816306467672,20.396753035954546,8.411565389496323,37.18913033789636,3.3208489076349808,0
96.27686294516428,22.723615862995906,5.132889973558053,36.68875255316236,0.6546503494777295,0
65.52657525859186,22.05367501458105,4.049846972308401,33.44916033378321,3.3146425632379044,1
94.78457805666551,23.59762757848717,5.639801553517699,35.8203329944812,0.633593176392607,0
76.89471370178373,21.32179069449676,3.0386391800469665,40.00639590184755,2.3625437828021356,1
93.56975536982786,17.863276157251114,5.846029638466035,47.06894260389214,0.26661396599755643,0
84.31553507333584,34.913998981186424,5.790470433327065,35.23467835395502,1.1166136107442695,0
85.28775564080999,18.546383010649944,6.5070681155591,34.35567782497151,1.469997514692822,0
83.14902350578781,24.725836027770157,3.1183809373028453,37.00263778177723,2.5840318074372814,1
97.12129204233486,16.911888686303833,1.5545334917245102,41.68733193543056,2.0998224848108467,1
72.60411987474971,16.0118102535281,2.7796907215949034,46.118539451792714,3.839314776730692,1
91.07840338735008,24.39130596740907,3.436738968054506,39.56745546155015,0.4073953770459225,0
96.0133016488955,24.697470351073214,7.33442320170351,32.770606270239945,2.1649654384276693,1
92.16340080540411,29.045995963209535,8.390024058255499,33.83458585859975,0.2733586324414354,1
108.24698914323417,25.598187364062824,4.689324609287965,40.94140694329972,1.3004816169757947,0
79.71053237275301,23.400757125016835,4.0187812160371985,44.97627197338028,1.487018787205239,0
94.57304822593531,20.201599023739984,3.3001843390515777,49.07870962420641,0.05528393326687961,0
83.9390936465858,29.996048272934196,5.649380700421734,34.087995825486324,0.1459086210132409,0
97.3340607635267,27.715404984200894,8.377162783983035,40.698871906421594,3.656081215230829,1
84.9231100427863,19.0146820890063,7.571701782376543,34.850774813774,0.6759541392723164,0
81.12124218137531,24.15185491284254,6.275953225211667,35.50686662207687,0.8497397873235563,0
98.06072203871629,24.576208926105988,6.246605062227713,35.083441338625796,2.045560585485543,0
80.0843806098107,22.617385373577324,5.664619772508229,38.32869417612733,0.49875593415221064,0
70.87274241099443,27.087401943227178,3.9054187085829306,35.58860457013765,0.4285226886293444,1
79.83153116826172,27.32693255339271,2.5269035549184085,52.39423028466734,1.0947753175093913,0
91.19032946588533,23.238057208779576,3.9583718213441172,37.70162108357164,0.12161725105958593,0
98.92038751587091,22.876523016809365,4.8446792042627065,44.938890554297465,4.977112613115027,1
86.11129375296512,29.995833850670127,1.0927322025634099,36.702361626826004,5.630454446185882,1
98.18197067234026,27.731355569448947,3.694098541267582,51.16620264934114,1.189139830527075,0
71.41825078522406,24.289441559633538,2.348135290817453,41.69532490709415,0.4695200288777738,1
80.56736535182097,17.483163843679787,6.0276823221362825,44.18465864764011,1.271926002760482,0
82.11424882845898,25.376000425220145,2.9005831956865786,37.04461245197031,0.2105725700011087,0
83.8544057252748,26.792333859670673,4.656440663961975,44.88220302551188,1.0143224135144764,0
85.84094388250196,12.981913486406508,2.599959414128847,41.67444512908959,0.1530398620411749,0
91.90910957392192,25.007477793272102,7.195398651921831,38.10511227062398,2.449478575629225,1
80.5519316182951,22.33323205281706,0.5984861269308288,34.600542817851846,0.6451366316530474,1
86.39028686953125,23.116582879481793,4.951680753687933,38.81228244515213,1.4706880863912526,0
84.54877109675948,20.370476188946718,1.4454846631201352,38.38428260688766,0.027263686228966154,1
75.7411009610885,23.407242838385432,2.981334699030298,44.34514138293213,1.4873508507219853,0
83.86333310918565,29.567966304725324,4.412373407369009,38.838755672011686,0.00654657826499272,0
83.56340470102882,22.21440600473794,4.510714062633675,30.392281483577573,5.185665579855809,1
83.34919434996954,27.862294235172733,4.458533682190826,43.23090024251591,1.3909313066821591,0
85.3175945658145,20.774675124481558,4.303498281951001,46.46583290969146,0.21086880525908677,0
85.75673540613386,27.035024770624155,2.716311476253115,31.669662574857796,0.8342297665394287,0
80.67704820892669,24.006623422487806,3.671893353822378,49.02365306698027,0.09432396096535917,0
97.72714733971264,25.408099315157123,4.06326803235783,46.983259015766755,1.5138591552503486,0
73.30519370796983,24.02861302438995,4.390720793517765,36.84559667433514,0.2609993364174394,1
77.79029891530104,26.566500929764835,3.868639054386023,34.41420196591177,1.281517552277437,0
112.79963624223555,13.729659528264968,5.459180841968909,45.264887284626084,0.7291489371268156,0
74.6200864501077,18.32069874616972,4.186773940301885,33.15175410230966,2.867471451574083,1
71.4624532529024,25.668321992034578,4.402651935243227,36.65829710891297,1.3165459639697874,1
92.34476745001218,15.825846584415057,3.2346953033769656,33.42435129246857,3.7701890410473378,1
64.22880146226126,21.877678577411164,1.8951161467711555,40.02953904740453,5.672280126656828,1
82.64726090027561,23.7826366358534,4.308057861464941,47.32592571686064,6.981688561270399,1
106.45824925076488,20.687439449548414,6.414892087925876,41.87458417175664,0.6027409384069256,1
69.55064077846599,21.233754389224906,4.887722461460826,45.090372493614126,2.9183210769615964,1
65.18035514261287,25.086328800614368,2.3650121175704166,38.24098762232658,1.1529012753381578,1
70.00818798042302,28.03717982311924,5.629480051637207,40.48651414680923,1.1108551885433258,0
93.98359568346986,20.166202474980768,3.329765864412087,33.86781117675235,4.053400888217863,1
96.24776719985812,21.699767215250517,5.429307960960575,39.51557035730842,0.31487291840104964,0
79.87411203021492,21.074956106691822,3.2624082702076778,36.27014945171729,1.2994487247823483,0
91.83212404001068,14.314480992490886,4.706612879654739,39.198648508118644,1.7973105087436134,0
98.9025532751199,24.566847161270037,2.963005326751307,38.85493963691015,0.13682199678178192,0
102.87346414429825,27.73887098331397,3.013895007059331,38.427800609929925,3.9977776824109545,1
82.53664718820151,28.066572829263528,0.8674692658085208,50.53778499965087,0.7547442011614477,1
61.98528282330013,20.516934494237045,5.02414963832232,48.83772326355963,2.1389983212707167,1
76.79121077590314,18.99320780591943,4.740339269640674,47.08071190770871,5.264401822006271,1
80.73195805064742,24.08642219036674,4.8528854325218855,48.97529483748629,2.544180113561129,1
82.4106120342161,27.31709474626587,4.550661122263622,47.096513246389335,4.343298490056608,1
83.1214059899128,24.619401793241536,2.475499933353394,39.88811332944913,0.14416244724719657,0
96.1889459793067,25.157218543495045,5.93179852898716,39.37545197480406,1.3574421739866638,0
97.74428426687581,28.567323710944933,5.98555860018454,41.1770012526029,1.6640468087503228,0
83.28326346075217,21.043453763077185,2.423525069658835,38.94657540642294,2.3361747854691903,1
95.98484876051819,23.12011965330788,5.064247982699916,34.79977309283774,0.24853912693742095,0
88.57661366631089,30.538422047044804,5.749982370735954,41.48302627773507,2.138821353166084,1
85.64505972862571,23.212755507609494,3.059803453312557,32.169394582233345,0.31563306709388655,0
94.06544157109964,18.930652136133716,3.407928621511296,40.6882082022818,0.14001421532836958,0
85.72252048237915,21.322575614998822,5.0682268164235715,35.026135574619275,1.2671891666603294,0
105.57811177097761,20.24728059511503,0.9793404611713976,39.5948056481465,1.8344587746554117,1
70.61588833205441,25.42865034280508,1.822965556932,40.95601721269568,6.3457805006418955,1
79.84829100907982,20.416211985644885,2.020449984260877,38.23573264298591,2.398802721195107,1
83.73481103046049,25.08413701144498,0.4073672703490092,31.797445685646725,1.789991973372454,1
89.3945269045799,21.055739125837402,6.169879548374961,34.05990583275241,0.4830348967492332,0
97.67960487103089,15.506485846407088,0.023736371616665863,42.29121810840025,0.32985392783171175,1
84.75601432763844,25.226479147927687,4.686221326862732,37.21278903076556,1.8692822746357656,0
70.77770350493793,24.593854726187555,5.62336678951044,42.80424876392198,0.5044986886977646,1
93.42513896455004,26.071031262835362,3.4128080911734653,40.048506458157846,2.4524715385520186,0
92.54958766141965,21.308051123338974,2.66326475053751,39.01084054444761,0.2431539036151413,0
65.58141340620594,20.881822098562495,4.465684901473279,41.73821794060764,0.829927626867052,1
84.96195866329201,25.605867433926182,4.003666001188963,36.62551464052596,2.9663751047399254,1
69.09858169319702,30.076078290123924,6.007009724832831,42.00197459036542,3.5561519915245845,1
78.35348902497938,24.04467203802531,-1.2570422807959147,37.9024645875982,0.846975408259313,1
75.971910730372,25.69834038418858,2.162585047703744,52.68142779519718,0.46315788425400883,0
93.09264698241986,22.71364926229717,5.123153767832111,34.33032191431958,6.349711236054684,1
86.16830174172183,17.82547791250526,4.100894885548921,38.21375684967978,2.863219489495657,1
72.14408999243972,27.869717676616233,5.504068318393735,38.41546501523723,3.2907446560711144,1
93.80065962957342,27.633656956344648,4.524039952479324,33.24067219469565,0.5039907055254503,0
70.66194176071585,26.843096100700777,3.7305258735173745,43.62906294549263,1.104818900270641,1
88.30113790470944,23.272218246630324,3.3954231138129916,37.85637959459709,0.14129289987618507,0
76.85989330708445,26.38822439895416,8.650110031751172,28.101108891624328,0.2317186228964034,0
81.3432291746948,27.575047189551324,7.069892548063022,43.47564285772667,0.49938331817498594,1
90.04270748038384,30.48063473982683,4.991010196190444,36.81915609323572,0.7226131091506509,0
90.21449399059529,27.95410441858977,4.156927786896829,39.47549288540117,11.745446026874356,1
98.3696907355596,24.255284900134555,5.076265098706869,43.384112899279295,1.0966692979967652,0
84.17746300328547,18.766986978302512,5.653669435745816,38.17646707488943,2.3938340627715897,0
88.06450862963341,24.622633190686965,4.837653371409019,38.13551680296707,4.696152122386108,1
80.62262677595675,25.026309583397232,2.4972397532268835,52.32350992161082,0.5648765751046749,0
86.81989882622797,26.836119101273216,7.569021535449021,29.231271259325382,0.3126578895783201,0
89.39486048008511,29.415567437293703,4.492416455508038,33.570172566852776,0.5574663272793764,0
84.01690152545623,23.619397951772882,8.027860060779629,34.539695325372776,4.281301347698167,1
66.96249515907503,32.403948759252444,4.374294973754668,48.94511370454505,2.1913494205393347,1
88.31470896330896,16.96285191983769,3.508693295748932,36.77693346978975,1.2005348974075043,0
88.64561477355457,25.6773674898465,6.768280248092927,41.20104437422835,3.4327409577134085,1
78.19826523652048,20.805918431263887,4.602373916155535,37.62960898538838,0.5402775672854601,0
72.15612963927485,16.37111200124479,4.266845269018579,43.01600171165444,0.5467048008492603,1
99.75879150503965,23.192902494803366,1.5992715887148115,39.93643226144253,1.6750519517383362,1
89.91445510894403,18.171309206316174,5.320435610271656,41.26549598099786,3.1218932739731837,1
82.7091896907829,23.354288407868733,3.013379234088183,46.4362318565159,0.601017343829795,0
73.62967116852512,24.139076992377827,3.1044175818520516,42.201348234244826,0.4715316018704718,1
76.78185171578654,28.4741656373438,3.0189023091896567,36.32466311271869,1.2848119345708802,0
98.02590396786232,17.96965946094425,4.878067669390605,41.56033524544288,0.2882135219156393,0
86.37661940868045,27.63378066258309,0.9292474528486201,52.093263741739435,2.755158873884814,1
79.49412932999293,24.392321801119177,3.5783093145483855,42.82485234501879,1.7223314567792598,0
90.09689231224657,28.115396614438378,5.960557982218756,40.75954827489501,1.4370990471634575,0
76.85601812553676,22.27299529987549,1.508662261319985,33.147235236196494,4.115570107222711,1
100.00843030280379,18.67102165294622,4.34575792186917,43.62209265332477,2.6377337189321546,1
98.52800534896726,19.130002695136536,2.7372011594583308,44.3611344009086,0.3233204599999011,0
80.33425928797223,18.832770185331537,3.192613761068733,41.5636157339365,1.0909439345714331,0
78.7132975296914,25.91125661168262,7.310304520779814,40.57047059546899,0.7750653836211091,0
58.8186680130772,29.907688088858798,0.6990216329099832,54.162698405869676,3.2396780136826684,1
70.18419228448631,21.740193893379118,5.531260676343233,44.27713874562203,2.5390630454823495,1
71.60530225042244,26.516541193031134,3.0441434624455748,46.200141309214814,1.2773562023006138,1
86.35190340987386,17.90623176745752,2.9446720297086655,40.33441077210911,3.470529652537355,1
81.7376629555864,24.721284996709198,1.776875315023465,39.34202790980972,1.0554930836100194,1
71.54664512584759,26.674250465348507,5.5077992745472715,43.160495388510704,3.2547153359410093,1
82.18835957535443,18.207500898892526,3.6171907674319677,39.33728568898535,0.06520113099277106,0
90.05337147647349,23.184466124080583,3.3646611724106954,39.74783007660951,0.2891707589765672,0
90.27839349915587,26.863668561942262,4.219673858408149,42.31602840937181,2.8209643466835517,0
66.00329719141119,12.264917411082092,3.659425748516399,37.43595077191334,0.24295550176643219,1
83.71736519516169,29.34181224680697,-0.0013757595070487127,41.102046075298084,2.3025143008635376,1
71.1665922302839,25.41471750356419,3.018351634045283,40.40042073263025,2.571622789295837,1
94.01728697140274,26.86691059086937,5.7908817818966485,44.835128187270165,2.170575060879558,1
92.84146416353498,22.349122883220943,0.9867670717753834,36.943428309239636,3.4100496383084473,1
76.01972773675541,17.109110073738577,1.820124200287291,30.0003404736127,1.4333109769296708,1
77.339547975996,26.136251825267806,3.1464172092029488,38.446825399286624,4.546772375548942,1
80.38732949501693,23.66963869833395,2.548753162725716,41.98643011362373,1.685598384965067,0
62.47206605268661,24.12846182172928,3.9442290357167837,44.82053728580118,1.418036804356006,1
88.35968173440577,28.350427940795814,1.8138464966425185,36.535784986140925,1.4242005619843254,1
82.2715545365987,27.04825549545039,3.224290952381254,42.71049929821445,4.862706381644832,1
94.70175082567859,31.68494966835845,3.9040109368013316,45.67577182809016,0.5586238290911679,0
74.01590782037448,24.615416915493995,5.297880832415942,43.75625331552745,2.3751194272454774,1
78.80877051750068,21.23515024883553,6.4895787721991915,36.04682448277126,0.5557692178911579,0
69.93474741960884,23.246332612365094,3.4769056922931205,36.58386812581316,0.19340725320616495,1
74.95709436505747,25.662653490154426,7.776120482491651,42.17501724837322,6.147122896574109,0
73.1801800393178,28.06342607597191,3.632190838910952,48.1267015606255,0.2778929229186534,1
94.95973678846445,18.131864194245125,5.657750296513061,40.07082579691211,2.3179558666585582,1
78.01738151248608,24.034150460716674,7.863015469453558,39.17336140335213,1.1052361985312904,0
86.24175684744614,30.438166628153475,4.27861681847187,33.15191267443542,3.6292543055816973,1
81.19236596138195,23.03916451598992,1.252946756844929,38.178565600879,2.967392665117437,1
72.30534733987187,27.724047419476417,4.181807714415262,36.42380923041106,0.31042881470737455,1
83.31699576828358,25.97247010886402,2.7767142235901785,40.135996870914546,1.2615347660354341,0
90.99103331863594,27.82344242609992,3.451135946055096,32.43588003532416,0.055836797233626806,0
72.92240607456648,20.76095783360027,7.96995376499043,38.35704772803145,1.122566654237005,1
93.09112790731379,20.778393319737678,1.5544731535522485,34.95532827119407,2.409384941512582,1
76.50279078522304,24.081087568489153,4.600933644611717,44.70114652919424,0.5283379402926711,0
80.1701607392716,17.871112851038752,2.244557439356551,35.704138210617586,3.3218140929573305,1
90.30683123010047,22.92103757355337,3.3846841175981712,37.138253811751284,0.10926050367140784,0
78.36563842780512,25.01150663006267,5.489684670408968,41.41063262977304,0.07035582588108127,0
85.37574859335865,31.138542427799088,4.636327886946046,37.731422112480374,0.05567282182534819,0
81.85309171211908,25.610872757079285,3.5499354620768218,51.79726311243162,0.6570827785597407,0
86.29368006703818,26.50091388349241,2.700399349470744,44.65257578639711,1.258864779631473,0
61.19260894476503,28.657903388200022,4.632156384307229,40.086032891571094,0.22733879416979205,1
66.70318184791917,20.141369644419775,7.415373434306741,41.840506927235026,11.454262838652673,1
91.15967006046839,23.339669350516058,2.1972961147527528,28.222884061822068,15.462393623284933,1
95.3718140564905,33.70165036721557,7.8233277709155455,46.15862586855248,1.467115045248188,0
75.89513296468479,23.683511110461964,6.398994901450303,42.55948334883585,1.6787035242294177,0
82.55971647828866,28.46572299512883,6.738706735155534,39.63421088536289,5.229348682030933,1
87.94719252902301,27.85495150869243,4.616864761859203,42.829248413772106,2.937550832253984,1
91.93217601658704,18.087545142449244,6.342259551019788,43.439246219214034,0.3677199072203728,1
64.72322728329152,25.241917108023735,1.9823374350987475,37.91813741331875,3.1451410383125933,0
76.13959753021624,24.586989888820902,2.663912184302977,41.90081020580875,0.5251734444607231,0
81.67420620150125,25.31983515136174,5.531627627840785,45.2436227074335,1.125107592877297,0
92.0314019723605,20.98355008083576,4.591690110447632,42.27448871601108,1.5207471359385438,0
109.98430483721495,19.532321952351364,3.7032414830044615,38.7369700638133,2.52461180875151,1
82.71994273190282,22.095959999916595,-1.005217781214844,41.483253808289334,0.3253915319642477,1
70.93022537896012,23.608820011663187,3.1290519039236577,46.91119531811317,0.15845409953336592,1
89.02268077201298,28.739937790401264,1.6518924394034689,43.91987970507726,4.021672549856696,1
98.2099578954071,31.26924327890243,4.9870686226230045,34.18466422863979,3.506529861894737,1
86.08014120979502,29.58639138489271,3.6176629428655285,42.933419071062104,1.4815904304668193,0
75.93351454845707,27.440740843127376,2.743398911666991,42.27078952595928,2.171572611800427,1
94.5799394148002,19.98263895080164,9.285820965248607,45.820567618557845,2.5409469931662585,1
91.63545618498435,22.36441530004202,6.07634895338847,40.164097564649005,1.2945562986996098,0
74.73919155804376,24.83970420965199,6.1117442827121184,38.15329854300657,0.594738983569942,1
88.81425617534342,21.4702438476953,8.404430289364345,33.15917592771529,1.313215530074185,1
94.97265567658873,26.308822610111804,5.604383565366218,36.527027965043565,6.023641645003945,1
96.81890042558894,26.88194443301715,2.4580919810542685,46.03972784876147,3.6382512218482668,1
84.33551024690544,26.145160250261874,2.224207296616527,40.989782433495904,1.2530248383343512,0
81.41920553820681,28.100538418230325,5.92980551750847,39.501060932865116,0.5112793374253105,0
97.27273822081263,20.381635145147705,-0.11870855955035342,46.47811891296278,4.407551682420707,1
72.89839497019115,27.73131481636879,3.8444407379808685,45.448012336729924,2.0335545702386244,0
89.38579290921005,21.217418199519216,-0.3422487551128963,36.32127223185995,1.0375138417963916,1
71.29973372635571,20.23625618942846,4.197687016779012,46.00498166813167,0.2367959166804044,1
95.65376272259603,26.128464536745525,5.708140501423907,31.707094846604313,2.786747823041083,1
82.41954484388839,28.863494248795924,4.558831069207264,42.29772470950211,0.7624399401148518,0
97.68583235647469,25.95205394550404,5.876218717941196,41.706541986969334,1.8643622069132542,1
89.91412756355527,24.083216095090176,7.92965388331983,45.74890956319228,1.6861606164761942,0
72.76779769938071,25.240615304406028,3.7129231254759825,41.90505838122753,2.4054343674576737,1
99.24627732077244,24.54570767226912,9.615301566557761,38.77719900598495,1.5427412213188605,1
100.51245266427729,19.496196415458424,4.425339912340309,39.172186294749594,1.9907303972554664,0
93.82286492599215,19.02951942022034,5.898330125380719,53.466244933716425,0.1701191160472436,0
77.3841213496378,23.68469648210618,2.777874570869865,40.41320223990798,2.1889139041110233,1
81.93986045642592,24.319427343077216,7.238627959261364,42.98537845973777,0.43181681441090586,0
86.45427217405759,24.045329513470936,6.083420397085259,29.894191200172394,0.9950973884011863,0
77.96289600668567,26.704406454599653,6.942902605135995,35.86321550922659,1.4370716134572261,0
101.92346572463205,23.13809313534264,4.10900884354791,42.593840223155624,2.322319516341329,1
86.44326471726036,26.251916727619424,1.4891648712334211,31.927387382393043,2.712906871607905,1
57.966519528926426,23.421652930694208,4.9207948792508125,42.74699416833626,2.4410356705395166,1
88.3935581275622,31.293435848145865,0.6059603733529686,36.37437322791132,0.19987374274359695,1
81.51842603182686,24.322854906905786,3.327628392756096,34.83074345022262,0.9784674029332197,0
84.25073443881553,33.36289044610271,4.382160873264501,36.35581873185887,0.6588564105386645,0
81.31380634214301,25.408046364363457,8.754448585021535,47.637694290721804,1.016396571038466,1
93.07046416606687,23.145291317647136,4.637097223883881,41.667089607451395,2.081856071405238,1
96.19687778553381,20.402208094961303,4.279074938166079,35.447818111245375,0.42866676579191865,0
87.83053162258653,18.228445703769225,3.8739351519294143,43.87669926154054,1.394709513910495,0
81.60688812861841,20.034230862415374,1.3158181904699648,44.14869172045936,4.3234140005465616,1
84.5866279519083,20.481574763344042,4.171651680026016,38.0934594959868,2.6270312001185734,1
85.19599616577628,25.579280081648708,4.205765352273545,44.795868125476616,2.5846254810243554,1
76.97569960135164,21.89533851575925,2.0627830090925654,45.03374817799118,3.777197826335018,1
90.78928648571235,24.74770821021799,1.6265087711432704,44.25665983673366,1.0191361383300472,1
89.60042323860466,29.127913449506742,3.0368586344645334,36.63123983380471,2.8499276264210955,1
100.40441239776673,23.648766593460586,4.129865957145387,34.10474053612089,0.1209961513569938,0
97.55349780288475,32.316626793867215,3.084891637237084,31.53566337899519,0.11616301585284373,0
78.1432508240987,19.29675607864321,1.8982491006969573,36.72242680426226,0.8063314782411157,1
93.20298374508965,23.39766580650029,4.578544504008611,38.16094520815182,0.43842001101658845,0
75.49046616905528,21.842748305556086,5.077733648338458,38.56781956941164,1.461858366270112,0
91.9593210094085,27.74602642422803,4.24259541844447,39.763982396242305,0.4047280507230626,0
79.83385801239892,15.040833478535516,2.874034572246133,48.664942746050485,7.424204146796315,1
74.76746776624415,18.227538843288755,5.189682042464517,38.30211413384213,3.8090295995746914,1
87.80045342697404,23.570612710196148,3.618925420546038,39.75612941705163,8.094963828922564,1
58.254328718458595,30.205510884037974,1.621832585309701,30.912040805252126,3.2980528501229522,1
67.49024425594772,24.90336733614923,6.072488710002797,51.139857322690204,6.036352390579509,1
83.22508116225717,18.593810182943066,4.70701603853298,33.42046299652444,0.9180647968821563,0
85.82441766634842,19.21133362923908,3.761419388608522,36.46572647755322,1.3779321785179226,0
81.30681229841811,30.691958811379813,0.8578955903305499,43.478610234350825,0.5483312418611705,1
69.20563701282401,21.515460804815035,2.5102794417295766,41.230962191090875,2.0201375224615314,1
76.82108157861495,20.228146510200943,8.037131424765853,48.21593135149535,3.1045118483028658,1
88.91209327237394,29.909490242523443,0.9833158762386058,43.600068278637536,1.3812693597440855,1
90.81781770628362,28.044388022347963,3.497301440716615,39.5935797438107,0.7030133268354076,0
84.8377688240406,29.096238573067183,3.9673284752927604,45.220419344221796,1.4172210236444462,0
96.56833781036988,20.199832478936735,4.640953578823109,45.806539729341864,0.12992035573820176,0
88.97397023459234,17.899577435942557,1.005658128347172,36.69920619308931,2.553943463131623,1
77.52544346041788,24.532665957450824,4.348352512809201,44.8151469308212,1.2015260874469413,0
82.19497946588383,25.340504532294656,0.6277890750566408,38.88869418650795,4.570162732886856,1
70.97133842792145,25.458407214819328,4.194857592391022,39.482610462072486,5.134411844098364,1
83.91861009608583,29.91273574255601,2.6952041619808353,40.71466641514453,0.2682169704829027,0
96.12100619221339,17.064931639967007,2.2682614661643794,38.096095638296234,11.099199925702647,1
91.85290084710968,27.438780205191062,5.669634317335174,37.82704426086994,7.001318293405363,1
99.02009325919121,19.613499823410727,3.5287875132722357,44.92360424124346,1.9730584715440806,0
81.97114756201007,27.422941283443365,4.947421609815143,32.35530547324959,3.491061422537176,1
98.46099794514258,22.10017318191449,5.013653822755635,34.691865272704064,0.037218118016359186,0
83.0669577355203,20.744112816437955,6.539906977910205,43.37366991555246,7.038985025960385,1
99.71585082569894,21.56038917220319,1.5834845167579505,39.63550270420422,1.2187665388950748,1
84.78143252557877,18.21755919689375,5.8380313250395135,44.957563260113915,4.809240563291728,1
92.07231373804277,24.16171575933387,4.032923244876094,41.78966139061728,0.9726720984304973,0
99.75112364309855,20.909306437358172,3.2437508392608128,33.331476704781736,3.1040034918894657,1
83.06572371418794,27.145192923601112,1.7014989616194351,40.31417209638793,1.082383614414224,1
87.18388987544174,26.56022432413167,5.213181723085723,42.67273900544608,0.9010503116470682,0
97.88863425206303,30.752628211611164,2.1555509573322293,41.170198292666605,5.866484301205503,1
83.66996836069936,25.46530993416431,5.035613173954286,37.65862913186275,2.402031254818312,1
71.7910771749384,26.082711068320293,7.8556615459342645,38.630298399398995,3.666176814431936,1
106.4300705458491,29.600399247311255,5.959954080718656,37.19957422119622,1.5677117319789575,1
80.30235535662864,21.489349215893213,6.782868650301298,33.3740145919941,5.01059618227489,1
86.58756050937542,18.04696714870787,2.5619904455499363,32.68630217576132,2.693843141294031,1
96.56006669451128,24.800376236513575,5.52546609226399,41.95010478047184,0.14980844131425639,0
78.91506096268799,18.309466123142386,1.711570089727219,35.64270817235548,2.9123246374983647,1
74.9213208677787,33.81575469170156,3.5330341948507717,42.87799213726029,0.037775444913533116,1
87.53737296774833,29.82199316831577,7.48254411243824,37.02466256274235,3.5329897134170274,1
67.0692360208761,32.65590533320632,2.7843155871470318,33.43425706642526,0.8065332097712589,1
82.1209392313208,24.249787906652518,6.222712368346187,37.96028182387726,1.8240235190547982,0
87.45038664315406,26.202294374806392,6.03129346599943,50.47187486209027,2.7676110684486406,1
82.30048103174836,22.162098272189425,6.149482500441676,39.52194610408485,2.026511848762343,1
69.56549056814254,27.531699222347008,1.4659960477574545,43.22933334166116,2.2317421237199095,1
100.94177956204013,19.137827151795772,5.05040193203136,40.844019049620385,4.463614841798268,1
86.03538153949175,13.827627242100885,3.6868028681662737,32.97400981916769,0.9367203066610706,0
99.31152117761741,20.837157522045732,6.176993715058224,47.24481623011585,1.5843672477416266,1
82.39963749819555,18.178106097530737,0.6899992005463096,38.760890950880324,0.3845709545632451,1
76.19988018309236,29.91170694463814,4.7355757781312064,33.447437176406524,1.2605065803157325,0
87.6918092025516,31.262709820321263,4.452750405680134,37.43883245778333,0.32512343923698767,0
82.8421287367178,18.388283710347558,0.01976652550212954,38.96877952512901,2.0079803970946712,1
73.22238542008643,29.166862430084958,2.2291592878100457,43.747397617506124,0.7838683032714955,1
99.69784258787496,27.805539934003082,0.3396955737662979,36.5961840969486,3.918196185494637,1
78.77729777106003,17.720893261124495,2.5472893961541865,53.10172799991966,0.8419016811021145,0
66.5973361520443,22.438929876273527,5.098434169330296,35.31415508745697,0.6760818309036815,1
98.28166053957332,21.67934511150192,4.390731151297215,43.05997481115514,1.3516788412262128,0
79.95701984187377,26.9919815945088,4.338800161187097,30.13013629294194,0.38554080902035537,0
78.92176107384375,19.084882596379945,1.920503782137235,39.3815066687035,0.4558251297826688,1
67.34612412970026,23.60450949736207,6.240900983021064,41.836171396610574,3.057062621392447,1
102.40941486596991,21.25626198420153,3.9623606432773197,34.4020837308869,1.3752266520206213,0
72.10519412790313,25.893364733540572,4.067407624515017,47.49522740520835,0.46220514115421946,1
85.5844948070565,23.132831873248282,5.880799137892261,42.172383255920856,0.0640606908928639,0
94.12620322540441,21.859017184238418,2.017308504614923,38.411797675767865,1.25650791078464,0
89.21716933003097,23.14681369747169,4.457095539743846,42.118387508139875,2.71448209481184,1
84.40345688007808,32.14417133136045,4.84692498320284,37.033429190316085,0.8652309243318962,0
67.98334141712584,22.332401455522444,2.908863699412304,46.25689951203788,0.5699428848435644,1
76.90275164232716,19.835979126864853,5.304746761519552,45.07649300911088,1.0096193799712343,0
86.87800338042523,26.33373427662386,4.954246341259134,41.86695033553744,6.394695686720665,1
77.12825930013004,23.425901322308174,3.79764657544515,43.05846023748962,1.100387954897992,0
87.03359459998768,18.33906427653411,3.7356982197302773,32.61401894949391,0.6012322828575267,0
91.81743408815142,32.925985340809866,5.04709531574261,47.33472553372233,1.6844201701604782,0
94.62502885800102,22.59008421765341,5.576942080026381,39.5032108936735,3.329306637206663,1
72.73820642187317,22.488522184154597,4.1257998348132805,45.12522824713051,0.045170879426607545,1
106.96646054978955,24.63934140763239,6.2403789208136935,43.74921111762349,1.6333509654279836,0
92.67479344554131,30.920467076835358,5.3170519248611665,45.04857383771936,3.6195912287148233,1
84.98285846330936,17.28101869392402,0.4230721005463698,34.76118524870523,0.4857329422137257,1
95.89536583076641,25.10394339768216,1.1902066049157152,35.397503288420445,5.09398064829561,1
108.65407771999973,32.34908864717451,6.364470438043322,51.24137384410285,1.724057895463089,0
70.6127989894313,24.514914722958594,3.5064537370582043,32.40328963253822,1.4543448070292708,1
82.74737357508647,19.05866408278608,4.328351645594948,34.51194823245646,6.629755948396298,1
61.215683401266716,21.52641258815739,6.27858103531829,40.2162199829908,0.2777236401754425,1
86.92651532648024,24.827530119027163,3.9871775652563177,40.22489863664305,2.6952334844623693,1
88.65394241925141,29.32321566255945,4.074535219178697,37.29990961433762,3.4137849775841658,1
84.6083788455724,22.642656622335757,2.262541534416542,43.08039435959636,1.341036385895119,0
78.45466429001691,27.306607189729725,4.739989014455041,44.5104171880025,0.012993470553827314,0
64.50485483811676,18.258524691812443,5.1730244379336465,39.909161835456004,1.4860892408509594,1
88.73533683411769,18.22512652161978,2.844236325994288,38.657550701558016,0.3333183388968798,0
99.55434483915325,22.0687972452602,2.1559572433882663,39.88868905192427,1.6536795572259342,0
79.08981544266568,29.75211488749305,9.252578510390457,37.51319604012791,2.6835494133899704,1
89.40059929023145,24.275498558055077,3.814183060303434,31.508815289055754,1.5146096490840983,0
69.3185568657995,25.159244782266477,2.632615320781417,41.50462218503773,1.9928444437826252,1
89.57213063692514,25.11231838229411,5.413172890584523,43.829178568740204,0.21950817394539293,0
81.06617702255343,28.436831930346923,3.898411929544216,39.230363608380465,0.20416673132285368,0
77.37582049397085,21.559117229848585,1.8284673534757934,28.674609090472156,3.8068228974835736,1
77.39636358783869,26.75314043395293,4.9661071433028905,37.141424773391236,0.1011762667618374,0
81.0638841796699,20.67646934457948,2.2937580618483624,44.52861035933965,0.6689882872959388,0
88.82433315692535,31.933090623683043,7.152916004311267,32.808757437315954,5.55147788727559,1
71.87836798804483,20.79843558281324,4.989009259504805,43.4794201105186,1.2281807981190043,1
81.02884668432146,20.470442787685517,3.4462391509478323,37.772919358151135,2.2450226997169143,1
84.58528222000852,26.1986792539522,4.218694036044226,39.906124246625296,0.5012616994606611,0
74.00960775468141,24.319153725729294,5.806576242196387,36.570502446080646,0.6308271349788266,1
102.96665201675017,25.307409625043736,4.371922507121597,34.322087451910264,1.4226245323311968,0
76.46504519938658,24.90925518196927,8.244218914467098,47.17123234135186,2.0327749636546417,1
78.3056308636651,19.638431204770246,6.2717350327910495,44.07919516285745,6.460941629868106,1
75.21692050177502,30.453435716317937,4.975214735122243,43.2236051475102,1.7086045305666,0
102.98480087138117,27.574168823556438,2.1260282529830317,44.54277741100957,0.2017834709726045,0
90.52905228599482,29.435799805068463,3.7062237921960177,42.51357436151248,0.914314824653539,0
75.63407993756358,21.886676443558304,4.957749940104906,44.720656278901174,0.5598712069426287,0
96.06231558859969,25.666094178860686,2.354277168483723,36.680496270097926,0.5871353052997005,0
87.00698694288879,24.789473848938766,6.586853749925899,46.88843443639523,1.4079610979558526,0
87.57253421111501,28.51201050480603,2.051685316443919,46.44215529768665,0.7615442783668152,0
81.55522791247547,28.640992527318474,2.7255486039081958,41.902409837589694,0.6830347567438837,0
77.50584013043027,24.77220321183246,2.875401630210237,38.560027260574756,6.885224162747732,1
88.37766099054602,17.928195472626992,5.487648921266266,33.8823539067513,1.7539411345678015,0
79.5491277000441,31.118647548350758,2.390127265658454,41.14328887102097,0.6070236198697636,0
103.16755629575104,26.223949734760556,0.4000468591618902,48.42457589834032,0.6455671031467565,1
72.30708894756896,21.56625183443543,6.176077671523426,34.19581413324501,3.332314045273799,1
100.36156772854946,25.62616855306678,3.1112274297888765,45.09037574262803,4.351478942205441,1
83.88681151202199,17.955625806189907,1.8629847356961262,37.642805630467215,2.272822746205047,1
87.99085734021106,28.221412269884176,2.4902828935949204,38.06951107592361,1.1293208673846484,0
93.33157766629435,18.115153022883387,7.4335254983687005,34.122705043685656,2.8927173707189784,1
78.69750704995563,23.11666203185167,2.6859126054541784,36.237535367165144,5.541401534871114,1
93.64248384698637,24.977817798422198,3.753263789246197,43.23391042780573,0.3635247879883691,0
57.92456144618823,28.155358847928376,3.106163275427968,43.855637843783846,3.956741764380846,1
77.8001046677806,24.426178705737495,1.5346749131324868,41.17929040538303,3.7786028372842173,1
75.75937192658935,26.5398514944502,2.514562875506073,37.49593567620074,0.9129967537369363,0
72.46493987628239,23.88733236620179,1.3977831859870102,34.48221398883881,0.6900182510542895,1
82.85045161921049,23.87125619622287,5.911762551361428,40.30879233405113,1.6662449633499652,1
88.85749968181695,24.34190900139319,4.2017581292271915,38.175228478916914,0.6357157093727733,0
92.02659998499306,23.2437683165905,8.965355524348642,41.05590711218715,0.31419040038442064,1
87.40876757200408,17.253719027674258,2.5821785500188223,38.393811500898344,6.118575860623427,1
78.34306535106452,20.926706025213488,2.282279507708761,38.52167606657269,1.3520523307294987,0
88.69016437825167,24.979099364446792,7.067519536710657,40.79480343056232,1.2782882401030349,0
86.2428569485085,23.003515986045123,6.115954064136269,41.760962323218614,0.26958584992747686,0
94.36056167936016,23.376763671272375,4.769530043542044,46.119606450488675,1.4029751915893844,0
92.76936702931516,22.70658532224514,1.7726169698234568,38.31505832962654,2.7160593190674738,1
85.30476413920628,20.545606429072727,7.489992535455868,42.72747258526138,0.5701610614695344,0
76.02746993838743,22.027602156094826,3.8557936804593043,49.018110295160376,0.9205459549214734,0
78.4704984416792,22.77267302244562,3.1386497430099283,42.86038162113781,0.3942579881554563,0
79.50210640361966,24.0205725621674,6.285919473836559,45.8212549678249,0.8772447074019107,0
81.84733666083744,25.57351337787885,3.95540975749254,36.89686330365638,3.950617879206864,1
87.68050427589753,23.277798836457045,1.6686598287362346,36.398221798258284,0.5411519610407163,1
92.15174390128058,19.881378977230323,4.080605198997164,39.203129358075316,0.05997347950246752,0
84.48881306984623,18.407671840324866,2.437302396858472,39.735300573931305,1.5367037074246346,0
85.16124787900472,34.389748829500896,-2.0186822853663475,45.354122585579724,1.7325847608599072,1
86.43306305000004,19.480739878941748,2.236579615699736,36.35158025409323,0.7977062039849183,0
79.8409468686766,21.92549999494247,2.9445288582642983,39.55686044901207,2.0520367752419,1
75.74607742357044,26.06800121005574,1.688709781413904,45.37412623506605,0.07727798122202949,1
67.4456210268929,25.443442438262725,5.150493064228075,41.07771791699338,0.8327703041748539,1
78.04850641923127,26.08346277024629,2.4451044853424366,39.94591514847709,0.31230639802839666,0
89.73145453267787,22.229131721871298,4.956852401668913,41.192488107334654,0.522225926798299,0
77.97088561960433,24.954232282558188,1.5333605272633704,34.362237492445686,0.964263759198947,1
82.6219296257406,24.245374656963456,5.818437842165077,34.2812344287902,1.3601088631239309,0
89.66431287412317,22.75147452983485,1.4470349466670167,32.05893124183196,0.19566556190126055,1
90.20689496422669,24.98163896708536,-0.6830608187821463,41.03340893684802,0.2136546973368624,1
74.2046714783396,28.221462187002828,6.474525170326455,44.594273749215084,2.2419910153587534,1
94.97059356453641,23.9111991062587,2.288212392537657,43.827932423019355,1.0354735776143118,0
96.27350089355485,23.9378113854257,7.513858116398817,45.718139962824075,0.3884367761480122,0
73.7015014278144,28.27264413950394,5.12918380241614,47.271111095269376,0.5355421176240308,1
76.76163130358846,27.845441439275252,5.580526636762507,40.72323692244082,2.5463331640084648,1
96.91090683146192,30.335745763853932,6.0909450009321455,39.676961411132254,0.10629286926989555,0
83.53146478744699,16.975079062081694,4.225358692498139,47.3798234742123,1.4215762109105194,0
62.80222052548149,27.62047673267756,4.248110835677078,36.49492401661457,0.893578333901547,1
71.00318495267314,26.406320181608717,6.562680048388618,34.10733689808376,3.3335742250159415,1
82.50630374827519,20.45739040898694,4.222716991396196,38.305602737154494,3.122314988981962,1
73.36957349715398,25.00635167199538,2.5436463064067802,37.72128345332892,2.337221822551493,1
80.86576229363558,28.20448699103199,5.171517120324447,40.241633729105104,0.9715628560602492,0
85.32396213683579,20.6833643100584,-0.22728682876990458,35.749901544284405,1.9951982745808057,1
99.62254604034729,25.77024971609123,6.639117603120427,41.848665723816666,2.0424623737440615,1
82.09546083772211,27.485414702924068,6.680878271930183,37.154439798047584,0.8075327183984532,0
95.72541799572758,19.71592174987405,6.396333336246158,46.141019131779366,4.240108466439195,1
99.28760162036771,23.43085723021941,6.319543924755388,34.02717248280147,8.380503996207494,1
99.34309669352076,25.203873506569643,3.831649349317754,39.30263591973949,0.7550384296133696,0
87.84754593385568,20.81547397782818,3.786635231013955,38.32542854211244,3.2311866470354498,1
65.36710852161026,20.483387203625817,1.5407198204582877,41.15444961335234,1.3899307308835673,1
89.60824865403865,23.459821592548902,7.4960825034220955,44.63352241413354,1.2459456295818885,0
95.48399887813541,27.206558867614767,3.029963653947444,41.331054531944716,0.9773551089365886,0
84.18932894564583,26.57493600476844,4.679770619503762,39.35704400824393,0.690693885006908,0
102.44583870075249,20.554349083254632,4.508090565909557,43.45627518882647,5.039191532654364,1
93.59833561467458,26.608671540462744,1.3191616367916867,44.215123847080754,2.7004266965649144,1
90.68273377152784,20.656240895333966,0.5106499517535887,41.34599898352172,1.1621490321152879,1
95.86380711205838,17.559320808026264,4.011173241734697,41.93795913653248,2.78514498282906,1
88.33369851260878,22.531425715811075,3.092487764776982,43.233177731478065,2.5359540601370245,1
60.07189500604646,28.491877486342943,3.8211262815133296,31.780366370753747,0.6221402443296049,1
80.00861048529634,26.623842208565495,6.130831260406465,38.24597394271772,0.3874906426457957,0
96.97168027247854,23.993712770507223,4.449888301074045,41.88116965604332,3.6194297097650208,0
76.92408659901704,22.33317806563577,5.517045081529462,38.541962581128125,3.3363197043182273,1
82.76527494763062,22.440951455534275,4.890656324351155,38.559265551809055,11.528767636015198,1
74.5516368609693,24.435139623443185,3.3673316135203364,41.87450771399967,0.03910644185448273,0
102.83922595201769,19.726250056616685,1.9963936656138723,41.988224870077154,1.5547134242532679,1
101.81492457418015,22.60757061919481,4.529435736226937,42.335296772854434,2.416783446139141,1
76.16131104859271,23.137722154560926,4.167785238692183,36.03888269139847,1.747133393284573,0
86.47298000389084,18.59570216619401,5.830312675009495,32.910983197229086,2.478799498366023,1
78.19505952235953,20.6462069964097,3.698199860555014,44.021933911762545,0.29528663176093944,0
91.14944639031378,25.642027165945525,3.405316909768955,36.2879224625575,0.0030343570071106546,0
90.09683077242329,24.038047359763976,3.5410012324368,35.94237321863862,0.1952963407506058,0
93.11705571613265,22.764952835226467,2.162546729989108,35.49124237293988,0.9562645565735177,0
88.31918447707888,20.354290249848145,6.893819889640915,45.755150706677696,0.7977734500205286,0
114.35406206388468,30.307399302356867,6.279257509231523,41.06013406043232,4.142996353575775,1
74.72076234989261,20.648083141282726,1.5739403420839064,41.71261699192267,0.1744437606763872,1
67.89396645563485,25.006371229046948,5.607896283945099,43.447755916137346,1.1693252286919236,1
81.06909799298539,22.04852364770482,0.3099898721352692,39.78814734792227,6.331733820832046,1
69.32011734439732,24.14511717055334,5.970578466222045,45.063442313328544,1.397943210926663,1
70.07537729994007,25.830438967761488,2.607299097784649,34.01598422010221,0.284049201940155,1
74.98685345802033,18.518973643168458,4.7198011153565025,34.57196497122997,0.6885533065551228,1
75.77811094568372,23.97353502338605,0.1409806209166562,34.29615267166981,1.9712359840582385,1
75.45381898049939,28.762914595919383,1.6025915366440993,42.108342487851665,0.024123864125934782,1
90.18218950445412,31.046007573968012,4.937405934498819,42.53208848099345,6.89031900364544,1
79.93810938914663,23.479944106979477,2.5981836332344397,37.637089816432486,1.6739280812190402,0
83.2048542512752,24.166724828867636,2.3200742592556027,38.83780825605612,2.4357322816756026,1
93.94232774500935,32.84533211440613,6.791723394904196,46.34035300397616,1.3821431056088411,0
77.33677475218573,28.539697126396792,8.42191842254575,36.52781902023454,6.336565062285695,1
82.35454101295278,21.530861722979125,5.874027873638966,41.47716395626643,1.779400094947329,0
88.65759986092915,21.524066196455507,1.8162388565298726,36.57142064490065,2.169322274674291,1
65.58432199379779,27.826197847149075,7.5270386656353985,45.47987162470085,3.944226839572937,1
61.150944910494175,19.955851479817078,0.8771354807032354,43.14213092136334,3.9545882265737906,1
88.46117328797723,28.350907005355413,3.3910170918493483,33.005392869977065,0.05715154971551893,0
89.92014280566899,25.337199855004034,4.1095555339747465,38.69599485176027,0.6661983202525374,0
105.64220134852411,26.07088305610829,7.848075687677497,29.604966044685398,0.5655698525750422,0
86.5809487586681,22.973064786079785,5.8253182751034505,44.50227790505415,0.013334144274678137,0
93.19739717258095,21.48070078301436,3.0724846104009607,50.23654475460717,4.18760920784155,1
83.04527356414026,29.84797132347328,2.1100874584405007,29.097794399997248,0.7629310411135413,0
87.97227221585086,23.0130508777861,6.004385307606508,32.86450654531476,0.8522115454663426,0
101.67256841749534,22.35625969370455,2.933282085559289,40.83660041784926,0.20988208468242125,0
63.76007181874364,23.679451728480764,4.43348017572995,39.90770594855273,9.155360860902254,1
89.13616257571681,24.77208853087177,1.2604470214817685,37.94577414097439,3.5002886538780453,1
106.35586730077367,19.876699493122207,5.1385157104484005,31.31189991374433,1.6966208736267456,0
87.82034219209342,21.740514023172352,4.977390291494957,41.61723414987564,2.956208478350366,1
101.50572963232848,21.52787170437577,1.5167598766836567,44.43756925973489,3.0021816286256935,1
78.70787850470558,27.381121218427392,6.06324622574328,54.23492724377115,2.138483527996794,1
84.67952505836287,20.456149728000444,5.109491616485563,46.536439610684106,0.3823480949283682,0
85.33524702388587,16.976928568967786,5.4800485055601955,33.50642004029382,2.5481816054063935,1
62.824089206412296,16.131621748375384,3.2426426144997387,39.94054294419116,1.6861614757138557,1
73.31822172149799,18.11847946129713,4.357912822572885,42.96038860724358,2.5752299631249134,1
74.03124920616014,29.446152811392444,4.126757737730649,36.558692762383515,1.5681281908981721,1
93.22066078032528,24.064826397936205,3.703659190491539,43.90006000771445,6.262511277965162,1
93.72153105684055,26.00499634722881,4.341006556331692,43.51688894968467,1.9724900798635374,0
88.24036442706533,26.145950908485318,6.512885947592765,46.186798578679166,1.7051321577474279,0
93.24102896855706,24.22473567356928,6.149901277407853,44.0112137663376,3.700322867018496,1
83.35850587278226,23.700874813394766,1.6362786450622866,41.42571825053879,0.9536103918109211,1
97.01931669539543,28.178105719272562,5.97080363381388,36.810341264955575,0.7589914955341995,0
85.08788442632071,24.58398365725056,6.382286745496071,33.534607027534214,1.3990100314378273,0
85.57864047426756,29.596389917053656,3.6976446532952676,41.09508069076976,1.756388952396789,0
82.34407366737588,26.483319781159466,5.016894207595553,37.980829541448244,0.49815931896696175,0
91.84450477636427,21.528814906075887,4.988003334606035,38.46401381163429,2.2931791013472123,1
80.78801183387087,22.011463904520255,2.3000667666513976,45.60895245359684,3.242764901974756,1
94.76431377198068,21.09014077418288,3.236087424943344,46.844620069029304,1.7222789718862084,0
73.67850859283993,28.870192087802863,5.501620477703215,33.82316691873348,1.480324802417047,1
74.01083745271806,22.37979618821779,3.008355526337098,38.94784697042406,0.6981002567194879,1
91.87426755126504,20.80610881280147,5.950999118524615,37.833974148517164,4.806646479140199,1
84.11455785416987,25.279112164507282,6.609944881699523,41.57454321001336,2.808914484228721,1
80.46108583846872,23.611331574509986,6.287343683960941,28.668611555119192,1.308956577287487,0
93.9005773247546,25.178274050300654,7.9596092063389134,32.695810074786095,2.1523727622186746,1
78.92738585913915,31.559255615575374,3.818535435417775,39.412525334807974,0.8215967096639318,0
82.9979874569963,27.65228322371544,4.354402147938126,43.930576021526576,0.12336238800260511,0
98.99227950071159,24.108042217207625,4.64132609552528,40.37645368726787,0.45613031971764517,1
100.3914234581065,18.366306463175967,3.879204150018523,43.35753536528851,0.1656507665635362,0
100.72398210270327,22.00015001116546,5.084357948203289,40.986541888434935,1.4192674053539849,0
82.17874223066089,26.844184410181214,0.577591941976022,46.38144786872057,1.9460588669001837,0
97.3070290498447,19.315835841352737,4.409810777385038,47.4294377441609,0.9575117727462987,0
75.51047172231321,32.563881185321414,1.2451267002342084,36.19768556417253,1.5107015742553882,0
75.93097125277939,24.057666250542194,2.074753444784844,44.41822669893776,0.1786132413301111,0
61.49544147375639,24.19539357283794,5.465779622059827,42.54059774233527,2.938990432660274,1
101.7286820189853,21.33341922816809,3.6017675231019597,52.523340725417356,0.06666283696285753,0
76.36020150923922,25.986951027102872,5.395228949431612,36.010824904929414,2.012570837562362,1
83.7346742025294,19.367992773911073,3.55844679279774,39.41632234484091,1.1360146934730038,0
75.89675658071717,32.65957035640583,6.212812632782311,34.83863183342066,0.4062008922621067,0
91.9516524833014,29.269405218608046,3.5218385887573933,35.13531883949,1.4807118487081419,0
81.2436633928266,27.937185780788184,0.09016302087375339,41.927820108225504,3.0368943593891027,1
71.95183109567051,18.43828397684076,4.450785164022541,41.027717102695554,1.0672416586024684,1
89.4166256418606,24.821653081831002,-0.33771969140510194,42.70725546954089,0.9168111765257986,1
70.66269975189772,28.83634559205602,1.094558194935185,42.59876863724533,0.3073758086783089,1
76.62594274684508,26.372421597430957,2.23410694200286,38.82180623587794,1.8056436209582813,0
63.93110885373919,19.991563581464902,1.9845810444596252,38.787304656509185,3.5206810756785942,1
70.76041887802393,21.399624978765377,2.909898391167429,35.14600633764043,1.6480683751631022,1
86.78529169720478,22.192255447976038,1.9158643529377883,36.49422847857703,0.36085684908671756,1
65.35463961897075,21.58624866204557,1.1880946728286546,39.715991117210294,2.1648549262174983,1
70.18854275378284,30.11511534284123,7.083671489681548,40.9851482092104,0.06121073469885271,1
84.97631083867192,16.315947444706975,2.6437109072162084,43.553939457942946,3.6409840271708327,1
79.56393103906947,26.623676558635346,-0.46153530629479533,43.04430329896087,5.089190599543723,1
104.92036635959309,18.830786500286194,3.278163253981486,47.78538382782867,1.8178185333824297,0
103.33896546024376,20.15499405019573,1.7505378839448924,35.136559537512156,4.270415980633245,1
76.32077537248847,15.96106653252513,2.230064745414373,38.83707294677965,0.17658201786105396,0
90.57137618403482,21.803782275364537,5.4206849627049705,35.57347721901114,0.518434128953954,0
92.49282556879452,30.042926606156854,3.1036847624295643,46.38643534681035,0.7632841967566287,0
79.02521141975596,25.059296969859112,1.6948067975642296,37.48763055901788,2.967079849655695,1
70.04458463501797,19.206553812003612,4.892507019914489,45.77513726222318,1.3242268750371486,1
84.87701550691942,28.06859069751725,6.299881661218171,47.263930668630294,0.856487552283524,0
83.27154325185889,28.925217054274743,5.07374432527969,42.06718481730391,0.3441160925321269,0
80.64235503029381,24.41618592415634,-0.9071111433008507,41.465294138625154,3.328242253525634,1
89.42316868164485,32.13899663261036,1.770020995205972,40.1932257274229,0.041473905244855856,1
77.49270392994401,27.286256498498457,4.09489706127241,38.414469819167884,0.8227766280508078,0
73.48002452420857,26.730610029170354,3.5114011894719694,37.813076180859674,0.5561912863751187,1
86.09082970349831,20.78648517133484,3.345449692121607,39.26291638142846,0.27625036237964656,0
88.85970092568876,26.509593942485363,2.034486614318332,49.1218919523955,0.3775844876816,0
73.23355056099948,24.86716511041797,1.1888318338451205,34.7907239251691,1.3616352305476562,1
94.28090610991082,26.079316010684106,8.01556343562604,41.023046118879954,1.1104486209218725,1
67.29518862223922,21.26165752343468,4.0542219062778235,43.556529820937,1.46115487960788,1
79.21886541284357,24.512395537435946,5.284243577734836,38.57812079328822,2.6011169761466437,1
82.41991463802391,20.73255399914017,4.012502347167618,42.080411856207895,4.4573456056073235,1
78.6377628734807,15.411471600135872,4.0926973972759795,32.4769909365828,0.25217450270260944,0
79.34939526448808,27.993218274313534,3.875793200381425,46.6252157315759,0.1725931375936508,0
103.71074482308114,17.99044407324193,1.7591082818511357,45.655743557205454,0.7723683366893955,1
76.49115910961102,24.428745859129663,0.9710210839315048,39.507870503131755,1.5806432558834966,0
109.41221722471914,25.332008517796158,4.772450747489974,35.60082067347466,0.21047071450519578,0
89.37126779731052,25.30625206345222,4.375684814542333,43.96449073793454,2.517363388984545,1
85.92055137311992,22.867683705607,5.876561796919415,34.259402668489685,1.6242858832362164,0
89.76240353387666,25.084845901119895,5.470721653284053,34.97687967045199,2.7603168854819353,1
110.29927749251952,25.88386827914065,2.3829756145006584,39.731952544656586,0.8860654403508157,0
75.06406996068552,26.93985926300794,6.2651826178437435,47.59020783494008,1.025309819304389,0
73.79582081063612,30.93376535753705,5.530054390309035,43.2029092796766,3.2960619280735663,1
77.4513380342808,24.936776605992822,5.381683139714671,36.76502415005358,0.6212449566191897,0
85.3214314696456,24.256195380070807,8.498653583957616,31.58951029242249,0.9606475678191846,1
67.74228875187427,20.373084138599623,8.087917525016376,40.20760206815907,0.02716971792260388,1
85.22339239318607,25.74378529559735,5.379827533109772,41.257108929507986,1.6208041901337915,0
101.93547133413672,26.669532412562276,5.130394411675059,39.636099592055984,3.813853161041292,1
86.51407390624777,23.23078726287349,6.163310363539361,49.03195840115838,0.05657527204226031,0
82.07314541024724,26.17845001673615,2.8320924606592577,39.340365551957774,1.9027464943730434,0
78.81839551316372,22.829935225802632,2.8603414848178996,28.589398129121154,3.734456234058106,1
93.98511704551565,26.683970608355697,5.346842814183827,37.96430220911806,1.3621680069843038,0
76.74167226761952,27.650409256118973,2.2870478217448555,42.273222892737145,0.7509049761814811,0
103.46395920599248,27.594511466921944,5.18553897104651,41.93448654375986,11.358460664173535,1
104.33359747714357,24.471377304565202,4.31366433307238,39.116608568824844,0.1340565171994907,0
87.56750798661787,19.840127393531795,2.2876197908157625,38.28890906963589,0.472517055243072,0
84.88484911923355,21.552347789432716,4.051733020576599,30.001885576008828,4.329904999200686,1
95.30659808241559,26.380629295538913,6.610163184276832,40.42885378110767,0.7056699961827164,0
95.94798502227326,33.795249222960905,4.164740901307675,38.30688611960519,3.4278938171926523,1
76.94008268940584,22.637116913871672,4.173095295235955,41.246249410217295,0.8105341373185422,0
79.73444866863298,25.82335071355256,4.657970557809192,42.45644637010145,3.342424041245545,1
71.77652565316704,21.775789770082387,4.918377045783218,46.2053418602232,2.3149977177978904,1
89.09064938334058,20.1041318230036,3.338319067837614,35.22217449343066,1.264188592121318,0
91.66627883456891,21.29473654569055,4.700522095934096,33.53008922742143,1.4802483530389356,0
71.50074362138727,15.670112093189314,1.9018592808185337,37.130166344378,0.39120158964075363,1
80.44801095183841,29.413740251631005,2.401857886332224,36.32203377471846,0.24633389022772928,0
71.5274608241865,15.079478988341545,2.657701783848754,35.87295212641861,2.5242124948912594,1
76.01200189756162,22.944687078397468,4.9395253792682166,47.22453220434126,3.7753056301377574,1
90.51017060226299,19.287488418599782,4.320465655112554,40.74207935769147,2.560058304707133,1
77.66517933321721,20.46247913855118,3.731280845512094,49.86196731314041,4.880586527161562,1
81.99174043967702,29.50609063895467,5.381539979170574,39.98464788487619,4.415976047417578,1
68.72688272052685,24.804267960125568,4.757724165484672,34.140617754670195,3.0118437007524808,1
86.86990209724664,20.138415363273197,3.4200464400342563,35.959127079011154,4.568055109974715,1
84.55726680155351,21.641931470013958,1.929538314360376,45.12227673521979,0.3659802095822541,1
77.71040749966838,20.93807511823166,2.3605823975464943,34.33074131519738,2.6287741177982467,1
83.10985702317525,23.825817311684478,1.0663810692142164,42.78938322131939,2.8022199728139103,1
86.80294880503445,24.69156673915077,4.281139100301652,38.216237354236696,0.3344164615835263,0
76.85131851090657,31.58229909291424,2.275722435092656,35.350872136676195,4.806651968197496,1
70.23737455998221,16.334796936009173,3.0093540360322586,46.93259866074112,0.017648104952332915,1
103.05574432686815,23.86075074096819,3.7448186387422724,37.0571698183999,1.1404613409527251,0
78.66727295289728,22.737729229861912,6.087990382661371,35.862144876998165,0.04342616336993672,0
84.0323989681311,27.78619411086713,5.857581196633639,39.605534602235885,1.4819785409977428,0
95.10839735020313,25.419272472713573,3.8905830574920515,37.45881153579067,1.0625878679143839,0
120.29055187570484,26.361448832459782,6.531006978800598,51.07492950299934,1.9513487889244976,0
72.55513550111134,25.38034474406033,-0.02469701864172169,45.3017864668779,2.9086678149127234,1
89.4982721372651,20.27203549886584,7.754441099533025,37.046537887724185,2.927000843781596,1
77.92447714705894,28.845061985972052,5.38499942860917,37.62331444370784,2.561863213387431,1
79.6120969542329,27.194019618462676,4.205606570039859,29.90275862466131,0.21489748180521517,0
77.7978797899321,27.66211916689897,2.2172806384958736,40.687018255457225,1.0806411291895135,0
73.74345032199415,29.05620068202866,3.1238652677390712,36.26470328530596,3.3851010506032795,1
84.58708638215339,25.67070040260784,5.218701791156082,40.44005691079967,2.1243689140601814,1
70.25497312951765,29.92396961646997,5.264158767062828,30.16862952547885,2.2853033125720668,1
94.4680756651187,25.510558287146566,5.336786741181574,39.86621832005529,0.5147610909274201,0
85.55002936033375,23.123765647901564,2.5430065312670793,48.49335653116747,0.7862625498349276,0
89.22434972901439,23.973584358066542,2.1403045739695807,40.27070580616164,6.238568323820999,0
80.33811388053778,23.904624927455533,4.390410488705013,36.12658906474729,3.7536579244451858,1
81.32796065788251,21.922434711637827,5.539707915542946,39.897666375450875,0.3604596600681781,0
87.87563905167328,30.52755539348088,4.006369699009717,39.67875631906957,1.573567036377053,0
73.35949367594175,25.185181462014672,6.962968493770335,50.95916570378145,1.348679380135956,1
81.42009565586665,24.378953903331627,4.066274924380223,38.33579035389657,1.1727508155442243,0
76.40386486121545,25.553097019705735,3.9985827123340276,33.983533483885715,1.2720732498098644,0
76.09431189408986,35.91941806694859,5.341119982385338,40.10729087113719,2.059414497362551,1
63.90161759374358,19.47310324560136,6.438460275184077,40.9776661891965,6.831571566256155,1
98.3932658948,20.6198459531349,1.3014894803909103,42.81147983177078,4.1640952974301655,0
78.13461246846231,18.477715930212014,1.7639765839288035,43.77880925115693,4.160906564291259,1
96.6337605516355,23.069603046258056,3.3734771245119237,49.77763042754898,2.4305848137464676,1
95.68792321394292,24.98207377330944,10.317883569177326,37.02168149163731,0.03548826876946555,1
72.14000293483507,22.13870992663569,3.4770628749181363,36.56725127910908,1.1612824276816671,1
74.11588764327155,21.84109280739292,3.7564341139788624,30.72931761422676,1.431301944949301,1
110.60502959355684,24.569619466512528,5.236703859615837,43.308268833578616,3.6965492321079894,1
102.50925941927143,21.99156870068121,5.953857805626948,35.56342817280428,5.12380160784183,1
84.68481486671895,25.24070330873135,4.339570232909511,44.4588213995731,1.2013033156109671,0
87.5737310641735,28.456937386970417,6.328694990080512,37.54182543207077,0.7146635575640533,0
78.69153597052811,26.708121879203226,1.6120576339481603,48.629789858801836,0.8230308563646632,1
89.3235271420034,27.52405338866081,2.46782315051455,32.83246555509966,1.728641048469274,0
77.82818099277529,28.34367364602688,6.324973901159279,45.11462751676347,0.6430898892813536,0
64.67646235701615,25.13131264047481,4.021886229566948,44.519212814063934,4.832375086791196,1
71.78444213488949,23.365435895827595,1.4750987899826704,42.6328821923211,1.084811402587635,1
85.21092747850587,20.91098771646722,1.354924136765585,34.4136815050623,9.223215418111597,0
73.68932764497413,22.435287345457116,2.3781183893105906,42.65575410154277,0.231978597244144,1
84.32722535086465,21.905257869292424,4.0042510843158325,40.63437370398353,0.41621244722851136,0
74.25338960567137,26.926689306483645,4.934759139453577,30.848718947936675,1.4332029315513817,1
77.17646077498006,25.387130218376786,3.341880000111721,47.79136494867331,4.05453894038078,1
93.53165306413192,26.787031450857206,4.769998378479038,38.27194292041504,0.8737663851527139,0
87.47480547640104,19.358652575599393,3.12586702661277,47.40608848012193,3.6337591997788437,1
84.90335578686653,29.726997936964317,6.447840403233835,39.66169274949008,1.1083453100691965,0
93.78963973070651,22.29207851397295,9.103680189144711,44.91163031649369,3.834537020432602,1
89.80608593347347,19.59993343170135,3.214774535831152,35.70237444129859,0.649885914887581,0
99.46563291251367,22.24312894071275,4.959865621597891,41.072174771642416,1.2769079857983452,0
80.4014073768486,33.93506397035003,4.796821648300225,40.71970996563839,0.6534871130340832,0
80.70365021472492,22.44913253403373,4.277390852519851,38.38199486303684,0.48471269523538163,0
71.98890733608656,22.699614114116297,5.306501890682583,35.65388593042667,1.093409017802169,1
80.7101928262758,23.231581277481297,4.957642377959655,24.66599634580284,0.8150547228535429,0
94.64769894302445,23.405518466274177,3.057892859230211,35.771202957532076,3.0943065744934932,1
97.99987372262134,20.874095736794985,6.633091545245376,43.50254556787867,2.7537858428933757,1
94.60305168086668,24.57285233282452,4.403332494973552,33.02385225554919,0.8880586914667257,0
67.05808133450563,28.302379632793322,3.2303991603392737,34.0593318008569,9.72631798258109,1
95.83145212660735,25.257157261914827,8.886405047694803,32.825685958176464,7.2868804536896965,1
66.61481376727929,19.55533880440006,3.7675732456888,41.044440581552784,4.998014661793754,1
93.98117324122347,22.622616380265168,4.5098876828474985,35.53296707453371,1.766234189621059,0
81.32215473428946,21.79389039959348,4.3508806891606735,46.101714886000686,1.0631138865806968,0
92.02533313933856,24.211757872939206,3.740210778097584,43.673098535596374,0.7509087834925229,0
71.67551652105433,29.321806686249268,4.897329410088031,41.000620319754816,0.030292391268336768,1
96.71167632706147,23.404468815916466,2.3100001818167497,41.51974833287927,1.998294586837764,0
70.35025253895111,23.647380524518436,5.193086773046115,36.18525963675149,1.6111179290891444,1
78.31545089146823,31.11057927527772,0.4832919432151406,36.18653687002629,1.9878101567816648,1
75.01905372230965,27.50482396668664,1.4038604974857418,43.55513273291007,1.7158309816182804,1
67.457151471775,26.29632512842614,7.65144909433703,44.56696011818521,0.29634105671449074,1
85.94527567588469,31.832526461207102,1.4876399465564272,43.51131185956773,2.3773763571611237,1
103.06089117836962,25.959245019176052,0.08008229592627858,37.647086717883006,0.8939364650904399,1
111.66905222320008,16.053891432089912,1.5371676618676249,38.043389612398585,1.4525594345590462,1
85.97155787086248,27.330663031521443,7.480114538393469,35.341216090974854,0.9103207507884346,0
96.16681275067522,17.6319661715254,0.4162765194545699,43.84126918628942,0.04449095250187526,1
87.32094637928537,25.80802147432979,2.088371634816898,30.192722189798495,4.183900036036635,1
89.98883194768213,17.14502570348304,1.0836150313660262,28.97881847571482,0.3220599436659925,1
81.57851348872761,22.132578358400323,3.451741605819983,29.975703137745775,1.7453759159194013,0
86.95076925422602,22.544861881560514,3.127958203638527,29.286553586528353,4.29340349214287,0
90.37478704606428,20.919523571072986,3.0384869865459327,46.78570450749073,0.50033395845136,0
79.21540271123669,22.6045920112352,7.712267598810273,43.93402681785137,1.0621067737773704,0
84.22505700107013,28.13024688144221,1.6018493647249037,34.00701699158473,0.9487687635763734,1
84.41569881002512,21.144188351361787,3.795624440565778,39.47033546656277,0.18690886248821625,0
93.26403317330525,26.180563518042163,4.677202492641468,47.32895186924182,1.1016197954780371,0
74.33967828372319,20.1374014415708,2.0395814758557123,42.50099310456211,1.3058481174049745,1
84.48457791392349,23.242001694431483,4.973179962493205,50.57188133985403,0.05391488153613582,0
104.12005469052697,25.2953570653098,3.2003790108933843,39.42866932953591,1.3394229390751322,0
96.64060152585938,20.01388633352576,4.748618132379712,36.724205268137176,0.1970569866405948,0
98.49179048888705,18.75311826835724,3.784001496948694,34.59445416656443,4.459834273807254,1
85.24431840178035,25.96751260231555,-0.10106245113260837,40.11822327899723,2.100545869424489,1
88.20997563686024,28.492321597362555,6.612197425531482,44.68032195793484,0.1161629484635028,0
95.02236166702926,23.68373992205051,8.140916630708144,40.49562516634645,3.509424749567806,1
100.60255529530932,22.170748373773183,3.646491636130373,38.20902500178493,0.8975787407524514,0
65.48397087117114,24.622701550753547,2.204095896266792,46.28260217658607,0.5113777510143863,1
71.84558692950154,24.22191967506152,7.012025442351376,42.644460480665025,0.585848151882873,1
98.09444101402647,24.971610162845007,7.7807658057349425,39.432817516900464,1.8212068076810008,0
82.23110644231197,13.887019598745143,3.662409176820005,36.16704363277456,0.17014201523434935,0
78.28279210741923,19.723582835336146,3.5626387695589705,38.72778604234102,0.12108266511804827,0
72.45839013004397,20.619079578252585,3.8401778046570016,42.363736113784526,1.9751065322790236,1
79.44983298455891,24.60347051404625,0.6509022215093903,36.09825561942454,8.024733298118809,1
70.97630716576175,24.743511534489066,3.4177482426135444,33.831735306162535,1.321082804658608,1
105.91094272732477,26.544721954736143,7.4298837750984905,37.59924371699159,1.0664264904455976,0
84.77563948019427,25.030326996841747,3.662622678458879,39.75395153961131,5.882401161233499,1
84.42049458237283,18.797059718450658,1.9199309442555896,46.81645082582889,0.5514821840637015,1
90.88076675167832,29.78801847034024,4.99337123860896,34.199813150687405,0.5502979698330984,0
94.6234516926657,29.087673213689463,2.6656024030117758,41.133740484664244,4.710202755346583,1
94.45888156554639,18.967210839892296,3.867095752664146,38.61214263346384,2.0821845648152824,1
95.73621943907571,25.33082117749673,1.4623024389054415,38.86029607038636,0.11056836508641271,1
78.69154449209144,21.618302459027937,1.9267516776265365,47.696831514421284,2.241577198318183,1
82.02133195043139,24.55545595680219,5.4753185097271855,40.40606068662684,3.4299473452983467,1
92.69031655442275,28.21324111856748,4.231733558802175,35.43222544142111,0.6402819311872658,0
79.7261093836038,32.52041706528384,2.4478852263143676,44.44373360772803,0.9654252932336043,0
84.94893367972774,27.00511082057044,4.239070260609806,44.07620341653431,0.4404870656012061,0
88.98763764424814,25.179738940440544,2.785706582545482,34.994144440391935,2.0066747797823625,1
92.85185082310376,22.640715326766813,2.432479661259661,34.035316351564774,2.1824485102100524,1
67.22319037629799,24.728539484044706,6.3280687944966125,42.05259862353535,0.1419951120884854,1
92.14745649888945,29.439087573313255,5.5657551063775434,39.83515540629189,2.264573841337046,1
82.66275942148275,23.821164972961657,3.9574543007378105,37.647086476455364,2.1485492390123966,1
92.07457710864381,20.4555493946094,4.288674674499407,45.28149253994185,0.0715330450091666,1
92.76931692354829,17.521240537933494,3.983203965331313,37.03859651982121,1.621025949154381,0
101.07915061119158,26.052191469641002,4.974018518347078,42.10781451251694,1.9035168475062092,0
98.53453647621203,24.989152502510958,2.4009966830886116,45.87322183975394,1.1247840764451684,0
98.46571662610296,21.416367306950814,5.725009466737286,38.30434569925907,4.631688731753478,1
99.43670319166239,28.10405650282919,4.707131675781626,30.854506326353878,0.7960933439419233,0
87.91378984815945,22.31289254244948,3.4738873242208967,37.984661083025756,0.13908255510066955,0
85.3218508703684,23.461423632700818,3.0244439369829164,40.94641870787719,2.2285871698765862,1
93.72817083178334,23.933343466808225,5.6822618835336165,45.01502971381404,1.858854540934714,0
92.32080951433022,22.596189031447647,3.6990273676997876,37.39419654882051,9.03038669420337,1
81.9093376326174,24.943460262998283,2.6022138083403252,48.61546723231607,0.5261305507747636,1
89.04823408808268,28.606060583732003,3.230860466051353,33.50588810633129,1.0066886452817918,0
84.64903533215406,19.43007240752631,5.53840929777832,40.82071832273661,1.2367466775756364,0
76.46067091539945,25.954080553896034,0.7788935975079196,38.80418483145397,3.953883804342658,1
97.9046074137635,24.688634678425764,3.289182188839055,46.735454465699895,1.070810457225053,0
85.5519924253009,24.615055318178825,6.141165339351527,32.63176409609029,2.9581208157736185,1
105.48708257698851,27.48737827949636,3.6635664557934837,42.12817379067962,0.34144076643683896,0
68.74507729800168,24.197189700868634,4.545633464555682,38.77884184052645,1.0545347490141928,1
79.43221227156634,25.92091704762281,6.1735379290743895,47.64570474842995,0.3367839271952419,0
85.32638836690872,26.863458518284588,5.784659306794341,35.85720659388709,5.978660220056722,1
96.37381097628914,21.982539198477575,3.119882453920156,42.07659131247218,0.39143935466303,0
88.99469372602185,25.196733843255192,3.739212895592327,35.809042297810755,1.0862594336010982,0
88.10472754180752,22.996849571157473,5.809527803458027,40.940310887114244,0.17168388127931292,1
73.72736207445853,23.469272881120418,5.878938974567797,38.15317563634614,5.086347915457714,1
73.43058602770529,22.711754414086673,3.823899749370118,38.07385122371288,1.9553685004342454,1
88.22504660289904,25.884321616387545,3.8929086954151466,30.06282347614676,6.5644973889389995,1
71.35894006181641,24.326578836073015,4.535367389067702,42.072920321790484,0.08638217058066534,1
79.68122249710672,25.5781761372667,6.733801380034586,34.58880431524075,0.3846916864685035,0
90.00917329085857,23.929930548417005,6.135132241315913,34.41660192474054,0.956229113399154,0
75.17675727723224,17.583515950118702,5.386773407598037,32.22358297220613,1.9423382669904334,0
101.05355962361807,24.125473664398832,1.8426614478722168,34.719753208005066,0.7995158693140542,1
97.2393634423789,24.254151820627268,3.450333186903486,42.502398831645934,2.4887149306363723,1
69.285800016617,24.97038374861384,3.5554266526201945,42.255866442432044,0.3609574242674586,1
75.67628756818013,21.625083225257033,6.836970065206946,43.318554802706146,1.8357667918720673,0
62.142227555050496,19.218121133337952,3.5222712176407245,34.86509553577595,1.0148833040842624,1
77.17408637451867,26.498426579577114,6.506885646155227,41.07390812786362,1.4195329531616498,0
92.66388476572399,22.905573773863324,2.8586026589378317,36.9230823349794,1.6862341756814783,0
80.86105057725143,24.684976190739985,3.0182320846784823,44.77364844169158,0.1235292883434682,0
89.60797243615967,22.874159680446816,4.9629082116262815,42.13006977422151,5.15468243397373,1
69.77665681718256,23.97575269690562,7.136293411143514,36.71740836643194,3.0844169845728566,1
92.97975254581905,22.20285860825677,3.5764457414642457,45.202877676591186,1.1684269521662844,0
79.4489077207165,20.127665643384688,-1.125535723722396,42.536721703206624,1.585800222647321,1
85.12169682282905,25.89492664307463,0.871633195322226,33.06498586543088,0.0661533074998194,1
84.07125498606948,21.58751964709552,4.595923112328913,31.64238909334212,1.378100502925635,0
72.28451479107716,24.655805923579244,1.0504079464364637,33.26157089736691,1.1113529090797793,1
73.46915668260218,25.64184088760831,2.2688743472071753,48.24590858263319,0.9383607905326237,1
94.67794469003427,21.652749137587673,4.024683901276514,34.92268686981785,3.378609385575323,1
88.98992157501695,19.18445746250806,-0.8987344914929221,49.38070103840911,0.40160098993889626,1
95.50049041553427,33.70434245541221,3.240548421349091,34.663407084728036,0.3879226727950781,0
88.24658235502518,21.888912496218296,1.6703828842794617,34.13067472361328,1.4749415390996685,1
86.42990634809216,26.493668634404635,1.0016405641984991,44.39976240531631,2.324023422289528,1
67.73989381333233,31.757854198280498,2.3956311215638797,44.62761655451218,0.045392299191861475,1
82.2963330323883,27.15963098741557,1.8615821498611376,42.779125868168094,1.5786135991491157,1
84.72615679596257,22.798228764689792,4.9389604359846055,43.380551468958224,0.7096365621481012,0
104.53107198272573,23.731534449859556,6.393053573365767,35.99189112320833,2.8284127486193773,0
91.86956632098678,20.669571121044605,3.271146296777874,44.16501597740325,1.2655041140644008,0
100.36061181709529,27.526785707830967,2.8077484419063277,41.19998335859301,3.592441994812691,1
90.97537705894729,26.265082832234754,3.1715899976842024,38.173623052080536,1.0115964829141166,0
77.8869677305052,21.94229672695303,1.7836257841230752,40.473099488923836,3.5099628829404033,1
86.17124216149851,19.831300771606223,1.4225162087606438,45.30322909074639,2.5211362890726785,1
87.36223646264233,18.715065049345235,0.7088910942133255,41.959253014789084,3.5235167155483156,1
75.60844430229318,27.946056015216804,1.340958083363653,29.210989536498264,3.3471046546793097,1
81.15612623407078,24.481492515822243,7.263982014225258,44.45613935645939,1.3324825007041476,0
82.94233006322828,24.859938145331007,2.6191579292730838,44.07319356731274,0.9180210567900495,0
101.05619832565118,20.70820549655057,-1.8832569435275257,38.10467660179723,2.897572598053384,1
64.19259474609021,18.145987586782375,2.8258861230379866,40.58374146609562,0.8973426251456283,1
97.05818420716044,27.85045429884653,0.8191709264783569,40.56369875579666,0.18729557953061726,1
75.63204765040618,24.168156147988924,4.118969879994326,30.102702120116156,3.9157884073802425,1
71.27920812730386,27.62893864023048,3.9032926895259905,37.991648454529454,1.0123337746383205,1
96.79942130038464,22.456267493937744,4.111771275384109,38.18511461026546,0.28451920462004554,0
92.31898069234381,23.052728627852566,3.9185478425096307,39.20636565573352,2.079612404549212,1
97.5451870238119,26.853192706482528,3.254579390760502,37.37076118066178,4.410431303146624,1
93.00701947545576,26.929392318602098,1.0882077569200272,43.31420884611691,3.946066652542951,1
105.59845001737402,27.190262490743816,3.850691856057152,35.954355507176714,1.6168773386629516,0
90.58723836944485,22.819194987589213,6.037849178271388,44.55038583011776,0.184386542267943,0
83.43522623876842,26.45818895060347,7.627346167590408,43.0787104169855,2.3854267397211806,1
88.42926377321342,28.436397861906876,3.5240173453879873,46.80209193900796,1.8772194158270905,0
97.43469128345964,23.580911953273862,3.740780109432629,48.66899517068527,0.4718202439227444,1
77.20624674739884,21.946046544903787,5.0008543581777865,48.70225910707779,4.616004605661835,1
78.4811141746862,29.370990413267062,6.986483118944209,34.071910178159854,0.18131108084946276,0
81.91039985402092,21.382217065794773,3.0274067789909056,41.72092917797564,0.9337395172791587,0
63.954172012346675,26.51790598845791,5.385302633900675,36.41106871843296,0.19860900989919159,1
86.38078408417547,23.766310757920554,2.3543614689512227,56.40149794844559,4.859584063061552,1
66.13871296048974,16.63373753406176,4.659697980531005,43.07035679492395,0.07205063628780316,1
85.53059312932619,28.514376269914322,5.941208353236741,47.08155994846897,1.1094323402645523,0
93.6528975613525,12.968585481810528,1.418278786904407,42.17684751749244,3.9577983173092766,1
80.23123539356165,16.063487732969563,2.9497105559635646,26.822784571484313,0.5790537837763515,0
101.77115870186871,26.109320317922688,5.9095661933900026,36.08217484191888,0.22189054185235424,0
70.39499100581511,26.10828479471246,5.2323224610295895,36.57208529656846,0.2716493697500173,1
96.91260681631833,21.449680568489857,6.07189228062971,38.049323612181865,1.0381695880495783,0
91.7513705640692,24.59128836121298,5.696879292908133,41.79784150126715,1.1192680837299447,0
67.83966751689312,13.87427981688798,3.3177929441665888,42.50666362207183,2.53224214556904,1
112.10794299040532,26.827901857882395,8.398380296789382,26.863317801417047,0.5434302219289021,1
84.36254714496035,24.99890194821439,4.273819981506789,38.81540217911969,2.4202478984047326,1
76.22515977844368,23.817428586664818,-2.1114178982884013,37.5706193930717,13.768036592198811,1
70.92912805215983,24.08336592855109,3.435307255245401,46.90519161851246,3.993893501243655,1
82.79981972340326,25.973016704772128,3.0616574860013435,42.96122302040216,2.018865401732384,1
83.7259312761004,23.884393906008555,5.590498334734556,39.08461238798098,5.6239069265763275,1
86.02645528539665,16.503777989075118,3.097629369603739,41.11840411931341,9.445470293705554,1
82.0220384377604,32.78532893809009,6.197939991638275,31.564884811406365,1.6892144597826626,0
91.33225310115094,28.803203277713806,5.116198744813415,43.306760224159035,0.6393918503925262,0
81.12370167336753,18.860221352180687,1.9998190770598794,38.022305397036135,4.929814191956174,1
65.65035882759528,22.61945107809364,3.71925332877715,35.963106136191215,3.7182972265879077,1
83.50638504350358,23.055863239375835,2.4489331114491986,46.57115919918128,0.1768129062294896,0
61.32522346626722,28.315398266035853,4.369517293707339,41.367904113387965,5.5094882340125295,1
88.5377063089139,15.362924258720929,2.437018265529758,36.67284534909652,0.9121062621115539,0
75.20699769717365,22.003966942280844,4.148870461018124,36.9780342687526,0.7774694165633657,0
86.63360354915801,16.957454226649986,3.4553884980191776,41.829531698202466,0.8409626500508242,0
98.14074981524604,22.859617936686647,3.695553490640352,41.44085648236981,0.7713788299138956,0
75.51251304732,22.109996427660384,8.101880759596199,40.14712525712222,1.4514447948044968,1
95.61256258512118,24.31877626953085,3.279029546585591,33.983218057020224,1.7339239101913304,0
80.66610433313846,21.580502403963266,0.13113382476561952,34.722679899453695,1.1089819156635645,1
102.53194802065585,20.995906434437902,6.0316522894686955,36.258430109168714,1.064026874461143,0
81.34847386801786,26.478626767052592,6.015911803604016,39.019267846236325,2.6735901892309184,1
76.59507014493309,25.818690963770322,0.042119652406348074,39.7934446844608,0.006064261086233275,1
91.87238450395289,26.20559337111297,2.5982007575838653,39.2001448713256,5.87064684383736,1
80.64210270376364,23.292399638036628,4.871621113693046,39.428775194647585,2.5065617981498898,1
76.58550485870991,21.71304567109924,5.048406522434133,49.40622798960535,2.456889827777795,1
80.2216014929621,23.52459007191692,3.9905524730945587,44.24625043296586,1.0962360641124804,0
84.55393467816998,26.00464828027381,4.035650757866569,45.94108378274118,6.750288753841998,1
98.42180131244854,15.292881196112607,2.122824253833631,42.321319957819895,0.0006465678628667095,0
65.65912254540423,25.576447721483433,-0.7996974269113739,40.36201336158124,0.15912869946127933,1
85.23080658950421,25.236552749339193,8.099014636367073,42.04979119807106,3.2599375016706413,1
91.24903594654043,24.24860362434291,2.0626654445865715,41.1291008630772,2.684178957160703,0
86.93448574991797,23.4027463125133,4.353011380128965,44.039891043057764,0.6331386299448825,0
98.09865169433535,13.735522456270346,3.6823040086813275,35.12429766675783,1.80655099798688,0
84.25654670241475,22.240586947598377,5.794395104547092,43.623735473082135,1.5187998386470383,0
83.15448557814055,31.157754844309494,4.229794426964317,40.83529334388651,1.4978050159640208,0
90.92329547013344,24.051605182273224,4.306881906184,30.964564811754304,1.8105102198631073,0
85.9931381495135,22.770840645301128,-1.2686364960178587,40.42860843315547,10.14564820001742,1
81.0959126171953,24.06762478236045,2.3333218549154937,33.46891099555408,8.739396792963289,1
90.16144039586379,25.419091474512033,5.489266093197994,37.32501163306975,7.999708808174232,1
78.47471706783355,26.63528097875786,5.309336450143858,39.204046701225295,1.5911767717610932,0
78.88822847980673,23.084479347368234,2.096694352765577,32.464490655791636,0.765726606987559,0
79.72005978234387,25.699678409574734,0.843942834557756,39.73129408546889,1.642461341402016,1
98.53069160166407,30.70660321104544,4.253158613445861,40.34234038535254,1.9493683102371837,0
52.789836440142864,28.02500319773086,-1.8135480975916298,43.775368658984426,0.746300027716393,1
88.95598834762943,33.36120086342792,1.7026514953244747,37.731173248578976,2.003566062686122,1
85.34271814200223,21.372918566593135,7.520322150310621,41.37237502159745,1.94569186822108,0
68.1912954076188,30.704758030008062,6.890134657747537,39.522936254430945,4.675832138482121,1
88.09726779136003,20.83730544030962,4.97449871753029,37.908646318991785,0.5425773964482036,0
89.75751991831532,25.414264586961853,4.614672628962513,31.647113524298152,2.3920742558156314,1
90.896392313574,26.9299061169524,0.09965843095120208,39.44199846335251,1.1984445490420623,1
58.48171936955051,21.95689123238211,2.518665526701767,43.72256248701251,0.27833029277005367,1
98.66389411854439,24.351857109897104,3.409662804068448,35.33141604707442,0.760128926551511,0
77.6226329531516,27.641844409807366,2.561172500997622,38.91108069350863,0.11796563882371547,0
91.86567746753175,21.15891640675237,3.299513330184271,39.64756336786182,0.7693636643523022,0
92.41073780682287,30.677533838190588,6.5984488486925885,45.51220315890882,0.14302132108255652,0
76.23302914380707,18.461613501090604,2.916353877457355,40.150539119280204,5.192437841384111,1
91.6045995235155,31.758765770913538,3.318121638886469,41.44043687656546,0.21460470333596518,0
81.14506759087642,28.00530453919837,5.479062573367503,39.956719764682305,3.400272451623027,1
64.28622820661843,23.641097694688884,1.1610485627943934,37.53847087513262,4.731612385840587,1
96.67741925527778,22.389327155053074,2.319590842322307,34.32763041221245,1.260985458816826,1
77.2495503698376,21.971886948835905,2.524554824486314,38.57463951297692,0.11086943440348175,0
76.45506537261946,23.45681743897194,4.111184293103495,41.966796522296036,1.811620110218732,0
80.96934131963278,23.806016553804696,3.310075865012669,40.61538183999789,0.5351534492972764,0
87.72236725327389,29.020904986538326,3.373318181305732,47.39758464857077,0.38876820410525187,0
84.42729589177898,31.874616401538336,2.67029202579501,44.7292601830859,1.6729448211344902,0
90.4806692470717,24.79751968261603,1.8583394795704904,46.20278950260738,0.8813010200790609,1
71.60510633471341,20.617486048042384,5.218285848421155,29.838616951743575,2.62147288073076,1
77.57613629569265,21.817095837455224,3.324391762075491,47.89667126191977,1.7893082772361626,0
83.84002927678466,23.267636861554863,5.238037960294746,41.33405797663573,3.536178938808786,1
103.97887292658706,19.8795115788129,1.776745339037705,42.04462731210901,0.12031942010810577,1
83.86187461586242,19.284234391570486,2.669515684500715,44.48013672830591,0.5355472537317574,0
95.85222263661632,32.38850884949211,3.5576339443064677,40.106586542068136,1.6739874536853543,0
85.38555168784318,25.210454103785015,3.7442659263675786,34.64809726248341,4.247677045135664,1
80.16341362562432,20.667467465278612,5.50873745186442,47.237038165648364,3.357915482761972,1
82.5327557588556,27.26641428143085,3.138981420815283,36.158889699380566,2.2759415775854803,1
83.31580287971119,19.28661550077262,5.49348448562175,35.071413102587435,1.7069700882693626,1
91.03645738960739,19.615951808515785,4.749888017119389,38.82849542497081,1.996407909505251,0
98.74611267576554,20.78783039574302,3.7862947798341016,38.069980327267324,0.48059913584782776,1
88.59680847686322,30.618053123460133,2.0974024070069603,40.01903417114063,1.8086906637990436,0
96.87077678741755,22.988479736886504,5.5137505309266395,39.5089586018057,1.361495106450818,0
75.35210262370315,14.233172052390053,2.1473250653726987,46.735648837846206,0.9704277813327028,0
80.85369491185969,28.840263732702372,3.9574392396854425,42.29661299526106,4.373706400570503,1
77.75697465792334,22.77447454335057,3.8921191141278406,35.71101510433536,3.537051642735697,1
88.14444590874852,16.602367976486377,3.5858097147654346,36.397478707712025,0.15967938602600398,1
81.41041614820587,22.733266048146362,3.2213605540293715,38.05905676170959,8.499113431109755,1
92.29772937034195,26.08401558641961,2.3558466100766573,38.07899497614754,0.5226884974496914,0
75.68998288367558,25.616196666131877,0.7661271252598434,37.42627931593272,0.48500799049757937,1
85.43030973321281,31.19365991665928,6.807609465680704,34.49128990978203,5.758255288486061,1
91.86857911012257,20.58892854972028,3.0165530714855016,41.45201068718076,1.1768624858830377,0
64.3469722495939,24.186880481059887,3.743775809765061,37.721977487305935,3.273255492811292,1
106.21631307330203,21.201722885686312,3.731545232132119,35.24099270477478,0.6799230153736866,0
82.16848115120125,17.83122842325111,6.191208674457497,42.42737597546345,4.129832943122912,1
64.74960086323827,27.54210948922382,7.86638844303528,44.23910999386646,3.571214053211841,1
86.58093898576786,25.853078276590082,4.319694839177373,38.77181451099886,1.4657673273245075,0
85.33443467973152,25.13471379879541,3.6859946630861646,48.90743182259258,2.441939270105328,1
84.18105620427507,25.707160773034577,1.7530859856811754,51.07760349515587,6.650037793754212,1
94.91191112926666,21.25810858924632,1.1128231011744703,42.484450766806376,1.2031258300956034,1
92.47444971427056,19.97721965072723,0.45205014071179805,37.65594640402824,1.3632471646754647,1
87.97876191023845,24.15058948867744,2.408310080953064,41.34476777188379,2.5660590954771574,1
89.50155633946648,28.644845609646456,-0.1817095946262297,33.877784673763635,0.9769106329275704,1
83.95641550561913,30.432308541814187,6.157659907480224,35.64068196217336,6.500202851951947,1
102.75490849240049,27.18173082722973,4.846192487986849,31.5865543079955,0.08255204908260193,0
70.20803981642233,24.116697707072383,3.4967189706304396,36.85767508749267,1.032942714575723,1
86.39651674215897,25.079135717599744,6.21876796152158,33.83739874904388,2.502485718175783,1
85.6502463118878,24.046375437301485,1.8576878451934502,43.12028365957843,1.1220657734670691,1
93.13280406064592,19.896226641202286,2.360037889270891,36.254207372048455,0.6001804302273435,0
76.561461225751,24.09858951284217,0.1324134393965104,41.3831064575829,1.0670089024226692,1
67.56327397603464,18.660692729646026,5.548707390040424,43.73953220361716,4.265968160786204,1
86.56823016098193,23.503691095587843,2.3793174273814524,45.85671205754261,1.58375832730207,0
87.81230492218604,30.544420442385277,4.031391226551648,38.232877293444844,0.8162679111157556,0
99.89599409447649,27.291436891133408,6.005152801149356,41.55318749469897,2.226576821112443,0
72.29637953674914,20.30752326305388,6.741701510998842,41.71250750281752,1.8927013831071053,0
96.5469376671672,23.710283721430866,3.9417072970188594,46.36045690761091,1.643993115117298,1
108.67414364027121,20.662494752981047,4.768474872542713,43.91779039541973,0.9923905777359755,0
81.22235112477523,23.74994492729116,2.1922995079126784,46.51672494393355,0.14987883644862593,0
72.09057780506777,28.16443126609825,7.366746686015066,31.676742708596922,1.9390217371380258,1
80.93025633626628,26.612031753239616,3.667698879401268,36.67864494964075,1.0887260814624837,0
85.1400496737138,33.936576322981345,4.16056990373624,45.15908417111963,1.1199059984585717,0
90.63787875006915,28.769909610030286,3.186293855473548,42.903509184489124,0.5333562415988157,1
79.08605270161952,24.816001524310767,6.398497996827513,39.37477227138735,0.5738180770756512,0
100.55198534147343,26.708599896533173,4.399187846166379,37.629750583199936,3.0972624283984422,1
73.85467684991939,23.190227303266656,5.5218691548272485,43.94342272314465,1.3054113313005242,0
67.607948478272,19.489983011654015,4.707916279957764,30.102114642804388,0.23149052237682766,1
96.06710424287317,29.223106313150083,3.5591812335679904,43.96095592656367,0.09387079689869102,0
62.253789687938,28.03596590772659,5.858937122599183,40.45344133020408,0.5090503560255537,1
82.95870231127284,23.035783141624144,4.690632389150762,37.55580241203867,1.3366819714263416,0
116.17681129208047,25.095742947725352,2.0780418783055326,42.512204509515726,1.9207469783728492,0
84.87956447040068,28.963756749539225,2.0215772323812393,38.06975458857442,0.31021941078672066,0
73.7923234930375,27.38540570482408,4.297653458063269,40.14509367362935,1.137824394343367,1
84.42602536213207,18.147594995001207,5.814915804775255,39.76877099554821,0.15063749566536666,0
84.49199211380467,24.974480085959296,7.278841097012807,43.72264961991732,0.07691185843708188,0
86.60649940353116,23.329473898046544,0.44557308483839453,40.795909105916316,3.980634573245714,1
91.62262982159619,28.452002796554723,4.051319698197442,30.454401744433625,2.1478445402814543,1
74.6088883163226,28.124170955130644,4.979295324349993,33.039530987483886,3.038223769645234,1
101.87548055236793,29.27443131271218,4.591338269989526,34.57916898400536,0.40148621628456727,0
87.45114284372617,19.52842264511917,6.018654210067418,42.28272333389291,0.7776811784233512,0
92.26794046401804,20.863553863775046,5.311067952983004,42.78426210761377,1.1732234024483426,0
78.71850600244358,28.456329744541755,2.0289996328393203,48.35178592377102,2.146089940553738,1
97.86382136995533,21.633416738630217,1.9704166226185378,34.92784794516219,1.5307638930359766,1
82.42947591186936,17.914268076342772,4.624909712303449,46.54626484943908,1.6035025592424823,1
87.77552513493532,26.13038595045626,5.981010848845051,30.310606675116098,0.34144105647237377,1
75.6689392281289,21.811126238936108,4.286835105905391,40.0887897874556,1.2879028295781325,0
75.03068373597873,31.1591630812336,0.8441338608634434,41.22601700022347,3.4722516993225727,1
91.88205306452883,25.184738215953853,1.9056571693674544,41.20795128284715,1.4245003830199168,1
80.56393169792614,24.641037146566664,5.383031711730661,38.45202241121477,0.44564172926355705,0
76.46176912495623,22.52302443353697,3.3027098181657353,40.58947795930224,1.0668146634720042,0
78.56816657972969,30.363341335707887,4.235914606406576,33.82390214682351,2.8114325827143243,1
91.9895307171742,25.434217839559285,6.130836078303515,44.32580743398211,0.29003401714487226,0
78.70962138796389,22.366001927375173,1.5955819047600892,41.248952167267205,1.7372089490780889,1
83.82345068397836,20.823665173578213,3.171514688196092,41.81116706740934,6.722879678317659,1
85.15027750287096,23.70610778174313,2.9542543732521125,38.60491769222959,0.9570457416320826,0
65.82651113989701,20.089412651380776,4.710805073055734,38.36010187625583,0.08924433534131934,1
70.28873594626482,28.115509766715775,5.545776356543984,42.62365447082634,2.0053537215791364,1
88.36277889247563,16.766631783903065,1.0394650862024366,47.94986924978704,0.09649800346049292,1
77.62970638847302,23.441943886667715,3.9889272816674612,33.03184454700386,0.42541060070476494,0
95.56724911280418,26.440534180351737,5.738658208092423,32.77964912603055,0.09921527634119173,0
94.66807104250545,25.36847768043863,0.29042709707832914,41.33102656194462,0.374227512929875,1
92.19168666355438,21.130868107937324,3.871215117120786,38.33899956822842,3.8611083587914674,1
103.19771787312598,26.641034826826196,1.5684311184335442,40.62052885836247,2.654929089995499,1
84.16910672256817,20.45584244645637,2.7168661929009343,39.8810534270033,0.8366528391051448,0
91.4888192590384,23.91046137401276,-1.010069178963044,43.11004683926847,4.548730520100032,1
79.15599023403969,26.607366287921423,6.785468237510054,38.569182848900276,2.188337645410778,1
109.52369912868724,25.85165111797245,3.2883417451929744,33.95894105050366,1.1874965445184666,0
104.83633652436019,21.299843954322128,2.3856162719281713,36.050730194540144,0.14155939360472664,0
85.11880434517792,28.789978066257454,4.656534090914301,39.19774172552752,2.624017261318392,1
88.86586229905193,24.346778285942136,1.9153795346255014,33.72514765564301,0.9416915692436634,1
98.59297599364805,26.971981643756607,1.725510942237412,39.81573046624508,0.7214491344817097,1
83.52860495185892,30.11640402669299,7.020658339627454,40.30377327857251,0.6801217737378864,0
78.43375929200295,28.470082195098428,7.617326056653598,38.21098200064426,0.01547819128122758,0
93.73989751006883,28.480517625324175,2.8158726554350357,41.04611066895897,2.7145992246045725,1
85.7843924608367,24.77071971939789,6.134709419832358,31.92860709568845,0.3140336864112233,1
86.8299444964526,27.175740483642038,4.712080887976173,35.23407830718381,1.4706269851414482,0
76.65728656932035,24.854386298257264,1.172337416579301,34.28650556848198,0.03242422193176639,1
67.82327851636603,19.162702128886345,2.14373621230043,44.39928368973712,1.9770954635589895,1
87.361424098791,25.21097517002017,7.10219959839387,51.53082001290317,0.9224599768646603,0
94.049620414942,25.025443934953863,1.1464099343516465,35.59590210013863,1.992548910802861,1
82.74193250923958,26.334917446087278,8.561998676149717,38.823788815162814,0.18839048658963908,1
99.36429519558867,23.48801209914642,2.857275648176442,36.532853786922594,0.6194023697350017,0
77.96083674584456,20.954177772944597,7.161629812586467,41.10612620403972,0.23375717377607114,0
74.4529554503408,26.626024332700908,3.3888724107143258,36.95795675289922,2.0773166469293693,1
84.32769692803869,18.746910850991007,5.599807183002302,41.41389938373594,0.22981970014515818,0
84.1740742464871,29.835276543425877,6.790066280241378,43.32513308360794,1.9199743925253039,0
92.69968731335223,23.07432775518003,6.779907635362019,33.880875310546216,0.2893359980891762,0
77.25037175936015,24.982112688224674,2.8312689384140595,41.35757157762484,5.741889187447551,1
98.68094236814898,26.234232613126288,2.2852238002017478,31.029719883904768,1.077012707136646,0
104.66916962508253,26.362752179376763,3.83757598049773,38.717330177797734,0.27070055919641084,0
84.60855973031659,18.36406280019306,1.3990407579320436,38.38159787259615,0.08541932174388646,1
97.49710420184319,27.296346322177055,4.478528351221117,38.85431474742454,0.7992321557264823,0
74.43502929374739,25.212615313505093,2.3584066954449696,38.439697718043924,4.439917745383681,1
95.75221541181917,21.458954461765565,6.165419547085831,37.525364397168055,0.3105379876763259,0
95.47276408559463,21.001332196216346,2.8597751675637233,38.671089108025576,3.1292356901018104,0
93.63437280189879,22.663787671772617,0.5154820610399593,41.19068845888425,1.080412161823919,1
84.84436911129706,18.805033253558033,6.801829552338592,41.33128603693874,3.248370754777426,1
55.45751058757969,30.8890695639481,4.366736006663727,40.575996723498164,4.147576683915872,0
78.58272856347871,29.94460530057338,4.0582697808401464,37.13201288176762,12.2546213314371,1
78.74083982315398,25.80680080390376,6.188789569892419,45.401683241273915,0.14126874309462983,0
75.21745061939522,23.106406334631636,5.743153004596314,47.626775418291004,3.1822262897959988,1
86.22243004547066,23.21156804825042,2.476292911979149,33.55792842477374,0.1444724303492767,0
80.81036554478766,27.032262824695874,3.1004367879476793,40.8213457797496,0.7560677519112704,0
76.75387990234978,31.031307598007803,1.774089499881324,37.659290337377534,2.0782293354486625,1
74.4119985175218,21.718413041613026,1.0710958897503695,44.627990264474995,1.1858379916621697,1
77.84487014514771,19.5296558295067,5.157185069830779,39.93702899395746,1.6659998803538685,0
96.21499211849928,30.190563094381083,4.784368620083363,40.26588973951568,6.774122789953266,1
78.38974945372506,16.851445649662196,5.521658423045033,42.47483911695722,3.4147273601920984,1
79.85061293566727,19.965876766989414,6.563210882991886,38.51230520734872,0.9040745727752297,0
80.43302384976754,23.012568429956588,5.548949589851345,48.38740538699,1.8323046568961305,0
88.3899351380942,17.758266128779876,5.726918952610516,42.54869864158275,0.0993955106893499,0
89.56249488528533,28.44859625122639,-0.15592251634427434,44.65803747487415,1.2062409114593378,1
54.55343460756838,27.4276210820204,3.3860295161500122,38.89722202017934,1.875011042109484,1
95.21635213827608,21.70082709113873,5.929152989339974,39.38572169207031,2.508548124625296,1
99.36368034243753,29.11845647671099,1.663582527589567,44.05812429782002,4.635748533640529,1
74.4981346263833,29.797169713615304,4.183342765675527,43.55591134129793,0.6655213199790488,1
75.27701755265166,23.547317406839746,5.0389288812270125,33.756657338336865,4.649056862792955,1
80.49746612221729,22.19732728972797,4.885706987676973,40.638162982414094,2.1665717769329644,1
77.43995980543396,33.03840811096991,4.7375926159166,42.36918972783213,0.1616517601536099,0
87.23926873946607,26.88464728833662,5.197825438091151,39.348496875016515,0.957145709394853,0
65.53474713641135,25.025298611875414,4.361487789856438,41.89463782841663,1.2947999257326792,1
73.8207239196326,29.45418378655845,1.0741435852179735,39.56002876077152,0.8692336376446074,1
100.39197200174908,25.207722540012085,5.013911070806987,28.766245280221778,0.24645994440847604,0
75.71780032651982,21.977517656323247,4.569493121107488,33.445542800139165,1.6040703221045383,0
97.43428278102925,24.320639041950216,1.100503098289093,44.8749221709641,0.28255907473988484,1
88.55338195590137,28.15461714927894,6.759470422173141,38.77809874788834,4.930848298573998,1
66.90732285411741,16.031257734603145,5.06767539949608,40.948454976212155,4.008713568333726,1
91.35329195216207,22.847877042243116,1.239303358045083,39.98171598504402,1.2895357584888447,1
83.82332697807146,29.53222959432642,2.365549672055699,35.873508505856805,0.14030561526173024,0
80.4453294375026,21.95252639562593,2.8718959165076408,37.66460764088471,1.6068413109207198,0
87.44957093172005,30.18443424172564,2.8704731223987032,41.644747384190836,1.7941368937200073,1
89.74633485566793,29.65897527743925,4.586100377636884,42.1549806784859,4.3860770933020685,1
92.0759182197462,23.737883538044194,2.0472964978834765,50.94204735240158,0.13980982531940586,0
96.78252847548002,21.725842780443998,6.256273494243869,37.61128910611194,2.35599145068921,1
89.08135912778357,22.85056450340146,6.0916069027359825,48.35319579162946,1.6547514219833117,0
71.24365911213638,34.658457968005735,5.238634619199179,35.697925585497316,0.3841972749417505,1
80.2635454234881,31.497697787732974,4.088483550787702,42.44300096872679,0.2596102821539573,0
114.43048335268621,24.501563887226954,5.874895030303074,40.88936309765917,2.3680190108156594,1
92.24491060381727,21.567385793518362,3.448104554391982,39.37067224412407,0.8304881685629566,0
108.69287300811497,24.46816414232505,2.5510222772335815,39.97170774068647,19.432225759148103,1
98.95434082199185,24.97530770646706,6.380219291239482,36.88692504047055,4.488691984138379,1
87.41802071555749,19.026565049562585,4.635085514038019,44.51952277731923,1.6681199470261807,0
88.01407069781118,24.32016507686104,2.6318847188372168,35.786924797055455,2.0529456260341807,1
84.63419960123154,29.28961729924692,3.1645152659168416,41.58762960157447,0.3460574884053755,0
67.621953841535,16.802573275134108,2.5271440324694643,43.7792916678869,4.488721062993204,1
85.18047252468224,27.30633586054899,8.044349717657209,46.9210154669386,1.22842718843301,1
97.10674552542197,29.49919188021912,4.008196874901049,44.85884734448989,1.4735879873617923,0
79.00360005178797,21.757770619622526,4.315542622507337,42.86214723198862,4.129170271194752,1
89.11952999061809,30.776703032764225,5.442438095723881,36.811340184250035,0.012539889140613254,0
93.51591045893197,21.238651750206618,1.5692780347859885,36.071124238467924,1.3638076519627609,1
75.90319560687524,25.764330647441614,6.193094532572447,34.3071055743516,1.9711029191482023,0
80.48697135656336,22.77290926134548,2.7843077384242942,33.828672152866275,0.34706460234641334,0
74.8208850952284,22.772014571349587,7.660032572230298,39.99297980927828,0.1414896752681608,1
76.77834393310593,21.530803720967818,3.374682539970814,36.36291648816739,1.531152483846431,0
72.12394716346938,26.794301923448078,6.075280029526372,45.996128172447996,1.5860634668770526,1
75.99551538621974,27.395221830925795,-0.9935962342381739,37.10519204219786,0.8017030520568307,1
99.19455680797839,23.742311201691244,1.6497338478280592,40.47127918685841,4.278065105269433,0
75.84522970909708,18.560127145310904,3.4127856820047477,38.67678115779914,0.7164511095474492,0
86.2645921906069,25.61268066653756,-0.061565996249782096,32.98071281307924,1.4533230267977155,1
79.97131246329045,25.688057437642776,5.2017688976828085,45.447204157901595,0.4133474505882707,0
96.78865937036939,23.13313995445429,4.625916250872498,43.47741042322497,0.02244609790303921,0
98.11162296603617,31.468925148723233,2.0183447002802453,44.05261044461524,1.110348818888756,0
93.64069982138948,17.744282940397383,3.9680827402710026,42.97473330124477,1.4971014980309645,0
88.06134553102756,15.130865158985728,5.61295445984625,36.2025748250244,2.8936167568695903,1
82.68940463159102,21.076660401209317,-0.20609903373994776,36.299755173816116,1.1912136127882085,1
73.0812529580875,26.8416981363658,1.4530219675306864,42.259938205965575,0.6534895080411617,1
104.43528881122197,19.776621450264635,3.3298234015533112,47.714597829921004,1.8538778049505482,0
77.40326982247447,20.076116325895697,4.047447253264951,41.929894489216,0.9598660737926576,0
91.63646347032841,27.804085344712618,3.8827771567969127,44.89233338425486,0.5316447555205063,0
95.59565572623397,25.850191691191,5.778589570871421,37.37063833851043,4.823639236801973,1
79.4471950309467,25.508243638513598,4.954422491310794,45.48925454984991,1.5387212288362029,0
95.38012527315962,27.12571567786211,5.393269681142119,37.90265803932613,0.4474806361919405,0
92.64213203338855,22.29922818690846,1.2202485343912697,41.200796356230995,2.222856127677301,1
102.27963835381766,22.484063703767234,4.289647709598761,38.16919452310593,3.2498912144583714,1
80.30653533573289,27.2391170902457,3.3857149815241128,44.44578086838447,2.842051179785008,0
72.14135982720285,18.620452876875202,6.9241437633375345,44.5138099464257,1.8302698553479868,1
79.9451024455549,15.429120614405814,4.3487912747558,32.61609459928415,1.4663624475687629,0
87.08853542534332,22.26686330548858,2.661892130567942,46.6264891711109,3.004072111035614,1
85.58212727085056,27.723493156262766,5.70500255191008,51.88204596379597,2.462840143089742,1
81.0656210372545,25.022238795947214,5.126595591729295,38.22333658484355,1.6948222853891917,0
65.90802541022757,27.42916601649206,2.356796654719041,39.36599214168389,2.1442556268386217,1
89.70482996129107,15.93482275830734,3.30302059446165,46.19714897120076,0.3693506762549454,0
104.723444790822,25.26198723329397,3.3371070807832774,40.33383727652858,0.04026978292385072,0
89.64251238123003,26.615458018569512,6.4549221845590745,39.980128449834524,5.351246452174992,1
91.09135519053514,18.596810309557263,4.406483747756884,49.48484366943706,5.475515110207541,1
90.72445306155102,27.44823036218618,5.453564957120344,33.228514192959864,3.102062376488462,1
88.970466698824,23.55392441397683,3.0134565577398345,36.055184349331356,0.9313992575342379,0
94.31665966868096,36.28534680642401,4.669600582278882,42.08911496777929,0.3268049836826357,0
88.95373681185666,15.291055724413058,6.606721805859316,31.902277030621498,0.8842544123199392,0
81.87322830346724,29.476457470699003,3.277846469498705,38.134954082984684,2.5909592085322943,1
77.04011089991246,22.423367613895707,4.230309607675553,38.08917184962387,0.816537966099765,0
82.51026344719325,17.531393142239825,1.2733874875247855,44.808869101111576,3.1784172530593184,1
88.14129496450666,21.892179425740032,2.468883820179945,43.4642651725096,2.2356715909770215,1
81.83917038877027,25.109916965349864,3.331114216004354,31.58386375585339,1.9883943422263664,0
88.1433868313143,28.149866678260175,1.878321382096558,36.53438329157726,5.325298595368408,1
89.39150133700417,30.887857152528703,6.643947355043693,36.549718579532,4.477649189885588,1
93.33179431270182,29.68757235481737,2.3239859595169743,38.9171206162483,2.487267799113615,1
97.82794968838981,20.138471917182024,5.573597184234491,34.51226405195327,0.4444068201487287,0
85.78007418478857,28.520658769064468,4.373672475062953,42.25823970985833,5.591279936072659,1
71.92223434852339,25.565139828483495,4.061703897020926,36.52906465348128,0.5152693075340194,1
81.5489590318081,21.381587916284047,6.972327289930315,42.943109680018615,0.9322882703739748,0
85.440625674066,23.152357626090076,-0.5212005938551592,39.98572878084152,3.506399203024975,1
66.6423124382291,21.160629362221105,3.60759020635379,35.134624304948055,0.46804782614814006,1
98.88664520102482,24.148369367745822,1.8392393268691158,46.94138651372748,2.035557732664841,1
86.42377912510466,21.08136847082352,0.07715918173392478,47.08863317141522,1.224374883584182,1
88.81352834580285,19.888023707130245,1.610536532484617,41.4517265760489,1.9565094542077517,1
98.65526462526266,25.916476511131087,4.034475070006142,38.80396893577991,6.342590449937431,1
78.69857169857653,26.514922193038547,2.549305741587109,34.718535933126105,3.304317990059375,1
90.7404193088403,23.24961199963355,5.793227179650297,45.35556684936215,0.7014500343064983,0
83.90135876898064,29.470605215743888,3.572308304117339,44.113197675115664,0.11795976721156508,0
83.1591313298408,22.958277654019547,3.350523290558114,35.930020274934876,6.825184082700867,1
77.2780761219562,22.78890181949785,3.3594380989878148,36.56593633159592,1.759784661097791,1
101.65603213686528,26.64195592938279,3.803011187740922,42.28460232087856,0.38015545109618565,0
81.2449995992443,23.470297660226652,3.163042930114494,34.122781263244164,1.9729365112300108,0
91.99464246895703,24.339190916104574,2.2974926048716737,36.87156788125304,0.08626694286525292,0
66.24992612528064,13.91824611752374,5.978369767952072,34.797171675136845,0.4153328795430443,1
96.79988529689787,24.0668295389519,2.751809899222108,34.95832995182824,2.0027738174747562,1
95.52211155957059,16.69121625011496,3.232946767307628,36.39967752901149,1.0299260523445148,0
85.97434110297303,19.116197716004518,4.858810160180622,44.53002077252771,0.7863569788881114,0
82.73057533862075,18.65870984497798,4.637482492314506,31.22726759829815,2.131291317281582,1
89.00000005613566,19.829667385864695,2.213123875307901,42.167421399894856,4.025862683057809,1
107.8879066088029,21.80458456147099,5.509963888221494,41.28973666405099,2.2700822649182593,1
67.36763301096515,22.05402953781806,5.07534067967681,44.84171882042465,1.2451554167212433,0
92.82027387574128,26.657100817028503,4.3559496683745085,41.28524493565249,2.150947118112906,1
75.88382697846097,24.889551256538788,3.137366298837016,38.105803376669336,2.379168408619781,1
84.80081603700269,16.395702284728056,3.186538618957183,35.92345137280068,2.9837597617979608,1
82.52119880921337,24.33317855018723,3.5964057939967815,44.95205836954726,0.7335901999268524,0
80.71681742202244,25.27302098633371,1.5363361177444683,42.48474042127646,0.2430559015657054,1
84.8953487094727,22.685733934988168,3.9214631028060873,37.53432170591893,2.2906535963389967,1
73.6582885472221,23.75645609237319,5.784204080893998,44.5445586208333,0.2581336615415361,1
95.29180436127967,24.761240501588226,5.752742379668047,37.770608923969434,1.2398477956838632,0
67.05856488801399,27.058398390542322,3.238296457447094,39.99529067253002,0.5245527826175025,1
90.39764512828341,17.70048005014906,6.128166545451073,36.97758145727685,0.8071469263567417,0
81.73464147465428,23.022731845441402,7.81180910905889,42.66920952200114,1.2721149447460551,0
73.29075106192546,30.033344392230916,3.3675849294743454,35.0290432490506,4.530128430457064,1
87.02383370598696,29.666645233191826,5.383029412864337,38.507056559669245,2.2815184365015098,0
69.43048913293522,27.40374771110312,-0.5256199253815845,36.72723108374443,0.3766068923918894,1
85.39713821719634,26.147298735822705,1.4837065436360177,41.318559808310084,4.231338743265915,1
70.77123092188445,30.618538993608354,4.18224205866704,41.942439591205165,1.3884675607070065,1
89.61272084317831,31.671392006426665,1.9865338749632238,34.479195364541624,0.45695044376655153,1
75.75642666369625,23.48368004781259,8.078404089444897,42.03215694412373,1.499173366930967,0
80.49005982970691,20.12227022684672,5.1957593745931065,32.61638308154482,0.4237289818744409,0
87.93949387943162,22.91883072950202,5.9316632937162606,50.9598658571948,0.9155971566266132,0
77.27457888157764,36.38678205508821,3.9419471876788257,37.442634653599505,3.274891525911904,1
84.42036000331697,17.722574629099224,1.9935839602726957,45.24630332484471,2.149491993836276,1
69.86169498755146,22.117843441882332,2.962379435650239,41.00583196282917,1.2999529668784275,1
91.30875603596155,18.349235390029474,4.50876095925272,41.20897750509585,0.5135023819651817,0
102.6491380555077,24.49905545150954,2.724169323181978,34.169630370768715,0.6630433741424471,0
112.92208867909962,19.18923588442053,5.3423839834544,44.21720429540819,7.6550337274075035,1
85.91168146666439,23.56499590866553,5.422829938409277,40.243235659572,0.8399500279958853,0
92.88204140797187,16.199619359924963,4.009962607879177,42.35069844342195,1.9148898894672028,0
67.19374327092511,26.4704826603386,0.348729825966001,39.54642838577441,1.3852873651011026,1
100.02734326305588,28.8893810258719,7.429569867331918,40.65021531458312,0.04675034122451321,0
92.76228504724106,22.464225511746164,3.5746542866209645,35.56414202884116,5.789053389994073,1
80.16066555048766,23.459479971697192,9.418553296942072,39.23554461584638,0.18407545641429232,1
97.37180800289009,23.34637107707475,5.30507139270439,37.90055395840327,2.150032226620077,1
82.45523923354658,24.7236427009001,3.580089846535886,36.47214401121943,3.3322732225303424,1
80.41974816985443,23.847321652134287,4.895643752996008,40.67262869847457,2.7624917951101464,1
89.75334925427491,27.072467809722777,-0.03857103415722385,41.81693477909258,3.3135865472024073,0
74.3664550016968,28.932156533803784,6.052284806471933,41.25386004864923,2.6919947662386243,1
95.21624764399948,20.743715110031268,9.133882475058952,39.488696025817674,1.1796372569302718,1
74.44010188073156,22.762686028902813,-0.17846694768675775,42.055545275151275,4.532016359379462,1
74.49945210176814,27.60647779569898,3.425181980348585,41.210821059908874,4.870886882797134,1
75.90310211591665,18.313323807763872,3.7893237544169476,40.487636022474895,1.1487910163852009,0
92.59500037516122,16.11711487261772,5.7504572583261275,40.830755099844794,1.3263084001179097,0
78.83224638480293,24.905263811593915,8.211951348331073,45.91501494883968,1.3296886127534724,1
71.52004215632832,25.98538564428197,4.7657642451911295,33.974632192986746,0.6539627295834416,1
78.94320000064202,21.110799248185632,8.283583648431055,38.407019150910536,0.24419205118022444,1
84.67957629319513,21.685395783518178,4.340864953769325,41.69087304311436,0.6075674160571896,0
73.19027516335615,20.959230713036405,4.902847637592459,32.08632048758667,3.7171298641586437,1
73.48318890965656,20.532299042622263,4.65647113232051,46.91292241663035,1.566389865145018,1
106.11296334099585,26.7739832824184,6.440599566010173,41.274089378622406,3.796883699268095,1
76.39434596186113,19.278006052009445,3.1553578837795935,44.7845088221187,2.7342539690708367,1
81.76957631226993,22.937908554266606,5.636573517523018,45.59880939277441,0.8573073370919487,0
81.32762999200715,20.37865532994059,1.5384067874871459,42.06226464455326,0.4099013507975496,1
80.78643192229558,18.17884409639514,3.4309917906971816,28.83703147277975,1.6750506591163472,0
91.21346739969103,27.480712698987084,2.7265127541223837,40.73847110865105,5.493271447643399,1
94.4814295047205,21.920699111305844,4.175923117235884,41.05943456764299,3.657866338427447,1
81.94045568468408,24.75376032168303,3.3678405011924366,34.56566622214298,2.886453303053256,1
72.63521713407651,17.967696480795958,6.26426738491395,31.051632716235915,2.889322761700797,1
97.74440227848903,21.032242184974095,2.2426638096567153,42.30834651400677,1.5005075014213873,0
84.04658908803317,27.024351522780023,0.5373681283779748,33.75404831391032,0.3715182017930666,1
102.30321814857169,34.34908582338124,1.2854323605768854,50.30708604483393,0.6724692990128855,1
62.54414102434837,16.095135742438753,5.988336092602639,41.315686409065776,1.7249921212995427,1
86.9540322128332,23.195568818842293,2.0608853133675558,46.75755858752454,0.7606283960714216,0
104.18606333876208,25.649122392574,4.795688831041417,40.15581699683891,3.0425496888703183,1
81.46735864561842,21.535599387042865,3.4104249935038404,43.757694139881416,0.9343090193387615,0
82.74506576665364,27.398087947976496,5.64848810950651,40.26631965614859,0.24184299025161243,0
87.95511691590339,20.53306931735875,3.5384685897667794,45.02786465187837,3.0515207424807436,1
79.41204181115043,24.615390640866565,9.528697032234273,29.808340492323268,2.3955188499698243,1
81.87928067947267,21.91171238200656,7.79623403163701,44.4407392194471,0.5838001874991257,0
81.62184905808597,28.87772433181909,3.3695796391886152,43.34382080467108,7.93879897266617,1
78.72579265573627,21.294541987857578,3.0957308218100277,39.2292417095849,1.0323113519332192,0
97.2885655020056,22.592504814853935,10.264652301616923,37.95418057667604,2.2817498502333766,1
89.61078032296435,27.78275614998862,1.8422980773428206,38.50448874745115,4.825881466301375,1
87.50628232103303,19.887845363628546,3.889952904163302,41.413834841909996,0.33919748422536417,0
93.08571006890116,24.27500022705429,4.044897839410855,46.07019682327983,4.224289675580919,1
82.35644166796533,16.709862625253592,3.9953242043708515,37.32905396111244,2.4342029822335505,1
77.257961816471,19.6482661654837,0.5225765589389471,31.491164544205954,0.3667949282432818,1
78.97375695385443,25.528525103563215,4.993204819351881,52.42290492122532,2.1843392667956913,1
85.01783041104609,20.03720996185507,2.059299817215366,43.357872822568446,4.152104467673983,1
74.40788291627098,21.821708272704832,6.8719782483381415,38.04394192979007,3.209054060997588,1
79.99738983413324,25.972345608191752,1.0880699151307565,45.94423359498524,2.8592972224880797,1
79.83883358128566,21.683255435412278,4.118931854750953,44.66846950907552,0.35189061270748784,0
106.24556229829014,27.29136829286543,-0.4322412939037763,42.4614118683495,0.42298367026101213,1
57.261850600660836,24.862651149944256,-0.3087674126814477,37.614741540027524,1.5868919676955509,1
83.20380278594367,25.74273244769801,2.321296083414735,43.33661259492169,1.735696573691493,0
102.2569379281477,28.963862394954127,2.6035798353259434,45.44779411846355,5.751425742852926,1
86.21844464132454,25.279292250456262,6.9314528259788695,31.399636338545776,1.264786629369388,0
92.53417473421092,30.155389161877377,3.9188163274762036,41.12247490986056,0.7205130066054765,0
85.99826315099767,27.645049132151293,6.584813801823108,41.490878513887345,0.42335139652198484,0
78.3266661878352,21.906190280662173,3.240426810646646,41.33038330714436,0.11138688143529617,0
62.58084065491087,29.172592300085086,5.212170365760663,40.230918082580885,0.14224794082670633,1
87.05455687036303,25.05546408361178,2.5490493661621985,45.93036537676951,1.7074157109244665,0
77.24393395397608,22.421281165357986,2.4130538618027977,38.94341533461418,0.3878054198230571,0
76.99664593834696,25.11354278128353,0.3582997221642108,39.98607275355515,3.8159183060069735,1
80.01012744020888,28.449307297561052,4.671507987702549,41.57832659039228,1.8150179085686187,0
102.44861406623494,25.82018037696889,4.524166829400299,39.10965236347592,4.003281082405505,1
109.04837542253972,31.28957133020559,5.554625774571704,33.06999371624423,1.1153517544672744,0
87.17207937528401,28.346122231595288,4.429836574282791,41.07065021844466,1.81157712148577,0
80.35232776088273,26.09264013360865,8.052391954387936,41.12728188685729,1.4906851450827034,1
73.2277358254879,19.89572766903537,4.3520552733550195,38.17417459292275,8.636489248735996,1
89.68540161546069,23.281069943959515,5.9836534286762415,39.33842541735349,3.187324935779191,1
102.82905600065143,24.286656559003404,3.3517818340017946,24.100648801800098,1.809713114800475,0
82.52659612974843,26.78652600487099,2.1830599313972225,46.04203024667067,1.8657855185967684,0
61.21003959246776,26.54933216508877,5.435390340373273,44.505150879302995,0.5721712619720776,1
91.70049671815524,24.678161640873146,3.821704024359318,33.31084409758741,2.6541871966507093,1
94.85399711450049,24.481399661508686,5.664086091859241,36.62266377486219,8.129516720979812,1
69.14154359614153,26.88182758030428,4.705873083689362,47.242606805207956,0.27721721819638984,1
86.76484183662953,20.565655097480057,2.4139733464196875,34.22574661339524,2.028144514708273,1
89.51226016136098,30.782063276999427,6.148675755354057,42.39229344618067,1.459129948653357,0
84.26892697991062,15.811332459346115,2.2576200924306646,37.53991634459778,3.7997300673887997,1
77.09229080914646,29.821637928688116,5.25065252659101,42.05070978342583,9.374178005902433e-05,0
95.15937223563556,23.81925788629935,6.5632222230517065,40.250690125785326,0.2937193848553475,0
80.96620254031318,28.010319257086376,3.2308103231696848,38.58384085361454,0.0755549054370045,0
70.14813837300068,25.455361737170453,6.31198890734463,41.94260936625727,0.35570296902828136,1
64.50525514330319,25.384137643643207,4.795233668106385,37.53476407075776,2.4615665649354446,1
97.6084951999931,26.217017904106083,5.703887556792527,31.078835635222628,0.30088179606196536,0
91.16663976471118,27.236217156351113,2.326488617794828,35.36138865623133,1.9474745288872777,0
85.8797354712917,22.68467669365104,4.428600464107495,34.76070687559527,4.053026686300878,1
80.59725363149197,28.139196522104946,1.183837379950993,31.97940421039564,0.07047431661368339,1
79.71001585796873,19.662117505684865,7.422601030620927,41.84700033173853,0.05430341994112179,1
74.24263351558389,23.9786777066955,-0.027996643169013957,39.136166546947464,9.180223138021866,1
80.68544355440115,27.343879697089108,3.2904963607423,41.769705329049096,2.2372702216004865,1
63.79912784879826,27.980070318463557,2.1365828116007557,42.60375677801688,0.30326322807767975,1
77.63936346531486,25.843155393045603,5.349400830404475,43.78234418380121,0.7325618390737497,0
81.89062483648907,22.42643024817706,7.847891891859836,42.034608705743906,8.400097376883819,1
91.09880047190418,27.586831113474815,5.309830197375051,35.101957016028905,0.5155128861419559,0
84.60073536626636,21.322535043524987,9.922567393902703,42.897627626254874,2.795330046567479,1
92.9492311387556,31.005636294995643,1.2441196468823201,41.109023696038534,0.551986842404728,1
98.4913510511343,23.661316410001344,1.3976317349428693,50.95052389562414,1.0165498607171306,1
95.58170093824101,17.84149722317616,2.2137715367691997,40.039591699365026,4.252299179260683,1
89.70509847378557,19.22126612793379,4.242489390591812,41.91449892866466,0.05770232431370946,0
85.11862679180784,24.17457454751835,1.9461552494335002,39.52587195592849,0.7341293454335713,1
75.19211991586441,24.559301085304213,2.496674491389949,40.24447925348274,1.3357103085785138,1
92.39944051379317,31.878626739804382,5.240967047854576,39.90693322958452,1.9642988498537932,0
101.7974738222153,19.846002649543095,1.5216562337723643,37.82688211899674,0.057296243294814836,1
88.42106039650419,24.157848797215724,1.7336079740597965,40.88676828877458,1.0575412409449496,1
104.17259148426123,19.762314371671774,3.202922494019856,43.10880221061554,0.8440647263696017,0
69.74428291938916,22.029380587146385,3.391113858321358,37.902466603146706,0.054468212835780946,1
73.45836615220459,30.73588812027735,6.020031434442632,44.177866442551135,0.8781504379296898,1
93.55201507748262,19.454655107376038,2.198720504043759,43.57155164799897,5.367348129361007,1
87.64290210153251,26.348169696271334,2.559440031758205,35.59868874086677,0.6421425252510139,0
98.13782176571807,25.571629436057567,5.163340232558013,35.18155137190928,1.7618051761168296,0
84.8452835927326,23.903314294567167,5.602788647566765,42.24076700053463,0.7079164390694166,0
76.32024577471668,26.07774649276695,6.857448934253176,37.062321075104265,0.22558976582249698,0
82.86406757794957,19.359918472226845,4.9382407097295085,34.771446763652534,0.6842018400729547,0
69.67316029076267,30.62529003121423,4.2607281199236535,48.58448723076701,1.2726232735561689,1
73.71409326902966,31.699381980494085,5.1500768134923085,35.16836217850658,0.7025459726296066,1
94.7244399791801,24.188418791037254,3.4651743882229047,32.38202275920381,1.957233118471983,0
93.7278741446961,33.69242452245422,3.4504648112490424,36.081533057894426,5.955341615810636,1
88.63004284806077,22.40388827380032,0.4517793754424928,41.158240968612816,0.14357546985727584,1
67.78922479039531,25.60172797542512,5.786831913378668,40.367760386671065,2.5246475804016697,1
81.41596424487112,29.727556255098055,4.422917890103494,49.43606715082416,0.0025143940708684904,0
72.75000111339949,22.16398215910836,5.554078532736611,36.15803526113618,0.0020440422725392458,1
96.76533253787765,18.47380376448225,-1.6316209889545883,41.18078203493962,0.2852465800912501,1
79.16277866437399,17.553131737524584,3.905796584212908,45.64244444194575,1.3075856611100458,0
74.1425228921845,32.243306255610634,2.2882369872447352,36.70492075753326,0.09838896511134324,1
85.29796165121425,21.883901397444887,7.002725009640466,43.518621040344854,2.5613604831265984,1
78.59845543165389,23.257052946326006,5.228433830967658,30.839144495705128,0.0594376130359355,1
99.83743910203707,19.54894368671578,4.46847082162112,48.79377269705369,1.3681044297716147,0
77.65189102465808,27.793357117316752,3.1361340613179514,44.973788807536074,2.254632493485946,1
71.00771740775369,20.873760563101662,4.794416620263293,36.59662501395514,0.5424382824368041,1
63.470864842424845,22.03494788935471,2.1436287412437913,44.14908888916858,1.731661720688673,1
84.69213497586586,25.198081677664643,3.8005493046284684,46.565914497299666,0.6070306251058246,0
79.38069886142074,19.74381629101771,2.84327322602516,33.55665708091636,0.48184447108055833,0
70.71095393488272,23.285670921943098,8.532979309963384,37.0006105051261,3.4117810470070666,1
96.89226461255785,29.60883835801308,6.93989551238168,46.73041706921466,0.8096706367766187,0
91.67245147429242,25.71301759006745,6.1260949679656616,40.33736444719982,3.3637975125791906,1
84.7178212106277,24.522169169713433,1.0193779556916844,42.18083082849742,0.48901379182786664,1
98.64326244170867,24.85945883785546,5.728314224568107,40.35098614303145,0.8796956664581677,0
91.62536033398612,22.443459616093744,4.375333350283875,44.45744421832905,0.2166382508605892,0
76.77144098481568,31.9846092790197,6.446920279032291,42.56465820274016,1.3723446760280158,0
74.60779836009235,20.75137147786373,4.644790190253879,40.53108631961001,0.9612211042368396,1
93.17981544453862,24.84370464785572,3.9865646679233926,29.4915367609134,0.011948862167037676,0
88.96366956467351,24.46010226537123,4.467568592673118,43.20005315257471,1.2504355587748404,0
86.69747767970662,28.03505002853254,0.38873341675491035,43.64620488329606,0.15465783231484478,1
76.53502197131093,28.41269575517456,2.465193455664405,33.80230563621486,3.62747091335048,1
91.07947567005753,23.871924782051718,4.746671077406544,34.142005458821984,1.3612248372356766,0
77.44501116866051,25.1626659724522,6.278776716813165,42.587992978347984,2.3426930640989623,1
83.98013345406322,25.314139015655794,2.8990137673757634,40.971625340671345,3.442259027939225,1
99.4694414638698,14.911433377717572,3.918386240272133,30.126032090391696,0.10506792898050983,0
78.39165764189855,17.644041590088896,0.7980151106492195,35.88989147927211,0.8225572000657572,1
69.27010742927139,21.579745237112117,6.91862162670752,41.569215494510175,0.05087732686556504,1
74.4745280812989,21.753605294492523,6.227483464466242,43.38338434584434,0.10180060843608162,1
94.94298826687623,19.20287031214347,5.304205237134397,37.07840390087099,0.0771333527370375,0
87.54731137380209,26.998330285494518,4.813612375261781,39.26271755750819,1.2998173345638337,0
83.71122621311247,24.00847368406989,7.1050981302935945,35.60323947152689,1.1981411501026318,0
79.90906194688431,23.141221810452652,2.3899780173705656,46.61961837080766,0.12639179746743653,0
89.8535990755319,18.97537890197045,2.1736768873466827,40.87294138763004,0.6086217119221085,0
76.50895149009776,23.821820543020845,6.123039572512858,36.661558585926265,0.5607276869492078,0
88.05665568642596,13.493260976005553,5.988626763416249,34.21849283912591,0.7037021496025035,0
77.68745431187043,23.348174756776636,1.6130088278216959,33.665563156005156,2.0475425352014565,1
76.02340614724946,24.252734675231025,2.9372802368462674,49.057773596261654,2.3884890373256473,1
78.62512565174988,24.967659937285994,7.378186262154779,39.13244077902442,0.8282190165660592,0
81.24592553516038,17.74359294608288,4.823334656431808,38.00239454910876,3.104515021250518,1
84.51170164066296,24.8992669467659,5.574323036036344,38.933780927341495,1.0820892253894212,0
87.35455795111115,19.83427492054183,1.6819069149412869,36.84895106931589,1.477974702035018,1
48.11634708571556,20.750120670830665,5.313289049074356,39.46494753460712,0.3145936484857665,1
76.92349442253236,26.87172554329066,1.1609169084582396,40.17464201802485,0.5302643377375826,1
81.08430022643961,32.056454893438975,0.040357268798629775,40.07501766071094,2.6006387684345302,1
100.0506203860833,24.20543503521072,5.453647920361736,33.68701100661773,7.548198243338286,1
74.19997391617868,20.73161816543907,6.868890339268978,44.46215490024097,2.439212448001612,1
86.62796618099912,24.754681790039996,3.4924278485016647,37.23520283429717,0.11144488418768381,0
99.95030309735837,27.756116629996583,2.9068986362910834,36.70668326394593,0.308381185381789,0
71.87031470052727,26.48399026349094,7.421697312492741,36.48086991733729,1.180381856620255,1
88.93975225864402,34.97245148985498,3.6104332617707846,34.73764153434451,2.6378162687920343,1
76.9772816606548,21.138649723621334,3.8684625528854806,41.338988326436564,0.36288178846013847,0
79.95366257710765,25.008925919677193,7.387914452880671,44.4749098617,2.7791686269060962,1
76.96889166046685,30.195671813672813,3.29283037394358,36.38505390683093,1.6231215877942478,0
77.68142691584114,29.944636948074127,2.691944781310268,30.78437107309114,2.9792532369306097,1
112.21912147906494,16.199688293902476,5.631016448274176,34.86442701195788,1.6312517104958406,0
93.44455872071666,23.986569519840074,2.5762876912417685,37.75857025352974,1.845237311665479,0
96.0173786178621,29.9380830633948,3.7107969237556357,33.84282344284374,0.5720257753654338,0
89.91993486836496,35.56257196159655,1.3616827965756015,37.006341554989646,2.547287074788491,0
68.93743211598041,26.815183535003275,4.370794176753026,37.24236587859633,3.7159827603117077,1
88.94957970323307,22.528546825214065,4.136194974406186,39.922549889415365,4.10039948722281,1
95.72929614507346,19.96318739025044,5.936040549446288,32.72522766873854,0.0597910062301238,0
76.46600525960889,32.8749734301234,5.714513073323461,42.900566864961526,1.959514594010177,0
94.65326667161126,26.914966345863036,5.103036016939164,48.30469409349895,9.120075154306962,1
92.04336209854078,20.60773229245833,4.788511385562026,47.14558602740051,1.7682069708997694,0
103.5204004481367,23.187374534664876,3.853491772495317,37.07977926350871,0.3757193458458034,0
80.82216987486382,25.240746067314817,5.219111937991606,43.3432758057918,4.201054024925048,1
74.02389017724273,26.17522661555247,1.7753356526620259,42.751269029510055,0.6138831429312087,1
81.38371890627454,20.40152536981684,-0.6979321437086181,39.782374185353845,0.0921160647641921,1
99.35570993163623,21.54323832749803,6.323835342425786,40.88502820587562,1.1260560935342714,1
66.71594119158037,17.38826175050816,5.348320924495827,43.41521898429522,0.21132710850661685,1
64.31624284568969,28.159049158419126,3.7460271314401705,44.4168790218672,0.24488288378820736,1
85.89395278931613,22.633526132918735,6.149117216891972,35.94163868299137,1.244591558131163,0
80.57410707225844,25.865286596733167,2.5370051661069457,43.73845694991341,1.8970257274538613,0
85.07727893175685,29.68903403430531,2.589014935833699,48.33231261742723,4.716027783264804,1
94.45311771235865,24.879480569495783,2.311724552611665,44.4109082100877,2.4432753877102864,1
79.47430653881148,23.548118096203726,5.13524395023177,47.6823145764493,3.6979699324331605,1
66.2699416906938,24.77568590753574,0.8340838455704942,27.08240321577483,1.0613235126822247,1
105.44481557199944,24.252774415400907,2.4660767864359174,42.97854531314047,0.7671871718050958,0
75.02771712561224,28.98465999151178,4.579430046472271,41.32125634954103,1.7970994114272885,0
74.40962877987903,25.24335359015516,1.5916978481547779,45.13542348611783,2.3781655424617845,1
96.03720013722597,21.82239592168435,2.679379188677629,34.37186921210799,1.6798191846018398,0
81.15510878958482,28.191396227559,-0.4231351542291275,37.46929454114141,0.6144673275457577,1
84.36610147965189,28.92193742543341,5.211613298803075,44.502683664903245,0.9231945694355423,0
89.82790124060318,18.646677492718148,2.6243296133154423,34.70165721271084,1.189518777679316,0
95.83583103109996,30.13113553907242,1.8014374997176916,41.21157128725691,0.028505994393382552,1
81.66539306818228,25.458847092833942,1.4099545480828497,39.91530708547226,4.237841966044133,1
100.199520059143,25.133079800586394,3.1635729755898003,39.02034666566993,1.4324638690705773,0
63.642001512651944,28.02649852638606,0.8396888262171207,42.86349321048445,2.7808453194020695,1
92.59787236953078,21.732094435982884,7.884759354297335,34.42249606310317,0.3772700047661216,1
76.60472441982343,27.816658056763696,-0.7694892343379713,36.09941609184937,1.6267630478259303,1
98.72271316607991,22.49289812104858,3.09876170042702,39.3037560227652,5.210928693519672,1
86.42044478830545,18.100197281158646,4.21381385858251,33.99408817414543,0.48230138610793766,0
78.27094667990599,20.008974883572265,2.449241991726891,46.15460901166521,0.8488561505450115,0
91.62841093021632,26.268087331612907,4.424263474586231,36.00616431284979,0.983102386753421,0
93.93188347207251,20.218126640021367,2.4007968501076773,43.93164800020447,0.9667569064962264,0
91.41894122858638,30.440304492758596,7.060188927346298,35.62248346526342,1.8356968597337608,0
74.7030376036694,28.75713381375857,1.7622459717804464,43.52098603071376,1.000992467443481,1
80.15982876377915,29.33375666413186,-0.7024478826966387,31.955756627765524,2.242050157492115,1
84.95927162878564,24.499114318709648,1.4030002990933568,47.04307700522254,1.325470022166918,1
84.58740347349939,25.031446469179837,4.772989549627424,45.67566502553317,0.34306219152232115,0
92.49745475438348,19.22515258302289,3.764151240902271,37.23708245938724,5.934998620920873,1
64.85098767493392,27.983134040629963,5.504265815964233,35.87179683961433,0.5476013158225554,1
88.34327054553503,25.51933382014834,5.0034892334219325,42.2890125625006,1.653219678746995,0
82.1001864556336,26.26922250116904,2.7274393005495923,32.36946889098125,0.12522802864926627,0
76.61499383616048,30.75324724581153,3.0218330124089063,40.17376043397125,5.017292762908731,1
77.575132222304,21.57614806420996,3.229342448693548,35.9620578254108,5.26206962111404,1
82.85462335482036,23.495433800490726,7.768692166993306,38.72844942361013,0.9068246157685295,0
48.98914895540482,25.30668368616867,5.381644629374739,36.78075614463166,0.25789562344701966,1
77.9871042920845,20.258258378165173,7.783373798357011,36.00815683553109,2.9392138267612244,1
76.24185175353706,23.24960471489264,5.6815587446836275,48.52397078812293,0.6083077854287863,0
90.32783209322625,25.971799241867878,3.872833210156897,43.90271741668486,2.412054075084633,1
76.9447331748948,22.698314914508675,1.9612770260286703,32.60068508913927,4.9336980793595036,1
82.8488619982951,29.23595763891645,4.403039342297488,35.620932976162955,1.7843589594942588,0
100.42276627661302,17.956301752732024,3.878261655567539,44.287245146674564,3.94998303933477,1
94.94351519815423,28.491084960933367,3.812705429323572,44.84343421902254,0.5088774849930728,0
94.02271399943453,26.64474189926402,3.5818018462015004,33.07458652173577,4.825486451348272,1
80.00127569589148,21.724685649773637,-0.10492541515244458,43.49302424345652,0.5140330136986747,1
90.43032279289652,20.30236572708001,6.521679633069311,41.32514558066511,0.5118503726688424,0
82.66102199546405,15.678869531030193,3.899093021565365,30.29165017467199,4.2383429826339825,1
83.03906789323062,20.819299950344664,1.1714937679427164,37.98401140803345,1.6189282617670835,1
89.0968534374655,28.18870662001199,4.96352541814729,39.31918341824748,3.2132997446053357,1
79.03006411579068,23.775657094885304,2.2883276627869438,40.24245902683674,3.243919433370378,1
99.93003104443204,28.651923521567365,5.124281245941566,33.39708606339988,2.0823553056587043,1
83.39869860402062,21.52051571750179,5.763312921024921,36.18492247907647,0.4191562642522886,0
91.18360566259665,26.828424640426253,6.039272981338636,36.88528130675793,2.3559217023187298,1
99.55600479257298,21.130005591662314,3.6781665466903593,37.32162141670125,0.13149913074154884,0
95.31653774575175,20.137699975160643,3.172444543962966,37.40501276373592,0.44795791575998106,0
70.91080897309476,23.571491131317295,2.7489232794706595,39.33683544542758,2.059545119082208,1
89.44895895009884,21.340133954720013,2.5548878230790066,41.54818307555209,4.767802822219702,1
93.50719394460647,17.828711403851152,3.965539871578166,48.8711286225729,2.954126461399956,1
93.91863022160749,23.270741197132025,3.581313875216521,44.35444376773283,0.808305214956135,0
73.86705165885368,24.425741665725155,2.3493923683556686,46.584316947548764,3.4711565797407706,1
78.42964762982676,29.07343444598427,1.7124304923941907,37.59622157488158,6.79823662629701,1
94.94558235741621,27.74722270853224,3.782487815482835,34.98038424878535,0.8067855371334395,0
77.38239629317354,28.879772796931327,3.1316047641123386,44.00712637773666,0.41361894273554345,0
82.00303943335686,26.881429993574034,1.7172660534362687,39.9189453005762,0.4400828774276698,1
100.75875809501969,25.3304510357999,5.661142026842815,43.65158900064768,1.0227302813735688,0
84.5220074961521,19.08422037411243,7.544185501650498,35.58849887707479,0.10748396474483293,0
77.73225862166157,24.5994887917411,5.925176427968449,43.24288549383821,1.3379136592878083,0
76.22382643137095,26.387175109323255,2.5596239766479116,39.12375256795054,2.6357657437309414,1
88.32719329585188,29.829751797481745,3.8995406308201273,37.695495077658656,1.512001613756969,0
71.6685199152279,26.745154166927254,7.0808579033749215,38.16622117174994,7.016468364435683,1
82.52664036103582,28.961533738421686,1.6526007144450139,42.452167086239385,1.238681467221402,1
88.33230534990022,19.872008434539044,5.565190253370451,43.87070658172195,0.026695056786231536,0
97.99149820547667,22.69432949540762,1.1038335837120203,38.167929211395716,1.2702258629268277,1
91.67548080369995,25.717402854645083,7.368075254862658,41.72154914211664,5.315155944349511,1
77.85934882017821,28.643810762970247,3.1393709504980203,41.704081971665886,0.201545120842491,0
96.7841931756372,23.41908541664432,8.458087449047625,43.69168430015813,0.5045460920162753,1
82.00484962452522,23.670216163403385,7.45612759728366,44.93457596641577,2.5144607305055784,1
72.6429697795059,26.748561224011915,3.7871389808372244,49.05610693636356,0.6965653314951119,1
83.27958640734528,19.4965166914195,2.5611892537791787,37.67414806738494,2.898390957211256,1
99.38169201145702,30.429618199293717,4.389550943781828,47.30004949830092,1.0871254917672588,0
86.65240050064925,20.48345562756926,3.6396820667068726,40.5853718753067,3.1799287650684755,1
85.12521864329787,16.325642305762788,3.1968660728288145,34.52599397294151,1.603840069902783,0
101.37211644702853,24.04026803409032,0.6837734908434059,36.747577569763635,0.1721370250383447,1
70.68645152945572,30.79383480950226,2.970892832690826,42.32980060108107,0.9759645775632999,1
72.14400885947228,26.34581252133444,1.7790417564875205,43.618803559627366,0.8106752226552061,1
68.84153529033168,27.00436217201453,5.103295412850473,34.918660716360854,3.3223172939136614,1
88.72648186480055,24.165543049228457,5.982142633194849,36.180578716908855,1.9610095844445192,0
86.66493127115125,23.390490010915293,5.481368007847194,37.33441671570544,3.004764944494828,1
100.42736367279775,17.820362521627537,4.684750179255015,35.683159890509685,0.9309072211227292,0
87.4347507713677,14.962454968383256,2.2941858657181964,30.599575048762567,2.353644539078887,1
80.95842840520697,24.785089353763453,4.41080154520382,28.90343143518347,0.13491892501902572,1
85.01794872878106,29.250196777360905,5.585530287288751,38.090964422508144,0.07482948168062782,0
86.17707418460958,25.376534819312262,2.82752885120054,41.26039644813183,0.6778605644311179,0
68.28238726671833,26.494398108208053,4.237972842790013,43.27792803379325,2.9717801810022757,1
112.10331644334893,30.33487018255816,3.7090768214601537,33.188329630127775,1.5275147624754846,0
90.19871018101911,25.315067405764232,7.32473333922097,33.273304413036506,1.0512755368670248,0
87.10008308022589,23.50937959876952,5.703096270529049,37.360356984478216,4.538970541725573,1
91.1516398427858,20.72590077739974,5.218319223496783,40.01671226444286,1.375768522794289,0
92.09410980586605,32.088850251888346,0.5666125320691302,45.04390800198399,1.9006732627547696,1
83.59446514497569,26.10619111661472,4.345674653535166,43.588610345951096,8.513060824979616,1
78.687588637593,20.225593136322676,3.6899731421508597,38.160859144264684,1.477929809906032,0
90.99450686321704,19.315329328795052,3.6726857788602545,41.80077652308882,3.0603536166988197,1
88.85710840531452,29.01225490771565,0.8731730545167191,35.78230380434915,1.0682756937936473,1
76.90109900910592,19.850233214366696,1.824462755404861,40.371728778249114,0.07403437054932446,1
99.19035611367264,31.415336630008884,3.8639650241884347,39.68788353483228,3.597230676756318,1
87.93352036322983,12.974148811637155,6.228711556380922,47.021511449139936,5.779309412520172,1
92.29819362267631,29.690380791159907,2.8189508603211535,42.467775419127285,1.1396727668215043,0
98.91920887679919,25.94757924464786,3.2001225457914653,36.146074769986484,1.4008925830601502,0
85.21888821164835,24.474377692227495,7.562183990572416,36.19722587093659,1.1037741154423346,0
88.16952006984116,23.29816625983295,3.406355221664327,38.334542335526,11.556462491869326,1
93.10027238506116,31.562919394376117,3.7424209522928384,32.17766997778462,4.673546893686165,1
77.75138916199948,26.828235433604814,3.7695104358965184,38.84989810926605,0.08393998772037971,0
85.54051662846001,20.387185564418196,1.308989707190979,39.28170395175819,3.0193541231072096,0
86.25548586651148,17.124360175884476,5.14359624683023,42.33263439483186,1.8367695689929695,0
75.43941448316606,24.709188852589232,2.6942477628313224,43.060626760744256,0.05092631150982538,0
108.17636788673879,23.995715465850342,3.9398587659205235,40.494582046940195,1.1765377627868505,1
70.92706556507598,17.92052785049796,4.888745928835595,31.850036566802196,0.3243593483928597,1
72.01896096312842,23.778425898070658,7.885115178070785,33.89476734426132,4.127888583259774,1
98.14226575703579,21.704261467703198,1.3644599109075135,36.9744753820029,0.025560150299006986,1
92.13266250796542,24.037160273226778,5.729964370132448,43.26145724317445,4.128803341202809,1
74.74035182519222,26.903694446593608,5.737446512347936,43.09261985537329,5.6549905012220565,1
91.07289015101694,29.970439789856144,2.7235704544414534,38.75280863452616,0.15156991361872077,0
99.6785044499731,27.63555614547715,5.199007696103963,51.79865204883436,2.544771206367893,0
84.69736942403014,21.11423700067918,7.286872302583784,47.80783792532845,1.5920978536320949,0
110.98822900074582,25.47566051531678,2.470057581575116,46.199596989259526,6.1702954287030325,1
67.75938189131965,24.252428485968096,4.482939594270309,43.50329077296316,3.2004577019216076,1
91.93823453859102,18.671484181476394,4.809602727879571,42.29270876920857,2.3710483614619724,1
96.66528336221003,25.59293113876909,5.0683577099071,41.92788018055537,5.194173281570499,1
93.91343901605246,31.426689351670856,5.538583521432026,30.974854358187663,0.349539640881782,0
82.95644273354351,24.129706416748014,4.332609656504348,34.74357821602646,0.9430815819105983,0
82.0955851798885,17.6232692810984,5.026872372696005,38.88931606625701,3.7022784372788,1
89.44145171087257,24.121074684434475,2.1770526997525534,40.63936247705454,0.214247376362359,0
93.1575448665207,19.145151204106998,4.328006987279115,39.37771738578704,5.480548189627065,1
91.02473436282364,27.45442202754515,3.0473174686389717,41.36138390605499,2.7342031458034546,1
95.40057890793389,26.099459966900515,1.5403421896918248,29.483497251286803,1.1572560276087513,1
74.81130042933265,23.316359786101028,2.981710901126199,42.52832151409667,0.8271599883427246,1
82.72229020876365,22.675342936576715,4.538912784396116,40.310687779059975,0.3194137814154655,0
75.59984067876246,23.151062793537815,4.871594552740386,39.06275020620848,0.19671138010955597,0
81.13887223913858,24.03309797736928,1.4630817581544577,44.63656017263464,1.1018880198126573,1
95.15220891814306,20.91105991463383,2.1246465665502585,34.77233308315222,3.7042740221019024,0
86.07983920725229,18.448987675994253,5.449312559386442,38.81552573686004,1.5179353401082605,0
111.0685916314977,28.55479578677859,5.0162961852317265,41.42209205699244,1.1998557502769223,1
86.93406367189716,22.458396094012166,5.774205324092706,35.7349434569518,0.7685108204581109,0
85.59691880579736,24.668172416676576,6.735660854353121,29.983280109589206,0.34145781113519097,0
86.06182919440216,25.141127804669978,5.075774219181198,34.23479944827301,9.230298591722933,1
78.62191307140064,25.288081918620854,3.1703847456582555,39.67639706378054,0.05213893573034694,0
84.42163387622406,19.304728011606304,4.229698916163834,38.75490128168563,0.7473977843138431,0
96.27788027111646,17.29663934179261,7.319794201854764,39.90866975416645,2.9339630764196465,1
86.13970668127773,21.64522990123203,9.528897995570773,36.703615779382694,1.4702653543879205,1
77.06540270116528,25.582846129667814,4.9261927314847185,33.43868083723436,0.7533323175488041,0
75.74915379521364,21.088200530102746,5.0711082776226135,40.68504129103964,9.850559640514307,1
80.49798108334157,22.580314585203066,5.451416733994833,39.16738502756805,1.9308025257718793,0
85.7386343441088,32.50918965499827,4.047585691638726,43.18917441380832,0.6995569392057637,0
96.93586535476263,16.618304460781857,6.327707804685248,36.26157608536106,3.7671330744609723,1
71.59511358633563,20.979864016358007,6.016090585465702,29.895740045773405,0.32542413574841256,1
81.80173722111243,31.586416274295715,4.708752894297633,26.977700107749413,1.2456535938726911,0
86.44310019435079,23.821605312019106,3.363960187988769,37.9926539275946,3.660029474327366,1
66.66294232370565,21.176059338004357,0.9586072252457263,40.639545810588984,8.228040004409221,1
76.66401717033594,28.67507566804448,5.4648270952285,38.83843739019085,0.9659592044005473,0
78.20111460263814,24.220921745924446,4.425716630452208,37.17424773839376,0.2972544615990334,0
77.04029626149502,22.606766419823977,2.524464538691798,32.04308793420953,1.6737095860071414,0
86.91889545021647,24.769475708150043,1.7401594700107457,30.553188976463915,5.7645585542666575,0
83.39440390498203,21.367564762468934,5.3228656987665035,41.836373904972994,2.1909049894694093,1
79.44713897398964,19.930035748447686,0.7975273567660701,38.861993851052574,1.8434084133126871,1
89.27962626552635,23.54561228946101,4.59928237488761,38.1824084261997,0.7400761739476027,0
102.2307471764625,19.956012159695973,5.687100818337788,32.29124522541441,1.864534457456778,0
101.39256516741753,24.04277324718592,5.099785772833247,35.168717000449945,4.320054082742614,1
65.77228227937664,25.417626269897355,3.218520451283119,40.225521747548704,0.9416911312869705,1
90.77072183835139,27.412241824206443,1.5012510310501717,41.42307976732528,0.5542853588255573,1
83.21976709936162,28.51169994206731,5.17403847959038,39.17879933962419,1.3115392992277803,0
86.55155342865356,22.377053993470994,6.401046183906841,46.89624713081195,0.9438118167016181,0
81.01716966457451,25.997658431756278,2.8545332905139187,37.1225305207185,1.2694772945554489,0
86.17588629887203,25.970093784825426,5.013816400585719,46.43435960754901,0.20125378514065156,0
86.51407396072018,25.311274863263936,7.163030237463618,41.084333806459995,0.819578887417805,0
79.21048242651077,22.082162356198165,4.67769419288322,40.54066721143733,3.5037065232464952,1
76.03632452174818,19.88772875014356,3.2062397102444247,44.66261358239699,1.0227218981017787,0
80.51304317380516,26.00800755626624,6.081707080126316,36.8793632625791,6.877493291406503,1
87.34259264456766,17.1725497512278,2.524878051684375,38.35398270412519,2.4677977182276725,1
90.98996341684264,22.928642269726755,1.4036159698939539,33.88229216979071,0.9115280673852998,1
93.53348977340147,13.785475937405607,5.62464238229196,44.676062607527015,0.5798055755368512,0
80.05809976933088,18.654390306566945,3.1876754730328734,41.67752720617565,2.3127030720808914,1
87.83844567302737,20.491464246210302,3.366957971992631,45.48896675952309,0.7203521027046522,0
94.62502591953299,28.386896830517138,2.7461187288978572,41.024317015733544,5.231657386980365,1
96.65594895144127,26.752432097617074,3.0543652088918325,45.515211075956586,0.24735648970986485,0
84.41167145868478,21.78426126463103,6.806066855053731,36.26355437860109,0.05832285162955375,0
82.79068275060388,26.917479180519003,7.324997531567334,44.936198284852416,0.49955721054161084,0
86.91124233836392,27.550491853521585,7.589957272289219,38.0109253627318,1.8659540199054423,0
73.50292527102594,23.357340606501115,6.1802412423550255,40.01265968175122,3.60315908224483,1
83.06390488964492,18.46248742314524,4.932542519546475,43.64177756663507,0.3729677824685105,0
92.4458639847313,23.168350759735542,1.1354288161337736,51.6392062147393,1.757618344027941,0
91.41947129443702,23.608430379311454,3.6249505941993005,44.100264368555244,0.31132754791893136,0
82.29732395636111,19.070182436679097,8.313508977247375,44.57173067476286,1.6564619474380269,1
87.17718201087166,25.468187171719872,3.128756842494692,37.27311022732527,0.03669921423200655,0
76.75349659709312,25.119247417209422,7.0282889495445495,40.784989954797936,1.6320180811620681,0
92.03492148225025,25.780170799576748,4.11007163806109,39.52066366332567,1.4753513963706935,0
84.22178563863527,25.115692388669775,-1.3562847717062922,47.038330672768126,0.08758601401465593,1
82.24048548303861,26.91937214045993,5.280971127337926,39.27032902397706,2.3386075042105343,1
81.38276163906613,23.282687888507873,6.532509392356623,46.6427092617468,1.6984540147868024,0
84.37106133100141,24.807140429483812,3.9020080627189113,33.49176646640305,1.9515363189022654,0
80.52122355068042,22.409038863017873,6.466102008970827,46.99388662524921,1.5090834700927183,0
91.58143036002564,21.662003137512198,0.6643449711658258,35.69299576740905,2.5602224472705095,1
81.04716451983819,29.352998523048303,1.228871472201261,44.26942078710402,1.4888972207569775,1
100.92964096027382,15.824925193894014,4.409728616171375,35.67834768765397,5.109022045952368,0
99.65210503481381,27.507039956617056,4.954229455635064,43.091736286653344,5.747359679355129,1
76.08456510145496,21.517836498217356,6.713157737184558,35.18706419741352,2.5941910285367302,1
85.6970426942928,20.999847289427517,5.277848933497122,45.18240470711637,4.855435086569232,1
78.49343378663805,25.04630993626163,1.612741821269914,44.22622732968564,5.131925112136812,1
81.73352436811389,18.04156155059599,4.426091244148772,36.996562878672506,0.6076187454444809,0
105.02427467644797,20.735907712215187,5.201454890576298,42.890422544947555,10.208687277976647,1
81.924285828842,20.603441413948033,0.25153200260574193,44.73716324161229,0.6224114028121783,1
88.60226037077429,23.11440696725962,3.9127330605239696,35.38340473188168,0.03742642639262344,0
90.41321294008279,20.783449247357247,3.3288349121235505,34.829985778707666,6.552213602550547,1
74.9937062751676,30.404474742557078,2.69061385250851,34.643476345155605,0.5064789540725582,1
76.44904525590795,31.188066065991816,4.997554103505345,33.934986498122015,1.7547211952469115,0
72.93977628591881,15.912025909007747,1.7006369468841522,34.619535769932064,7.058163154949019,1
76.14029266102223,26.177290819062947,4.833759024007299,44.6239410457666,0.1014298608592499,0
56.49969890682818,27.434653756310297,5.118982258417789,42.78924910631997,0.6275373190038478,1
90.44582400793628,26.171940809564422,6.167526620521947,31.519989064041937,1.877195244721645,0
105.5419384125607,21.36754602763322,1.7531614744147905,37.44916507296874,2.8756642683220845,1
86.47820739036527,23.023617751365833,0.9895315632909054,34.21081705638358,3.293931166445739,1
70.83731140659393,21.006901380889218,4.557807214678023,44.30765098254424,4.305666041045717,1
78.57223617100053,22.318943875364685,3.4274575322645964,37.75177131906959,0.3688940892435636,0
80.41123154975003,19.160139885331297,9.805300524987441,32.27786288589725,0.9241894333305428,1
74.82415222786625,23.540844713461798,4.916996952485864,40.8508253388529,2.5053056991312483,0
93.60182638395156,17.98879315477972,4.116323423408363,43.03246054065683,2.5127090870640676,1
93.10260044375335,23.19946178308745,3.654344088647169,35.231507833807825,0.7364966844662809,0
73.4454820618234,19.005673243600942,1.563876309121102,38.6754204165929,0.7254522556195452,1
92.25081044447508,24.827265447165615,5.127763105909194,35.48802257679878,0.7732141287271649,0
100.26812663577266,21.282321756228438,3.841709947458404,46.22023696059391,4.452733648022809,0
104.02558205229559,25.16232139149815,3.84337263314113,37.843209315640344,4.8050487201552485,1
113.65212023085962,28.32632291345913,4.18888665099731,36.39080901368799,0.029877002913593506,0
75.98007350556803,30.357787744418832,4.442425059834491,39.743372530754286,0.7861337444790117,0
113.24220426395203,13.887981643918039,0.5214887081649566,38.96225335016546,0.9952776631709441,1
81.45793611491212,20.66322362450487,5.674046012741863,43.44246696933001,8.078064036429307,1
79.07534544619486,22.787655691551944,2.3071112503681546,46.08023612964444,5.7708097317638725,1
88.27072374877845,25.841311273525932,3.7239356050627452,46.1181162551125,1.9794715427272136,0
79.17938665906988,17.39858198338188,6.5718098413305785,38.09046319703763,0.09377508333147579,0
88.99044140646527,20.071630372799138,7.5588971845402275,41.52556816573828,0.424449395835199,0
71.79922812262699,24.52142881062844,0.5990111227472168,47.442499551452244,1.1390513686394026,1
82.61247397936566,24.33955296610667,4.060489655349298,47.634994041875025,6.39010497987245,1
97.8558223436168,25.510473625680373,4.5458263703320725,35.62046922653232,0.19898749389521722,0
84.42938708568845,25.774702907552467,0.9849399476171072,42.96122608321672,3.1342166901843513,1
86.41595786739883,25.35437773246345,5.60518272883633,42.11602786385914,0.42438697780214185,0
89.75258604717311,24.77462126652597,4.232525354828346,44.6319377222235,1.4179479627478826,0
96.70661629317661,24.222959093305473,4.388319191389993,46.21808783918894,2.913183166128357,1
68.44775287810567,26.65905235889745,2.1648941633161303,34.795119953528975,2.35853012702286,1
90.84524051837435,15.0427093337431,4.825773286762697,36.546608474827124,2.989968107938892,1
82.31860860758236,30.17733394788494,5.676447912779874,44.538043781537965,3.359642329114726,1
86.66637895311838,15.182071796478704,4.2545957674518675,40.74015377424993,0.7298244829654048,0
95.59950169762377,19.683352732382033,2.972128198073893,28.863793962220928,0.9052096453726232,0
73.05813348588156,23.09295681339942,3.127861363907271,31.668587789271,3.3828439798004655,1
74.87355558556911,26.69045156435937,4.440791414251931,43.31286570649489,0.07881913455471488,1
65.64570040286193,12.018932436801535,4.097594756761259,44.19555461285827,1.444965369413273,1
79.50841058236223,23.887502704232663,5.80964423823879,33.25256147859868,5.061598338450832,1
98.30432344378816,27.16958015766294,3.0394834249516682,45.49583781063921,4.325715743018685,1
83.79412811526531,27.978072464113907,1.56323879451835,39.01426334454174,3.262385051146387,1
71.59875104345214,21.210681366010164,4.718772154641006,34.88762935105984,0.043568809514034385,1
80.14321255424953,22.79665885217987,3.0449402940025934,37.19852054975738,4.372932718599409,1
70.12138296509377,21.535407484429488,5.567363898072734,33.88628386975598,4.853214348928122,0
73.74813898268839,22.429301385895663,4.015077260915201,36.920445083094684,2.17932527679867,1
88.88818910263713,19.87269379708626,5.3096264087296445,30.65551014555688,0.7102491448442875,0
73.26126673693972,20.44299135011633,1.9713659065384244,39.630835255009416,1.3464043085457553,0
96.12634305203302,25.73750768811347,4.286772526459642,42.935593439639995,2.8761812125035515,1
84.28879709169664,24.526461493090967,2.601473585232167,33.262875162706536,3.3536000727980273,1
85.85594703944525,25.966346030361894,1.5592526938475597,40.08510135311474,0.8411899351896139,1
82.21627032392107,24.856057558803347,2.2777842438579694,35.976739859117906,0.789249543071435,0
92.72847838543723,26.817354404590382,2.911045816448282,43.344004176821194,2.664985664495568,1
92.8315988777701,27.51285599261998,6.489389054047704,28.42796454350548,2.318992635886752,1
88.35054351912171,17.033133520535586,2.858119201014681,43.559444240244986,1.4397923679391165,0
90.64789105907649,20.582761398342548,1.4569194994435537,30.9112170127349,1.0903527016203205,0
82.87910330079575,23.074496170039843,4.262954844993338,38.95029826888303,2.140981327043026,1
90.42203006909048,23.909289898050634,4.058361321355349,36.45540941758651,0.06594187381559474,0
81.62122224526193,21.319637704727867,3.015893975979604,38.196485365955695,0.15741461368270007,0
85.02231622162402,27.64809468395322,3.6775530683077466,32.35304621611283,1.702348917669901,0
82.25356250633702,31.919793473162393,5.952454171993142,48.30068820256891,0.47215046432788355,0
80.42781460680804,24.744647822326936,5.341411530798354,33.56718461194831,2.9813906320541146,1
78.1088820227821,24.337364128792846,5.168460413747463,33.96173197012137,2.9600146108944356,1
89.67690103858885,27.397825020417326,1.6326424309595393,48.97410292542759,2.4754872161177683,1
98.10605912813463,16.536640979186256,9.773096123430646,41.61350818037832,4.678553874257102,1
96.71101971669559,24.113875761753643,6.102504420548444,33.728717382697006,0.3035884392873913,0
72.43434664054564,27.91614330187007,5.034057126381743,39.35606162048077,0.6001580966274196,1
97.89203051406874,21.427384011195553,1.6713764512055809,38.821352653571005,0.5815049562649169,1
81.81841498382072,19.093757680392137,5.895460225468215,31.561745812126844,3.0500894506400584,1
91.00733015145592,23.256777559600888,2.9977429794013437,36.20868702990886,1.4735489551736551,0
75.9378466795279,23.757258267192316,3.611458390728069,39.868096440623496,0.582512344152632,0
86.41979913874005,20.365390872338168,0.638441447881434,46.33208952918776,0.2933540190624157,1
88.13723182896908,32.384645104203805,1.5170338281189815,39.05585078386985,4.470158233182677,1
70.15395208080348,22.08521447596822,4.87709299765427,39.43177396192996,2.3561491333348608,1
91.08267166344189,19.385362594293724,6.01246935054098,35.924166645199,1.5037783656168104,0
98.45935007838315,23.625514723717554,5.36980883959007,45.47945390604117,6.731903782918671,1
83.25352054318373,27.631442550817965,5.3016379934858975,44.51160875750476,3.78879338816595,1
98.60168130828013,24.069656995992926,3.8704670860805868,43.94667386490759,0.3923251077447856,0
83.10306506547593,25.94237568017601,3.1865859692675755,40.55919432534791,1.4190840643618572,0
93.49584531046617,20.51395762266737,4.577790287130787,32.00713219048162,1.3313700877827734,0
62.814300340489005,29.950753785614054,5.642816646200547,45.43334949421518,3.7194739809538135,1
109.18777779313464,26.246844111673774,4.0097245098671825,40.28664873968891,0.32289329494547353,0
99.95458245242958,28.19080627551044,6.42050403982681,38.45704239256828,1.2021799809220057,0
82.15374495746322,25.460642529900678,3.5698614723679847,42.24229530946316,2.0241751034951943,1
65.27910973356182,27.299536150915138,2.039442129407898,41.12094851914008,5.810124400486928,1
87.8802836830549,20.50778976129109,3.9792755159179984,34.6540100321905,4.590522653184718,1
70.56074452926244,22.03435833324175,4.2119445565191365,38.396010692569774,1.5264864771407856,0
89.44853537557488,29.38592238222412,3.8359398654471812,30.479536037921687,1.8664709259101195,0
89.11565719164282,30.238967789135856,6.561311121764522,40.430133172994786,3.8265169332558115,1
75.58596830997975,19.411737601123694,5.610603961448078,46.6506388365057,2.728191293570837,1
96.20967023614378,24.998944271455247,1.1381180227565806,31.021924312657625,4.229484432294355,1
93.05574702806173,22.27622479805909,7.068734028396571,40.64314034905738,4.525394864825628,1
94.75823337288563,21.211874122540554,-1.4828341216583452,43.342392668972614,3.574571224085014,1
85.08857703668896,25.139358781421798,8.302048745704994,44.08178491862233,0.018844924386329915,1
70.84475933086293,28.563851729461632,3.4253889728862474,36.26905119589561,0.7448360744103387,1
94.77872272211138,25.806649893136775,3.6208645266969994,34.48884635167498,1.0334090330664274,0
82.29628600864208,22.72195020032386,3.87996752205272,37.06474017438733,2.265881450981945,1
71.1021985680733,26.05944471974064,4.770410865680361,45.95435514979726,0.7330493921095039,1
98.52039365974326,22.560095305676395,3.999473597466314,31.45222177338018,0.781817528404287,0
105.9940752050251,25.64845720292241,3.7332096223254654,33.920165024740946,1.0223281606403058,0
84.58751871020797,29.585862801822934,6.617836618712371,37.70615257737109,6.2170674952457174,1
106.59121154603292,15.69136136279669,5.131192159501699,35.12164391043932,1.1495121140329514,0
85.9131472861135,27.189009194160136,2.0823922912584774,39.79163632292981,0.303209700211707,0
81.19544095833649,17.843780313718128,5.481347828671449,47.072629697143775,0.012752181619753437,0
78.69541545814522,28.913310842177847,5.0482140063666785,33.98090776595878,0.5399794479507822,0
101.37082407992742,21.451897560508556,2.909452548837562,39.268169117511164,5.587572212952007,1
77.19856118612228,19.129314489574064,5.584276852724322,39.958745152997615,6.201853855631667,1
92.35269309974987,26.78107690835499,3.6848547975539203,38.3270687571602,1.5058001276818582,0
79.40836164940792,25.456680252569644,3.556653055749799,32.10787511959389,2.0789705813141723,1
80.39693237425637,20.003252388153367,3.502173765134131,36.810872389115545,3.178466907071376,1
95.30249693969567,18.988000971326425,-0.8562361139047985,36.82581824225102,0.11502015766434344,1
81.19963153710647,23.250074050034872,2.946601334130797,43.16751977818789,0.9377918430594626,0
80.95204620579707,19.183652199315212,5.426346484251202,42.09789648849252,2.055826640771216,1
96.32804697174807,19.754108108305488,3.955177514192474,32.240521252346014,4.570540318228596,1
100.97397293221623,24.462483161685736,1.4296271402885008,38.0643182099161,2.5953187208415307,1
91.44689803284233,20.136513462979615,5.929262510384075,37.49872395908122,0.8617549666927581,0
78.45230224376051,25.706157160106173,3.402799680913209,49.773476418586235,4.815498331145483,1
79.8939150070242,29.960574383533906,1.556849018676954,41.46156590150811,2.1849788330372,1
85.79915263740037,23.40577834039767,8.412024923342031,34.61280790484732,3.5466836729828857,1
88.20930061925658,24.520604247942337,1.8936548110244886,36.116010386991746,0.9739172463426207,1
75.12134089860228,32.072386931341946,5.75898302257142,38.10727300402306,0.004322348811595061,0
92.23037939579864,19.249595530490613,2.461371798290791,41.81183787695771,0.36344809626004304,0
85.85513329639599,28.764940780722966,4.271653669147644,42.42460473081119,5.239458339080696,1
67.8429168136187,28.28343039164993,2.1956380732636487,41.002413213457224,0.06737011660035952,1
75.7107351753927,27.417269356695133,1.5213916374526826,38.95117377181868,1.8128751676007604,1
79.95871326348336,29.166991402930524,5.044405089342819,39.319998379048286,1.0523100647131187,0
84.27142311158946,25.122299863834474,4.810581090268801,39.35515386792941,1.1227600753015092,0
103.89278795503996,21.66828201760293,6.289298888438129,31.08545051357057,1.0243809399373203,0
87.38171306139628,28.37829316488227,3.931236139408274,39.6935418917816,0.13961318014514917,0
76.59228110101375,28.531368846851578,8.440703588252983,37.113729721028136,0.26097035108957906,1
87.20630804307163,28.42125560597315,4.536693334874071,31.735848896076345,0.13001453960485065,0
81.4791225254612,24.178008329276945,5.133549362474424,52.08941289018242,0.11083062837853648,0
88.24758239533541,21.135221945546693,1.2831415097855432,41.556518029935596,0.17899752475694944,1
90.80567687035615,24.765449016446446,2.7718313697549384,40.06551629139148,2.3855197548699447,1
97.09230647223939,27.768920070271342,5.0393594010319545,38.14436004702105,0.24253991632368244,0
84.75713504329974,28.09740715943986,3.831544475172834,43.65111229324343,0.6062495747034689,1
101.38960527599833,22.28129549170162,4.3753662700692715,34.188498703964925,2.139753381533388,1
94.08022662536192,25.26149158450956,2.367012488571613,38.43647854028593,0.2381655010186814,0
77.92560455187812,18.764886782056177,4.243893946943243,35.23914558662963,4.821593751573163,1
107.09855665748464,27.939800412023406,4.237091783183472,43.60781426835676,1.2982000285294035,0
88.26994513270098,20.866764973099745,1.6391299602295222,35.86629427073673,6.596784735335154,1
76.64875496027764,27.141021438286188,5.285099689361181,45.50663905816849,0.4276510451444707,0
101.52913051230422,19.402781690439355,0.5998701061640621,39.50362306198105,0.06220622586456404,1
105.77777585198444,28.12566362573603,4.3684761611953675,43.87245048413528,1.784569432101527,0
84.6697473628044,25.28734076009108,7.531185387651001,41.99929442185437,0.797192666254018,0
79.96349739624404,20.874569217532216,5.361101075638164,45.29622416997759,1.699089963122392,0
83.27625042546337,26.7654255243221,5.348598492074208,35.32411701985738,1.2835784252587439,0
92.147317275177,21.638553232778676,2.2051466501026304,44.5281159247332,1.2218672017746626,0
97.77856655030514,26.998220149780515,7.538124106305721,30.68705673385368,3.8100037215650087,1
90.70487330863574,22.903554098477116,6.753436189204577,40.21563381056843,0.42597560183209604,0
86.0172320847177,17.11581149748135,2.312819954208866,37.27039033848493,1.3848345524417618,0
99.98011770304427,20.07033503807625,3.0504735163702463,32.977293080024815,1.0757231868641417,0
81.87163526948478,22.27834116525086,6.509312089853376,35.5323893750333,2.2403017012599555,1
95.30919338366907,29.47275609499431,7.592294756633516,36.79672136860333,0.10286590663322136,0
82.11937201648722,27.6045745221169,1.4706279298194236,39.01724158948067,1.5075804834584878,1
89.31022958010894,30.49544564928857,1.9925784605508468,37.37575174075403,1.3022479366558777,1
83.86437435209548,30.614540864119434,3.7124264871556614,40.400129867698276,7.267314242328626,1
84.44147817347189,21.86099678163634,-0.34218805888503034,35.84920842205715,2.8197141141706994,1
81.2261348253779,23.24605256096468,4.0380903204188465,37.615711494993334,0.3367866972882825,0
98.44854031180694,22.354880302677845,6.371487028059969,38.55466967479569,1.4234959714032163,0
77.67073961891465,21.313957578795694,1.1227259675285013,40.91048111165378,3.0625193196728153,1
77.59767747451292,16.634021162654165,4.254213929950175,44.24423640918781,1.4870685734910831,0
106.20993565845109,23.94100912793263,2.8364585900093737,44.26831503532689,0.8822905955279767,0
94.77847564654331,18.857737625155558,7.279891897507835,41.187419959010825,0.9453114907287019,0
61.14886301306964,23.863312473862692,2.860416275733898,42.151265083027994,0.9145821809246238,1
79.34741260789596,32.46308323825194,7.037986175497166,41.559334579227375,0.04031251024110442,0
66.88010662437947,21.962619614677166,2.8050898583775457,38.426789120682265,2.623087419731485,1
75.49309306584745,24.77909602251227,5.54235161066826,44.50291501308939,1.8877543204137488,0
53.6148533376596,27.62659354323713,4.503891236725398,35.427594537581186,0.6258015406315053,1
83.63010422306057,25.121165167863627,3.7234546669713966,29.759272658480775,1.9886308926272256,0
73.58058180838688,25.169936751769182,2.4189428618920488,34.79255306622822,0.7384477962056467,1
85.59905256796438,22.550390265247678,4.646190842635786,47.01560407552144,0.5577918354554315,0
68.74878741117476,23.07248809975507,3.118929475030176,38.52283430751161,2.7030353854353315,1
85.8291185317204,20.159957911248686,2.620467550383724,41.37064503091884,3.3121117781552565,1
80.85083721879673,27.38418003555763,6.94544548275144,38.63024991714898,1.9654414156932296,0
100.01952965188596,17.034033373543615,5.095060454986454,42.80832664413179,3.066311861000753,1
99.11356861745625,27.88435335352881,5.287277903814406,40.35356333003189,0.9104668605313339,0
92.85345603010283,18.38520646101903,3.216802962775475,39.65703995383873,0.1490242736174244,0
81.73386219338788,27.85042909630661,3.6280433058333905,43.068891675252225,1.8571599131722507,0
104.85380395260293,22.584729895151277,3.5028466652977768,37.67161030690588,0.5913646427836561,0
69.46964722160179,19.07252524746768,4.674477825001954,41.86038891348526,3.005470713451613,1
70.96441370436338,26.317194580318546,5.283606903685012,39.126391694610916,0.8866690413791932,1
84.16216900110935,27.715070140303098,3.9394972593768567,39.46286873393554,2.2214084382039267,1
107.5403810892112,22.247685407585852,2.414710011638718,35.907012503383626,1.6097944297368827,0
82.97661093129912,26.882442194715733,5.521140914053097,38.92022175306864,3.401843513285195,1
83.16754756790718,14.859662021322599,4.066807736416672,37.29378724876409,3.571221881044039,1
70.58089643888191,18.7176148410136,1.1183272424580384,45.64960089380547,0.14148395122527627,1
94.45929585270379,29.169635721874915,-0.27058950015937633,31.579641680706192,0.6994430863279187,1
94.53176254329354,23.105322903208336,4.595794350920947,44.44629945722231,4.094012790778785,0
92.8907520139991,16.55114669420461,2.341052402244592,31.27871159655509,1.0349944246175837,0
78.70779327152637,21.204535278232026,4.862124258792906,42.686078188049805,1.4466740586743632,0
77.93293231626994,20.30639810989968,2.4487633822721313,35.81134882893786,0.4050741292469086,0
72.0687774959503,23.3361530741083,4.266371544990014,42.8316113208417,1.6089901371234594,1
85.83872501760933,22.516996064769412,3.243196944075817,39.39320495991918,0.6147220299483162,0
74.19592670721498,24.715726915752644,7.503841620546609,32.83823322055605,3.5349172192957825,1
73.22583494750711,23.7221357935497,5.9006313156372885,46.79309269921909,0.446898982641185,1
80.76309283089324,29.438957020148074,6.69459380037566,43.883231549278214,0.8921217779682802,0
80.10843824815784,25.698194398878677,4.048095538238131,42.51587728499428,0.1998041742757054,0
79.62021471178045,25.830686444774344,5.644721878229762,36.79815127806068,1.7733768865231914,0
89.66444596840262,28.660628495578088,4.183300155202284,44.055423067262325,5.693661471203015,1
85.79047802150279,22.444924998281675,6.939182734867453,33.58374189200879,0.3802782624642661,0
82.11843969488882,18.95249022656606,3.854875869487453,28.861769387463347,0.03986909778241264,0
86.83012928311481,28.827881298528997,1.2050213192784125,32.18837065403899,1.0979660041460384,1
75.08472958895368,24.54336699243245,0.0027569494921224624,35.390059818367924,2.7599500266003174,0
86.05278623909678,24.557404831595715,7.33662223912903,36.22581557954734,7.385826602437987,1
86.50602492844634,21.466680313879053,4.957008948301719,37.82578215576955,0.10528117698014457,0
69.96953140642519,21.53257866758569,5.0885137000834835,38.047833826901815,3.083202363930007,1
94.95693754370362,27.386889355083376,6.979295684583164,36.75080858854484,0.9198660493701261,0
76.18566294773004,27.93862319255044,0.6965301125480892,29.418426139169117,0.3338371816710533,1
85.90309799206435,27.135293622986634,3.2827975695363842,40.96061683805324,0.4271419219721281,0
96.6441174053527,27.1718464217819,3.5278603407699327,38.676626232743324,5.150987332542768,1
94.25676757713869,26.276118149039036,5.48455046641403,36.51828207726308,3.3147110319057527,1
85.34333388568835,24.526090920312626,2.6147195497982345,46.99010645686347,0.7471454702709014,0
81.37500997117931,23.298481262716077,1.59725251297042,38.78917317722318,5.633173692265036,1
94.47511908575567,28.841295399766214,1.5793026980057858,40.29265866228088,0.22242924822814605,1
91.7469497780862,22.505116518038264,6.298836152544041,43.97925075891566,0.778799036849688,0
78.81634979955871,25.479916855522987,2.514935812393765,32.55069578886253,2.116406692706745,1
77.0510635299831,20.783948008183014,2.895965031356377,39.88694973166049,14.901782797419363,1
64.27644818304002,21.362803852598198,5.268996301455809,43.962739270083134,1.2533774464488596,1
86.54031841683587,23.055381728571096,2.6021091835302004,39.54335548650544,3.329001747458153,1
84.17302254981601,20.784246493091345,0.5901031544887165,33.48328706657204,4.950686469918493,1
96.36191374642542,27.191407301913202,0.8365976525502021,37.58762277527363,0.019350153617214007,1
88.59055093480367,18.607862993819882,3.8863852065690834,40.94493322871824,0.6819989782239867,0
98.3422919417269,24.396918493524293,4.994656860730443,29.465610549254336,0.21152064231313528,0
78.02635772083829,24.530032387368724,3.59550951229916,33.23669502449378,2.992756464496458,1
96.38150330967619,16.756801686721275,4.860885407618138,49.867684479675546,1.6742680342013885,0
79.71083620895345,22.235904717905566,0.7743249479847285,42.42295113842456,0.20087849829245888,1
92.77596061792272,25.02279815219257,0.9093929180637836,47.4173528035814,1.0919537572151574,1
70.41241607469307,25.71491197317627,8.507871832588481,44.331588507539415,1.4429672737886394,1
87.35135299366189,23.182771165599338,6.46556854427336,41.96991821587065,2.393011127198191,1
65.1531205855409,26.70755281792286,5.537943783797036,38.45460380528247,3.023572186300205,1
82.32862514058246,23.562734971055836,2.680550658531122,41.90606937192408,0.18395033856462203,0
89.40353993877913,24.054611648300227,3.5239876185390986,47.24982095431178,1.3374773951366727,0
79.79031448768905,25.006615475946216,3.9966453657327996,44.12769461583715,0.35138341190068173,0
74.49562371244033,27.707998514936676,6.6286922274330475,40.8340515242339,2.798804227708485,1
93.46118469295934,21.297127990337874,4.805565532890183,39.13826465400178,2.1439533770779104,1
83.96537210153076,22.05271250992681,5.051827602575603,42.49161793735432,2.567482434642177,1
80.10429352969328,21.32441403308314,3.6646901297650003,37.33978696354715,0.15591066632095035,0
85.41895921154277,22.671209135432267,5.585330133680169,42.49237205207226,1.428025165644908,0
111.36669141945589,29.70493703231906,4.604645494862546,36.51022254501975,3.672434299225133,1
96.53502849781543,26.29090127731929,4.08804546549136,38.23039556257288,2.498926626523856,1
96.62573668187841,19.475641019324634,2.513831655627458,34.8614726689175,3.9573540408941867,1
89.35546318992364,21.5982121376453,3.772856515796735,37.801184779528356,0.46160696473731083,0
86.66485272577147,25.49106889710561,1.8409345924400888,36.581361707568774,0.6762691037432874,1
61.03917711669584,20.37396887626892,3.9197219880260907,48.459576955545536,1.164210396552685,1
78.21019653536868,21.098639836740972,4.177822715929799,35.52752121386106,1.481556026138463,0
80.19425586797526,29.379838664696596,-0.8090367692126277,41.92417647803945,0.5811401170521937,1
66.25107935952467,21.546497486107253,3.5393209217989927,35.26558840323209,0.9600670568513822,0
73.42584209784566,27.818667264117547,1.6482395907908147,40.23448018338058,2.3233770654788555,1
65.19163529077366,29.021292758123753,4.997278651033389,41.44957700977195,2.07342451937876,1
84.61676164302628,21.066151635324143,5.274319487101989,30.744481630381497,0.23413103150400233,0
93.18765970848816,20.440149773771434,3.147320364669365,33.01149255838899,8.495361092253148,1
96.06774518624329,22.89547165407534,5.098044174243832,35.22663404381009,1.654478473543175,0
89.14784462079241,19.6454891173055,5.182133872670122,33.483815629757316,1.3216015680432192,0
75.36603658801431,24.48413551401097,3.5405683211764636,40.420426009727585,6.837532584144335,1
65.6793484148004,23.177392352586455,7.068573950607316,41.21290104377433,0.30241207041122903,1
67.43131300598498,25.442320063545207,2.549850125986997,34.684640223162326,1.569092788963958,1
72.31017422745501,29.587773824931283,6.942731406506333,40.620992184662775,3.270307311321864,1
76.11140301964325,27.269939923081278,3.549601141633589,37.879606931143094,1.0180002115010285,0
83.40251502008414,25.956959101649424,2.3133472935480652,39.50261983215557,2.665921957753989,1
74.85835781873031,16.135806348128327,3.2969030483912354,36.85788355197042,4.58849871226405,1
88.38975893668261,25.7735039284095,1.8012215445413533,42.43828366231073,0.6066829863774563,1
82.67726497200528,30.890510642818196,5.569115734778405,48.174646284688386,0.5527196094092898,0
85.10545711741025,11.957909934745933,0.7944620438494474,43.871671078092895,0.8947176515657926,1
96.40250552671205,26.757530171902502,6.779217107537653,46.966954243395584,1.0840874588210831,0
73.1976826579963,23.362565700974145,2.128265596507079,32.98587608446854,0.2354159118982312,1
89.18704578292369,20.60081998790822,5.673306743691909,36.62145448863429,0.5260804074628459,0
84.86026771523926,27.204514335647815,4.0484517221209355,42.826179163990076,4.130730576627142,0
81.66513719030304,30.838823602429322,4.541630566099192,47.541470874417215,1.6721472214247715,1
93.8525632086596,27.100922915351013,2.8199132574452723,43.252202134532865,0.6234585807370961,0
93.79014154557007,22.515232194953896,4.705616000666264,34.868879573130684,5.750385764828711,1
75.53509204011571,20.226120702367375,4.2699485771017285,37.8267133259056,2.9771955820824605,1
83.17839416142075,24.578510535158173,1.0841778636613446,41.667022182940705,0.9001835027531634,1
87.81211682584065,27.492677169526353,2.074999994133484,39.17670239184626,2.9001121531593914,1
82.26993251977416,22.451787895065088,2.9181757779803874,36.006137711408144,1.812939681249044,0
90.85021332287798,22.838468033396815,2.490006963747101,38.54872778327785,2.3028769039929062,1
87.81192017910276,35.28800099935359,6.505621890767303,39.9278199062021,0.7755921983075263,0
103.32561240356013,28.314607783838902,4.014028367694999,34.575393472612106,0.4701677108200333,0
69.69720864070213,28.60051471357453,2.4426573047202362,44.92254536268367,0.5849354132519676,1
83.77564010252603,18.158856375764753,3.018460351993921,37.8019258872048,0.17489813047150013,0
75.91497488487809,21.17124528282616,2.9910738329058666,39.63711886844603,1.273675922107643,0
91.04107455439043,24.298726557816956,3.4239010559898686,45.175263518619936,1.0425375360659528,0
68.82828109954455,19.9954497684594,1.8493411905608008,39.375006669470224,0.005085805577068344,1
88.46312710224886,30.40158919555718,2.372137778805362,44.90179414220795,3.880983049829714,1
78.69951568651659,29.641249226362582,5.533213822328421,34.853995695416366,2.2905854388965348,1
77.65838133878987,21.865818650463787,4.3706862067338275,42.16477957308142,1.183858614289201,0
70.53501796459312,31.13567442642994,3.6953249069195993,44.19661177856977,6.823782235889908,1
80.34924053798994,23.98299161312023,4.0052456346301994,35.85066000760475,5.644957084122791,1
95.84500530290926,34.35755886955619,3.908878486849179,39.10815203816797,0.19985488853058847,0
84.7481131647052,24.578744522100145,3.581737790536712,39.2116220768471,1.9097473367143243,0
91.27680417874474,26.30477100131369,5.034209677414958,41.04819608574853,3.3967839837102836,1
101.64641821966275,29.59961376467823,4.886319971695852,42.374008086698844,0.37978472857080214,0
87.63755584822576,29.110533399231237,0.8564740535455693,35.443969006888445,0.27384472213452377,1
79.41200427937659,26.042928264543573,3.7368756281815143,39.69972570849341,0.6016096784985644,0
89.6725221518279,23.435438722224657,0.9883612013184697,47.9565908678729,0.6560948574068083,1
79.55703853685708,26.056530799972478,5.271154406911413,45.26938395812402,6.703935324748787,1
79.95577316702831,20.73526331249554,5.535333113700567,43.96921922621918,3.0325995484408357,1
69.80107200381015,24.608534875456463,2.7784422047166077,39.03610201032684,0.12319323490928848,1
94.26257491084392,19.56276987000802,3.766482089330568,50.644154123635616,3.0880628395985523,0
81.1399742435056,16.876473439678794,-0.2228805942444918,45.1490709425313,0.3717907144679743,1
86.82098245815862,24.201707056557773,5.945579628184053,40.18709433964716,0.8839738403007635,0
74.64038071393361,29.04911156268669,5.419347480502804,41.102053577953505,0.7669755987855558,1
89.35947629715473,27.703218566384237,6.300170523475052,37.7057517263048,0.6359570103705725,1
77.38058761864916,23.672350817097566,6.973088280674199,41.96685845579153,0.7385306934140318,0
83.58291278298175,30.987958792701985,1.5517814140464496,42.965375168634566,2.8064866015576393,1
93.77826031239125,21.723754436613707,5.7760884032768836,43.513040422735486,0.6200023235782991,0
92.9075931223253,16.328669352807907,6.9586088888369195,39.096580539047764,3.226129933863755,1
84.77969927483059,15.271594823196152,1.0108442579415278,32.63150331186164,0.19085774335740346,1
67.31868967293282,19.275236237617133,3.6575775763085727,41.20894173089912,1.808575668114492,1
114.92810570060641,27.266498973048915,3.2731960335411516,43.53396752965303,3.9755614476233,1
102.45858970273136,21.460789266130455,5.710923728382996,35.10723329822401,0.16523590865747187,0
92.22674824888298,25.84383456742921,-0.7878821326881598,39.545837110023136,2.015100768467716,1
77.4679621840903,30.58513353433591,7.631915392464389,46.70732912620196,1.433309673137026,0
83.86407838298035,19.599612149688774,3.774925871610813,33.98262470964978,0.8067579750317402,0
79.56579570223484,25.91399892718356,5.832188804034292,38.58132825105768,0.21222056603940084,0
97.63855939096388,26.15585229062289,3.8795255246168185,47.435695739691745,2.2570214281819676,1
87.62502890851835,20.55704804610759,4.984250101959348,40.78857677056885,0.7403251729989497,0
77.15836141640168,29.416843700980333,-0.6428365172322996,37.3699408587988,0.8277579177487052,1
80.29244900875219,22.849171777802095,3.23023525439858,39.96484203444796,2.52881009707684,1
96.21188142569905,22.464988076347964,5.6955224226873575,44.1295856613914,5.813742559162237,1
101.00097846820478,32.44645287367189,4.577464693427389,38.982472324081215,0.811842757825436,0
100.28331563486246,26.091066969466873,0.7263178145464848,42.98791057469538,2.7466226046151085,1
92.57032065053977,27.701162198741994,4.122849787753226,41.17495079337873,6.275007730624412,1
82.47375131197363,29.419571726087355,2.3625153482769905,41.5853920517432,0.20589785229907323,0
52.584861746708796,21.398104002163134,2.1891614976531244,43.307707555040665,1.5066520877724079,1
87.97160023808222,28.99928438821472,0.9586114533665646,38.52585958513354,0.022454247985643938,1
84.981712411559,21.99242354000932,5.23740524381426,35.277446235638564,3.4879742834925915,0
86.39982096321354,21.82150644264681,6.22602888787127,42.37197802723553,0.6762411526020794,0
85.53897347033207,22.912000110767455,8.24028626832569,39.33797943611615,0.8092334173531667,0
71.73737838050843,21.51174066022018,1.0519032165141433,37.75944387043308,2.324938489035698,1
90.57408556851186,27.288625730628652,5.534744322452951,42.631926446540234,3.1134994184919393,0
91.32216314031851,25.068842620580224,5.6663427408418165,46.38673540596848,1.0216187517834043,0
91.8233878205966,22.035102341531548,2.8389906455639835,39.22710808490608,2.1903567873215275,1
94.46577003573387,26.698020132619288,2.164843229181338,40.042247692790546,6.263306129559339,1
91.04051644921623,22.899270250454617,1.8285153580661393,34.0911639043681,4.359006384384342,1
80.8997058846109,22.687718518541292,2.9452935130795694,38.88652695794064,2.4165916627427326,1
84.2916315208391,24.194735539606175,4.405243191711899,41.10645223425425,5.731651009761676,1
85.91124867253377,25.853841422664868,6.720224021013625,39.897779506561314,4.1739484558942825,1
86.07699449106619,25.55939059750968,6.210676676020233,38.189220835729486,2.611339876702717,1
94.9821765597173,22.54700327098868,0.7691661114626749,43.62920835066783,4.983808368326413,1
91.4366875302249,27.38844482975761,2.422313502798976,40.29003839289145,3.4008101798142416,0
105.77343439569952,23.110423395681376,6.599280748618941,52.94401559190825,1.3953311398918251,0
107.06468979884673,21.380062045565126,2.537814334809864,41.03859632428052,1.3954428657468287,0
85.79649582613925,18.127913404930595,3.8861716731796476,26.267485736547776,0.01765931471252879,0
46.6334445154063,27.932713923996086,0.5894221307718293,34.43984195632428,0.061433396805357546,1
97.36832466127267,24.04956030477603,6.3060668310258965,42.66059639634852,2.742634913679113,1
79.59623661012945,24.84348943404206,0.1745035882972239,36.78345100029435,1.6183236122248814,1
76.98516078168993,28.183211662798062,0.7143788384267618,37.093848660852274,2.862233022318893,1
81.01554725010634,22.090375073608737,6.101634121673406,33.80385078023636,5.9780225879741495,1
80.53356953185394,18.502403006103485,7.8401233591331145,37.616337646748356,1.2048976215227056,0
91.12269810105393,24.279122808860873,3.4187778305501704,40.96963877937142,0.18520801162112957,0
69.40564220873775,25.23184620832118,3.90627437627435,41.9291785719396,1.9699928730573175,1
74.22279254208398,22.94860373535851,5.8165591195659765,34.90052174251114,0.2101295907317472,1
88.43158554197417,29.894950312304676,4.578895629394765,44.027030566582425,1.9420376850662617,0
91.22944030413308,14.055333729114574,3.2535636412466715,34.04315455097539,1.500446299269126,0
91.41541644936012,28.48022655159913,3.0290927572286144,42.189780544956236,2.491097835025283,1
77.12963721066701,27.164614601456904,0.866404085030033,41.68523387318349,0.8645204970505799,1
75.2173435073376,25.827083110801837,4.46588354424044,35.32820907482756,0.31064693683244615,0
79.93365166212081,10.656393802123615,3.8161663558610477,34.73342236958021,0.538926091281337,0
87.39872752284725,29.135555133081073,3.1243076417746387,41.91145220302441,2.301713224034258,1
99.8547736927255,19.89426355745646,1.9963704088752228,37.20058740698654,1.3008098976026354,1
64.5256281422925,21.96923208646645,2.1989382934131387,39.04750327345052,1.5566150052745364,0
82.79271243041633,23.317629340839726,5.2367538410134,43.43667908957396,0.7801633516160954,0
71.67321558974797,25.6296721386079,5.763327296818094,42.39568580615489,3.624359112793861,0
68.4775732264651,26.5577121687702,3.3457676874187663,35.42027742452714,15.029741655902196,1
94.66956645344817,27.571362217277187,3.135040853507242,39.73210404851587,0.748532123880322,0
90.44624574499339,27.263414040314064,2.2927039067715933,35.32642399053581,2.5363231233122607,0
89.49433515947263,25.011708816852504,5.873640087148516,44.34969474978168,0.37531210599330717,0
94.21025839730993,25.663690636230363,4.061991539311814,47.682584321408505,2.712942536656542,1
80.20281103233864,19.636985136711015,4.7358019586545295,35.774523424033035,1.127227336257712,0
80.67362483666471,20.995892772723913,4.7169402601869255,39.84416448016818,1.8592874262649524,0
106.85730616722574,27.58184089469933,3.384596758932126,44.587305056655545,0.5424645795286528,0
82.53428945740426,27.348837946914724,1.669279800313157,40.121055041641505,3.816452668498961,1
92.35132113054091,26.895197665777683,2.0077336886281616,42.80752643690213,0.3807122342349025,0
85.06381540963315,21.94233295337389,6.255771065294903,40.25803165755472,5.279067226673974,1
66.51741469921585,27.641968527774782,2.5486313702988563,34.71598146056445,0.12640867400910163,1
64.55370996198732,19.355022190078568,3.179275360503299,40.59462508588936,0.6793029082663753,0
79.21015780060095,28.30943923944909,1.73121892925758,45.63641819616525,1.65539474474437,1
95.56101251669989,22.95651679501644,1.5678669621471863,41.5714603490379,3.9104671263470703,1
92.88291656636004,30.73668162536253,2.4616700059425547,48.11837141894597,1.720883729233402,0
94.14077164224034,17.914231631738062,7.376814368488917,31.142480704892865,0.4869825649588263,0
75.12953821063685,31.053616183674087,5.316074782384858,41.895237248201035,3.918464400369476,1
101.15872490122314,22.554142683346154,2.946422257152754,36.759960074084105,1.8134834916710258,0
75.35106699813616,22.482082975953023,6.165753589103991,35.621844194371135,0.5288348629803884,0
87.12824398669969,24.779355275942386,3.695402253407107,46.67209304285865,1.650358535780767,0
84.89647710092264,21.211684348797213,6.708680093983677,38.72497511155311,2.2497026520063295,1
83.26126179685414,23.710683994790774,8.423460700792425,38.242273693333495,2.282167880684576,1
98.38592138295607,21.04949493891658,6.0563234785323825,41.71787942559442,2.57474222483911,1
77.94889479834039,21.19574587608325,4.189101910445155,29.237407734768496,4.521697364653927,1
71.50394744288072,25.947543801202286,5.398619747032719,46.774329699418345,3.483905920076148,1
85.19995486206419,20.393738018785935,4.0301424385644244,49.52215157057068,1.8714415660906283,0
81.00173265713474,20.927223059978072,0.32800327204991486,44.57556722511116,0.06538815939897524,1
118.77382919082646,18.508835001014365,2.690749171575911,42.059948702856985,2.768771315980156,1
91.76507476439976,21.984277280154643,2.096816808693566,38.91712286429267,7.374515351749258,1
80.90659424781376,29.246408118895687,2.6464179163382546,34.62393840608909,0.7293180963619541,0
74.43888430812913,20.616265439588126,7.587342865278888,45.97031907866382,1.8673754560685143,1
66.19711589431215,21.073466939251034,6.244299485709317,44.58170811634436,2.9277907167544024,1
74.74780914262567,24.77568778592614,4.881769602883295,42.25058127458693,2.0382476630485717,1
86.14941771759132,22.516814264801894,5.6246859009027155,41.66814444724171,5.116216864623084,1
99.27328651594769,32.9126177333986,0.21577302818828814,41.502962069326536,1.2824000467158907,1
96.21689142387919,23.349888141294972,5.4563674261790585,37.37031640105336,1.5179192709726694,0
87.2909483164638,25.340873384869486,5.879248632404336,52.50584413965906,0.07798772973376296,0
81.76832334297515,27.775075139197288,-0.47949437537456596,38.571882297388406,4.609601335112255,1
87.68812356412154,27.698311463451404,5.530473507558798,37.866479032607806,0.6083894835005142,0
79.81362002515424,24.933150326229516,1.1518527146658295,45.603031560225745,7.672076204662845,1
102.18363995763876,23.355490053255995,0.05998928710793594,39.85397113787826,0.45155995236415103,1
83.1080981872492,32.09611414551703,6.652636433719157,39.905027423735795,0.5846005825225878,0
84.13662141753274,23.600958898742935,1.9859019047753157,47.07284686039902,1.3257234365925883,1
62.841775749793314,22.233239582286078,2.5681065212312455,43.393076227751884,2.160563116218694,1
83.04565153477236,21.416604046823927,5.97920908551469,43.64709273387146,1.16201199925217,0
93.3648413796494,17.092787189172977,3.3895234554951976,32.91144752903641,0.8671629848479678,0
74.32277422961455,27.28646300894865,3.6396692525418355,42.00270089304523,1.5534357788591304,1
77.49279665507187,14.607726411596694,3.5958261871241413,34.971960322025616,6.35442763263397,1
92.92711017733664,23.97710863638032,4.695197541949571,37.72502996627539,6.537813318628242,1
70.23342776481947,23.18055746291446,3.547331167218648,40.87820634781409,0.7951271807008113,1
95.57801007541919,32.95986076892579,4.228252148718201,39.818950989622074,2.279860318732017,1
79.67856109826899,16.673395085145494,2.992883749174588,43.27109153014386,2.559637473193192,0
81.11431779508797,20.39558685206257,4.703639179758724,43.85349825920805,2.119266641742821,1
73.76121594874405,23.455614165273403,4.627686063809135,44.22816919641311,0.2398437146188695,1
88.78046260427884,23.209882650123326,7.795771675368364,33.27899528429919,1.5507791020064525,0
109.5987198502938,21.801821636759822,3.237498100652595,51.81329131018439,2.881514674577957,1
92.81497239460631,23.67604836239133,3.6316689643900406,39.87710565612064,0.44831201855928327,0
76.35714738059464,18.961749084521035,4.477648651874083,46.06466676833605,0.8560621207305374,0
96.35620585491476,25.428771515979754,5.9288712886294395,27.42843576108701,0.4558108395502591,0
81.8332045406575,14.714058631689687,1.8168296936455977,38.673356001181475,4.359470797220148,1
98.7448498142756,23.896922576490972,4.207153043550136,32.696589511645286,3.911358043749105,1
93.06676402164362,21.598573222945706,-1.015652072110134,35.693173150204906,0.37073988559175,1
55.568584345282666,28.065151771026542,3.4569361665552094,40.25277875791908,2.85882326541973,1
74.95920367044972,31.021244282533218,6.1454540601987215,38.326252807395704,0.9050381743750718,1
94.4438522283539,22.67579132499857,2.5477151273053638,46.57008503565542,2.3178139514231275,1
86.51657272145017,29.562903716565724,4.353675230570624,48.844959984866755,1.359941331039615,0
74.7624405229215,22.735534877478358,2.942188851232795,35.16582893633984,1.2772381984306809,1
78.66410484506187,20.13549390748364,2.2811956045326345,37.5611741731607,4.262056071807521,1
65.9376337991062,30.98361452874248,5.942971996536203,34.84455880883958,2.0265080152397745,1
84.11626712473604,26.083105778936027,1.9094826203086925,45.779500897087274,0.5377675921983632,1
107.10689726015764,24.017754090439258,4.585930587726186,40.79521802361874,0.23477388300940139,0
93.04933390732326,26.748709900394594,4.616703241532318,40.16165584981174,5.418306909266452,1
106.90417001188423,25.09686014052067,2.2964009659227527,41.56233205363667,0.3330207141099932,0
93.8239708978998,23.723122368233927,4.311370513915257,38.44414554475343,2.6490929999524395,1
95.27479343352692,18.694260690768015,2.1301043250640457,35.717649870817354,1.369760956717241,0
104.74078687745023,22.917853051354932,5.043583749818316,40.255273768953984,0.30179783813864236,0
88.77263259342226,26.493021693833892,1.3701085707142124,38.66495817481282,2.9980806764775663,1
83.1277267849312,23.50891429725276,3.320788993616318,41.73512038637341,4.6969342390039905,1
95.32657516622012,27.609303044521543,3.4944566806842006,31.840107157398883,0.2590937853690403,0
99.53840237121885,25.534620095467154,6.225910676421339,40.931792913566454,0.13889057922585749,0
80.20035357287792,20.487454727658374,4.280086143423784,36.55376997098312,3.792240320601818,1
77.7843091765997,18.723312168671505,5.910026980224119,40.75652468706778,1.390111757744755,0
86.3885603243088,23.371286000279326,5.109382096979758,44.525448046853754,2.245002279439009,1
93.31498866931662,21.90308620758165,5.096606001791518,37.21876124442398,1.1649309094459435,0
92.98091048661561,25.345287238486744,3.336133619539864,45.9836025788509,1.0635138474246,0
70.75832399812401,21.12744936494908,6.041811767049773,31.296187074951995,0.7123762255550649,1
104.11606067063322,21.53843069698049,3.287659181395995,47.71914415260693,1.6553153880995435,0
78.58835070603149,28.21227887037965,0.5403490401397848,46.19247026173957,0.34824946397138945,1
82.34935003111421,24.592811874511593,3.570425663066214,35.567051820447695,2.5262483094567,1
75.9734564001218,21.189091738290827,4.9069528092881365,35.60887293942471,1.5944825492027475,0
111.98328835937087,24.07056723494008,0.7867485625743735,32.52522023455392,3.7614547752672056,1
87.42070670287967,29.51564497200673,2.2297952825592287,44.6068939606032,5.076972119473107,1
76.49024919318435,25.17514675309889,1.5388231196452886,38.347945936589014,4.6169400243968015,1
93.63923549962446,26.37180323770052,5.573434209417927,37.98115049970597,1.8387455259840981,0
92.69135779310034,20.99106185389023,7.345725274024991,34.38592518630705,0.767605789766133,0
83.12272976420117,28.105677508538403,3.5806016915735674,49.05986947217714,0.8837488340473589,0
93.40606712783384,33.272409041855205,5.063060726136518,35.13619535175064,2.1141888028090383,1
76.74708039169136,20.834129429948586,5.011038731799447,40.12083069362618,2.489361146894697,1
80.07081725050747,19.27242410251204,7.1075938928799225,41.079848548628476,0.3517699165398559,0
64.89783345433938,24.702168975340594,2.694894192094786,38.00664408578847,12.37918396693478,1
71.76048915780437,27.50202019937764,3.5602420704833513,36.995546421874565,0.22746447524253716,1
103.07630805670686,23.634441311798955,3.3184627011518835,38.153692778132694,1.8683607903896748,0
101.41428627722314,19.787174415829348,4.1507344800805255,42.826666663764975,1.5144060654016633,0
85.65788648648963,23.56566335287844,9.008633604233617,38.26471422494063,1.7880224367808362,1
101.62931447189837,26.392369091109817,4.061622230394627,48.12772843649765,1.5261303746164836,0
83.39925513391695,22.371872692215764,2.29057869478588,36.114806570982026,0.11930919599448446,0
82.56589697432092,26.429020071019686,1.6910055462137619,43.770533763351715,11.005974765931665,1
85.56510648465556,28.65884314095964,6.505290014626094,31.218006440827196,7.956009524234422,1
83.75078404676435,24.96092250308179,2.281490992043842,36.115374825820055,1.4861541634096826,0
82.8480367643982,23.888208914886828,5.3271739183981905,35.91853916960393,0.4672690218874266,0
96.43398107149552,27.317375700905128,2.640617341482744,34.4804323341817,0.4040906088770919,0
86.50135653956202,20.57559669025108,1.4666145268336561,41.41736253627802,0.11748092682620893,1
92.12481764433805,20.181160665228308,5.210399200603643,39.44906403203927,1.892772974824318,0
95.3138052527733,22.93371086028406,2.738510266472937,28.60586141073547,1.301081910386597,0
88.88185795654734,22.032482180742132,4.850851278477787,49.97767719626256,1.0767766295811783,0
75.29728674091761,20.786632098838098,4.9985658816920875,40.88008097171881,1.4897794301561793,0
71.47134111035962,31.321873899995097,5.092530490024937,40.00588677257873,4.124821611078868,1
86.48780634807305,32.68797283797716,3.463702632113627,46.55059424298493,0.14668746980341685,0
83.28743695175065,22.585179830977673,5.372367113009415,44.9443044469575,1.5709165014603375,0
85.87391428920122,24.366875798993462,2.1549073431038344,38.50913353050751,2.4147364242967617,1
84.83945960751414,23.248628719744836,-0.9081805021282676,30.237434701494163,7.059572273421734,0
110.83573660166567,28.429996960472625,5.413784346240216,42.821928226427325,2.6917806464873837,1
71.69773744358662,29.222582247360187,4.33118100967494,35.18576912625674,1.5886530909050758,1
65.10053730178875,16.890944805241414,2.779843511972058,46.196322292947116,2.9114494154565627,1
88.32376833519609,25.904043200262503,1.0576944760499098,36.11918168701153,11.657485834082767,1
81.23577445411804,18.772714635355406,-0.07315659767068627,37.74066552405013,4.3916694972581904,0
88.16067869729952,31.033088631501112,4.103486696417944,33.2840945268033,0.1866361510697663,0
90.83883022284002,25.760992120841593,7.297571931459904,33.688523194985834,1.7105227386635955,0
97.84104695178897,20.706601846549454,3.7228851671380405,39.45462309650547,3.087994806210937,1
69.92774179616062,23.034714448248586,3.277329226616909,38.98870235753533,2.22872423257941,1
79.43282102142837,22.844090966935365,3.9512643150083138,37.62058693239575,1.0790259406234324,0
89.28761258880763,26.100451771543263,8.35841022381754,50.2650581200444,0.7785272505510652,1
92.70463595687227,28.16765041670991,5.503808453306267,43.01823183059954,1.9723801778069854,0
106.93449550288386,19.40717083211316,2.1328494965992215,40.051216614631265,1.0633112250086998,0
94.55703971113867,31.355018003648453,4.056207807804206,26.213371248651335,0.9951526758589182,0
84.43211404113723,30.422760431283372,4.664873822309882,44.12884114347159,3.624844891116971,1
76.09564247057338,20.49870572963582,1.8873222668423102,54.972681490570565,0.7585874418694959,1
79.3571014728098,24.291207177449238,5.518273244685119,39.06024872238979,2.0708465012142736,1
79.07297177042894,30.843234176457266,2.364382405711292,35.94743738433909,4.1339738549674525,1
91.55233628513761,28.931674346709933,0.9781084653198584,40.8166232737055,1.9445157262310067,1
87.5699744558583,22.653027879808416,4.152267107679557,32.842956336738936,1.3576499586300077,0
71.76350429157822,27.257359258271492,3.8356882810192894,42.31030272133311,0.0718818198406691,1
80.64098530909567,35.988793166876555,3.9979561955946106,47.501094819686216,2.2887212603095555,1
93.77547553451421,24.42063992740485,2.4707107646744246,36.64534449732818,12.003860065924329,1
88.51662354974059,21.46940699423992,2.749774764257918,36.806796086170316,3.3050097803626555,1
90.6864461601277,24.689679408365595,6.256893320738222,39.601520856348294,2.012792981354254,1
88.82921710057263,24.98620838198927,4.8821712300014966,37.49390384051131,1.2665308533931896,0
101.2643073460886,21.90185304399961,2.0865078468454303,32.438413960621034,0.508041251762734,0
87.3604306382437,25.766500271256866,0.09860621115978496,38.07381153707724,2.3560202010065368,1
81.13977202129303,18.982395761089997,2.17116719577558,37.06495390345982,0.39033199112974304,1
75.8424495886644,21.337864531965284,4.314598144320381,46.83277431667137,4.361592637736088,1
87.49609458209711,27.03297910461919,2.7361365632911165,45.77687359393339,0.8738762171189064,0
60.59295985224916,16.980516593830995,2.5806995896463585,46.98656487623465,1.0209727274845963,1
83.15710998167287,27.612670367979106,2.821679122138674,44.00862500848354,0.4867986677323392,0
82.94160140078657,15.952074537177188,3.8545848745274243,41.02891455740538,1.3142568356155961,0
71.35529146382719,17.07470168449474,5.569255825916698,35.62795986277815,2.2817111489406514,1
75.71734161344004,22.00408502777646,3.999161592108614,46.63057813826066,0.7213061789502061,0
93.09657530148242,25.147455371277402,4.123874043035301,41.73894718372119,2.4202339125612844,1
87.30711749074962,29.301054412509554,3.5502792722343592,33.75984826132474,1.9382346866925457,0
86.01788333707327,24.23049105263838,3.001286335690522,35.43065903906044,0.9316671482973065,0
88.06347533932022,23.01378556969604,5.78848174263986,33.681274089682255,0.7502720728509086,0
85.92627587948924,26.318324991939217,5.4848041356883925,29.73985519691706,3.9513072053493907,1
97.42862562858315,20.516404718128264,8.090559835332101,41.94261092474565,0.02401360615374217,1
86.23429181703649,24.557660637385624,5.221128596778506,33.810623140837265,2.5168981915117423,1
70.4178688618125,19.20221496817856,3.0031713563850735,36.22027359584625,1.080007269052147,1
101.3012996487441,24.330362067501653,2.1906973817796205,40.194198143238836,2.529511597553234,1
88.70340267328845,23.480654696602386,5.905890521423233,39.060535380563735,1.4165745241281653,0
79.10746269204932,20.78292831420233,2.37002623137978,36.432790793359146,0.17517356654051555,0
72.46598281704982,24.660162546150957,5.619473373044142,47.59464506530879,8.040592118233398,1
88.95914220958045,24.63419861263857,2.480172012214772,32.366727541238255,0.17994907053707504,0
83.82827995025625,28.701816049356538,4.6983167675745605,32.58316925824796,0.34498368955637854,0
100.7414678603241,17.57746638774885,1.8804975702672757,42.289219537942685,1.0906108248737418,1
81.54092719333173,23.695804369211828,5.559770708664162,36.869335178246835,5.787195765995929,1
76.62619210317533,20.958950401186083,1.5326566889815019,36.673761117657406,0.6936535833574582,1
93.95796218235928,27.479048232705168,4.545914659013404,34.604819844270196,1.6817271988487932,0
94.2528189271683,27.015648260768533,3.6043201315459763,41.69100593238484,1.4739325434011479,0
86.68651367610195,26.031519380274485,4.20361287445252,41.12815937306565,0.8013955436950791,0
91.76357047674908,21.184666967722148,3.208392331676732,40.59561554336724,2.383643416959006,1
84.62312879257762,27.54188233176038,3.161480105258018,37.08521539339497,1.3921522543023612,0
87.33865101009248,17.879476285026673,4.309562408019543,36.24485198294347,1.7268588169558345,0
96.64990882563923,17.058757185628913,1.9957232438202963,39.184530807140746,0.4718381773569003,1
91.25318334021503,18.896516000392303,1.9839558766666467,44.83269904618256,5.222275173213058,1
83.30725561667376,23.866100758692376,3.2829010007231765,47.84079699068283,0.23435130469034005,0
98.52362545926151,26.700657603953175,3.205059720561985,45.55677656514916,2.344103684968305,1
61.35144627208488,12.095870103961902,1.9892070723912512,42.528686709479835,4.341291869833947,1
105.52073311421935,29.290971327519145,5.84842938582933,44.91088086419266,0.17552291957308405,0
67.94040905109264,24.524448784713737,3.33105316313679,34.090320650563775,0.05834692179193433,1
78.72907175227704,17.7289106096409,3.546675594007777,36.431148627071195,0.8103915242424653,0
84.5908246480493,24.403787881158323,1.344943348060907,42.62199252850432,3.120799684347562,1
83.53519329271839,28.37010165871368,8.143271709224239,39.40919566475784,2.5272086711590225,1
95.06411040026555,26.397764061225036,8.854134791109825,41.687531897431725,3.453709241691332,1
74.42163381389766,28.396292250215865,2.4392028431913038,44.89732595511955,1.0133303974922143,1
87.60766817483064,18.535013482411557,6.452172762338195,44.12014142215413,10.153235580919397,1
79.21787901780246,22.343979059446383,3.816373232524819,34.545182449669014,0.9117473932540601,0
87.95140979337417,20.30123107790587,7.207539185626212,40.05922153049271,3.273445578039129,1
84.35227740202123,30.870320820177273,4.672466172800773,35.39588709069307,0.8640486712703043,0
85.92935652682978,26.55745137394652,4.199524337534798,36.11340980679958,0.49293636423117865,0
79.50075167535654,35.38803835583056,-0.9985390792371636,31.445654974566903,0.8209625553391985,1
79.89936049903918,22.12956186633109,2.2427880531466338,40.668002211772745,0.42806477978902946,0
87.87272514027427,21.10130315327078,4.041041339149885,31.07612715433984,0.27648059645361805,0
94.43715505756045,23.4286934456194,4.397332505407958,41.970666194260886,0.9049999357107862,0
79.01720665802152,29.513428885690196,1.5703325721252308,46.79223805491385,0.3175089549136723,1
76.3123245542709,22.53552124249861,2.5424569426474424,42.651680594902565,1.3956312477488357,0
91.13460165671837,24.497750391627775,5.106894034501639,40.2594417891788,0.07210889261863591,0
84.6749610694231,24.38676281154728,1.2335785405332849,47.67224062701548,1.1289020713414648,1
93.30498133985952,24.157987044808756,4.267459447447079,41.6372284868478,6.340434262665023,1
75.94202786628853,21.39040615815009,6.475907062978111,35.68628340356565,0.8889678089246503,0
67.2056107457657,23.450835728358534,4.770939258223642,40.625532258655774,0.29616801488906047,1
79.66995918173666,23.27958959459457,4.670973486331954,49.79845750297075,0.7282530775196789,0
77.33647390734984,23.969741361301402,-0.04030289835552736,34.53680582678841,3.1335032815168016,1
84.212115999197,27.774067272610832,2.3561744471642077,33.09938060132636,0.7527616598471136,0
78.6315478572961,31.04251213849797,8.108403667182081,43.0745432367077,0.9673807317723605,1
92.4101695133645,20.63826094932117,2.8016761649081356,38.87973416018457,3.1097717739549284,1
82.11849737577484,22.43202550084914,6.528952419094136,37.339990622500736,0.6037256086249999,0
86.50474498773902,20.699952406375253,2.778318221287434,33.704102898990804,1.301289410405087,0
86.57634558440944,24.748406148889092,3.4443589969810735,30.24943881006628,0.13050344164634872,0
86.94955092412188,21.846602169956093,5.031173690707037,32.717849805842896,0.3824919196998452,0
84.75870889545027,24.959187334967954,4.201386031988019,48.0746276266368,0.4700459382000676,0
90.10600690410314,28.414507641779146,4.76302490200216,39.955628784277614,1.2456816372183206,0
77.04344866174192,13.896673256781567,2.363219490546026,30.188177589732813,3.440519739488185,1
98.99417926653884,25.967119558402764,1.7274596210624868,45.92042969159382,0.8754916198729922,1
82.63462616631465,22.159251804408484,2.2282567712189976,46.174169835069875,0.9576456336564045,0
71.88450862101318,25.841689071937555,2.9353637170752664,46.146169778414176,0.716224138512901,1
86.88073356991774,20.4141222489992,3.5414372358851773,37.88734345258,0.772769761983567,0
76.48819517552515,28.7850439532275,6.0745507612796406,38.65594694128714,1.0333668289276643,0
91.65334534508875,27.653122472161137,4.174682912050097,40.68813931854042,4.593271328587172,1
107.09605576042378,26.273408594170572,4.96919420501717,47.00523253997342,0.049356293188695145,0
77.1342790844215,27.172902871240392,4.283202025160264,37.22549490455683,1.959448153011817,0
88.32372333223985,21.017518131311306,1.769131492942448,36.22793377709643,4.372858405700786,1
67.44494411295372,21.521504981242842,4.034539052011298,43.47838434178579,1.0789992761053913,1
89.53905229441347,27.009744803269918,4.261564220383072,46.04627366924831,2.1048716984358866,1
76.1428620020031,20.92908342892555,5.519846442682615,39.736046528917214,1.7624002433939403,0
78.75165381565517,29.782540186632346,1.8628238607130703,43.352199539009696,0.8268881980443822,1
73.98713510160172,22.705635714875875,-0.08082173029672113,40.56223382037017,0.2956497691542702,1
92.32151226054735,26.00757755944249,4.352527630340995,38.743776969477395,0.49594147592112875,0
95.07304357473262,32.396998077020356,4.707700003176761,35.85360900757074,0.11832229639421428,0
85.23385214658508,21.175106583727693,3.6412303873659044,34.23070049276526,2.894021329037413,1
76.3557329466428,24.275047003379132,4.056041801453582,36.92616969114743,1.5220262918348533,0
100.89523036103863,28.21673265854923,5.7575447571656095,35.119704070657384,3.080136910790458,1
77.49589872245343,27.805109555506125,3.0823888469449825,41.41741266529715,0.6855346698039153,0
63.37967700072561,22.688738759042568,3.442718315682842,46.08772883708394,3.266151591854246,1
89.58389009957068,21.933078249912583,4.158072889227664,41.0200467568545,0.7398225576740232,0
73.95225326358484,23.067456269819793,1.5603706416613146,35.39648330156665,0.25870074866222864,1
94.88608793499175,29.791431064605455,3.6962055499044912,44.276885405129796,1.5263271310553927,0
81.18862303326581,22.883576574560212,3.8725133653315877,41.48440748049854,5.811620740159399,1
91.03713240544197,24.31246276993386,7.274084428640548,42.4741301035589,1.0702163084291536,0
99.01500346552157,22.292854116306298,3.4037686847430786,37.403161444588186,1.4488161150266659,0
72.91141135379279,26.822194259183945,4.400022479888934,45.66688286159246,1.2003682767344115,1
79.34062869107595,24.622100150334624,5.837235210779484,45.64132849089478,1.2228940384800986,0
84.24328927342937,19.986264756967085,2.325030549379144,39.07966427670781,0.4825012442888228,0
100.37551319034344,20.124703543860022,6.751480773752332,43.59225923301462,1.0980326206401403,0
78.41617282059555,16.005577733777972,7.527740464114556,45.50744576035834,1.373936500535837,0
79.05496304050993,20.674714363497536,3.9422074247026497,37.6731388695574,2.73187375197871,1
89.78140575555808,27.17578321452869,2.92114787708124,39.593806761825974,0.30125472933728475,0
79.22771274289428,29.29504215204907,7.254238848780776,40.398956786012036,1.6954608578761785,0
86.52525882897616,26.742233452868735,5.591261745536296,34.510899208771015,2.1705618369495054,1
69.48462579031873,26.218528802562727,4.163938409327672,42.20831255777204,0.9651005204764828,1
107.14329942556597,23.4938958018854,6.853687639231405,45.11261407799704,1.593304937759929,0
71.52290769690596,27.099658219655947,6.641984377098639,39.280569918910764,2.4808728677861924,0
81.78247296009792,25.145112892327536,3.3274860920835545,41.699250271761336,1.2513554594476277,0
84.67518964157905,31.217795887948498,4.4974597065983,46.992903979590885,0.8109829789869912,0
104.12688134356796,23.606218743293006,5.1535849758519126,37.97424062598526,3.4825497397125935,1
71.7515421906726,29.372032334944524,4.0574600597757025,41.801324988135015,8.986699776803187,1
104.83704135478752,27.49645632727144,1.218258818191439,37.15093899165163,0.4883144829284125,1
92.57176821102023,26.941773144816636,2.123480992603507,37.01446850465293,4.403575397842543,1
89.17095324423246,15.95403469815272,1.2834744290795457,41.70946630736394,1.576801726034477,1
75.15366312982044,27.716758246190842,4.985848606048008,41.20684783656644,1.1881364501594531,0
90.71141242038074,23.489968084363387,1.6312953657525116,42.77534919763849,4.472904582661556,1
77.765133775802,22.224294022260434,4.38483614163486,40.380793748122244,4.823435783542866,1
97.66661253198413,18.068347835288346,7.6638076525503145,42.32571408649577,0.6367135546224256,0
75.28937970892267,23.977651464127266,6.8555403698242925,48.32759486035684,0.8874940114146842,0
83.86841505543916,24.13420638727297,0.32516670613204246,45.299552026527884,3.8200625109787794,0
79.44726911986828,18.787992312740784,1.4425970584579875,41.691908493722444,1.3499251750595151,1
75.12477037573005,18.10687930842523,2.446967151640283,42.52453499168335,0.6794353387623657,0
92.41319816907914,25.946477920512443,1.6619526215612646,38.50548993247899,6.549618900632189,1
90.35458747409633,27.48682052424551,0.6923712453565329,39.20405454431035,0.4893424431366113,1
97.09010198900997,24.761131639689687,3.978319320549519,42.46230465335733,1.8849471148703811,0
67.20124891791832,28.60333859873745,5.410201098833128,40.43825112357929,1.1169403595046812,1
95.64170702341043,23.654460062594005,5.908068077445774,43.965093381157594,1.2004125190187975,0
110.05448905356894,23.78259490239919,3.051047658512381,46.335365017230124,0.22407254635851048,0
80.48358910823053,20.33188788503684,3.456192599368817,39.49117019503118,0.5944907922290933,0
103.9514861210897,17.75903208978513,4.71135449024951,29.95391730441498,0.3654362937917524,0
82.36838727940173,31.41864853543834,3.7830288763217017,50.17094462895306,2.769589931400299,1
71.27590262438693,28.525196200998984,5.621213552191604,36.73752783464374,2.3929645173405314,1
81.94367557593205,18.429949731446087,4.860729725669027,40.9758085154934,3.160767659892057,1
95.48203967675276,24.623007631325123,3.2473911529719417,43.63746143363487,2.4030375012724,1
76.61823517668469,23.599814755585335,0.28672737669311354,47.04486769421541,0.27556174981654014,1
78.99661340993512,22.90403010734783,6.998063210963987,49.03017104285063,7.687979344273395,1
90.93539432293191,22.363928608740242,2.6278354211113566,38.1806343111627,0.4177832003483311,0
85.03060116738573,25.525076587871915,4.715117291460521,45.94844883471464,0.862949906359936,1
90.84622952486741,27.272702101885898,0.16681666256180483,40.98989956687432,2.4543277154530148,1
87.37829540758335,25.60956467611282,3.9773668332283902,53.71601835106188,0.30269007117672014,0
89.79625319551573,23.517926502483224,4.200523921724398,45.502223621300196,0.3738792995735872,0
80.67698814190459,23.37109313243552,4.297204145095324,39.11262955793842,4.184245524718364,1
87.31730942030393,27.747257267690667,10.027586565435993,36.03463591402552,0.8069789719860266,1
75.72626994304066,25.85377975246425,2.737763252413134,26.867051377430244,2.190740572192968,1
97.88433622503389,24.290757852141734,5.641328453913386,43.37337964940069,3.9144264633837733,1
78.65725283182687,23.856394809599568,5.046464904418754,45.04224378995377,7.238761186045468,1
96.28847487549389,25.381082038449154,2.6427220146648276,43.72730222199979,0.472168065829566,0
82.66393039017134,22.126605245762203,5.61133880636186,28.23292776315395,0.26233264052237,0
87.01999010757321,27.286155269232843,3.6713581261383954,33.70994505155267,2.6998241590314276,1
80.05035449109299,19.69656575264853,5.750486435153437,42.404117389483936,0.4170070464494775,0
74.8400456883197,22.354173960934073,7.921925246843429,48.927618677403956,1.7359070676544546,1
67.55239612394698,26.444424381784096,4.3015977812682,39.722230986386485,1.5213329935031175,1
74.4467584140754,19.468468746582907,3.4377495418630977,45.45759128295842,1.641612499244407,1
81.76091146784078,17.707965829402,6.103112367620826,34.82796588280752,2.098460829693437,1
87.11879178828885,24.25231070171696,6.793306331868683,41.03564016326162,3.8061698264457706,1
95.10379313283264,17.214167382214118,2.2334849212159016,38.62669934521748,0.6344087504214718,1
80.54242540203151,18.804785783792553,3.0940858209238495,45.937947369154536,1.6204559469796074,0
76.18039235732826,27.026376474025728,5.350846543682524,37.300818345318085,0.8210106552078348,1
70.57285213997288,23.180858969577056,3.735935979170561,48.385063419324695,0.7676050217791476,1
89.80063617904104,29.141947798835943,2.091335974026426,38.461437581900064,0.04126182251911767,0
98.83194515329343,19.18074263625018,5.081389655790789,34.65068501923916,1.8295959082087285,0
97.66330267956289,23.624190537470863,5.342979431413545,34.81846341131041,7.187542937955076,1
92.09932748147237,25.598338212831038,3.331228488206049,36.887864338260705,2.864729617167615,1
91.38543317267599,19.317940279484365,4.122697530662474,41.852836639613585,0.5562388932748227,0
101.9762377970934,28.1270476179985,2.846853862107762,36.95010012479439,2.5184412946400476,1
88.3208146141681,26.042715532664154,1.8095251481760548,35.89761312174514,0.7056659865100406,1
91.46129676024171,17.562851653250263,3.005870786743627,44.44904025767203,2.8019987150779637,1
81.79216138148001,23.849032815165597,4.147864700351813,23.943906947807672,3.86111038594693,1
71.37956629145242,25.54382694503453,1.0498215570614073,37.85059181782175,0.8139208123701811,1
78.16151099500424,21.639773305887772,3.1519741374956824,33.32880926132428,0.0043783813262302474,0
84.90840961465345,18.080540377964745,4.175660261185477,35.657227808280894,0.7277371444142839,0
85.60785372501303,25.11383515778964,6.389319820249735,41.218749617945434,0.46098190073507145,0
104.26285854855394,32.84497180113024,3.3748152903989377,38.973836774824775,1.9278896340956988,1
85.81277167591068,22.45206360336924,1.5081952997815558,38.52217017764783,0.6851859340322582,1
96.78843444025644,30.276964725138836,3.580679974604542,45.94754439482132,0.0734240252631708,0
80.64922758423684,20.99084471295413,2.8668613918198194,39.9319092012679,1.51573230624015,0
81.88324114234766,24.862182540039807,5.1043571101147265,49.03028436803456,4.153860196139619,1
71.70992362776552,27.086090123504476,3.3241893472755417,43.560958890003825,1.2005490814023643,0
77.57671987123427,23.96634533611454,-1.4211332431585415,35.16645139233846,0.9441634806100259,0
90.26981391363753,22.809057404475077,11.383249002395608,49.67045985142427,0.39328635807307155,1
85.07560180394134,26.904510085401494,4.284726583181859,41.39052672245506,0.9800282510853315,0
94.42938619897234,31.565820461076882,4.178383020617158,49.358739296199396,0.803700196813125,0
86.81253948345051,25.202347698556526,0.917180056005936,38.669522284836205,10.566058314322333,1
81.47546268362258,21.93575929387861,1.0708614680767763,41.36115873703963,0.06188670103024358,1
106.48296863786959,23.240993770961268,3.8161020846539353,42.16057082662537,0.5458453993091388,0
84.06096431286953,34.078830582581496,4.6723426646232795,39.1594311289114,0.14219515393006368,0
96.63000969705304,24.53962846535251,5.4042282783535045,46.35959997793443,3.8956803823144743,1
80.98790793455322,21.62234520568811,4.474875314636521,49.662910042521546,1.0801978784186868,0
92.09599479383567,19.41972833406984,1.6281155936637313,28.532868606917493,3.1819169729430614,1
94.28015659151687,16.696395623549577,-1.0089332181600978,44.07409187495756,2.3563118566861303,1
87.08491970575581,25.45433709538476,3.79955530124359,35.52748095074407,5.2630557624299845,1
61.45517077303398,26.618567971298013,2.932050658781744,27.03595773065113,0.04810233230076308,1
85.18252460856112,22.413215280139173,1.4748565517754302,42.58509128232097,0.4647339985604034,1
97.30460047759975,23.940118327876185,5.656116448211251,42.59636748749939,2.4215436804071566,1
90.27480833027731,19.318153162845505,0.8488465016400233,43.40063587530942,1.7600322952763232,1
89.45838875229246,24.531713859310003,5.233937678913165,41.855139389517625,2.372660375310965,1
67.77743066042481,25.9259812822685,1.1797240499650372,44.37512611641838,1.7135910224724038,1
77.7954492932494,21.85934293132945,4.2681773711666615,36.984755993278775,1.7398699783610692,0
89.1135763115144,30.76181067834336,5.867948644037243,41.316671945774594,5.393449958165204,1
89.10383276786892,20.651574693012353,3.3241333687954517,43.49083134214285,5.08402686132333,1
97.14666780132903,25.13390641607593,7.379839669013643,46.76478061279688,0.07747474264119107,0
83.55133244853906,27.39326887881842,7.835772651187008,40.219227363760666,1.0677400040693925,0
89.05824086673815,23.69084199940247,4.474350000039311,38.93102217351245,1.429030201356756,0
85.16374241931294,23.246092724422034,5.082770741180546,39.72380552741167,0.8860363937804799,1
75.13057263498443,18.28453539820135,6.121417732633038,34.03203447276955,0.10165716204130444,0
62.44208668905252,29.429365982865136,5.088852744970978,43.84812142860646,1.2784483662522053,1
89.31009692130077,23.320427193329618,4.874486435197087,32.713415466008136,7.434259959559359,1
86.73947208412811,26.149461699739298,2.951861194447824,41.95482051518681,0.14990249028257407,0
78.8182495789983,26.690881951440563,0.6252876496445756,40.42287111129727,3.3930268727262614,1
68.80826943484135,21.48680603192899,1.2198091735010461,32.24513717291387,0.43544795012303317,1
91.29739514408737,23.209885582835142,8.764734717523037,32.530269491341016,1.7197969006370966,1
82.34079925804448,29.337929402974016,4.644917915610002,35.73154263510119,0.9788808643875442,0
90.56874722368146,19.53120933703822,3.5086330372173364,38.28029011252365,0.8585166364092885,0
103.64048530411759,32.51167229902903,6.526654518235818,47.40239640825707,4.086814935286028,1
63.585691196802955,21.020508858894903,2.501084054276341,39.44632416835601,7.259316492997907,1
78.00399191297636,19.281930173437953,5.1662165348263756,42.73243467835958,0.9776949104961994,0
82.90624386688087,24.52923608275414,4.154384067120076,46.33302688639053,2.0457671950276692,0
99.5482617414665,32.83339305735949,4.920055002207205,45.36583645576299,1.6257260383896588,0
68.63596980793515,16.356136257631178,3.3271802614122867,39.96470143564677,0.16008221937880895,1
104.35861025680605,23.43593712604123,2.070611385419239,36.4723736222664,0.08406397682087291,0
86.3585590156629,25.905060069026224,2.354257853720716,42.49427279847176,2.969181362059275,0
84.03999338266142,24.134599834142126,2.432231595479405,36.5721409073159,1.0035145800417924,0
83.01940236781094,25.52768668001204,3.994059375355689,49.07402326261241,0.7351082276510235,0
80.63736967819972,21.127867671310902,0.8877296390521141,44.33899249717619,8.478662003607175,1
95.48116759269155,21.601112616274477,1.5051427699558144,41.04348152041836,0.17816521899711874,1
74.3147924591756,23.4063094113632,4.271048595058405,42.563358830309426,0.6268547861713576,1
88.45414181643854,19.480447648388996,3.74464991117217,40.891432447567986,3.8870494090187138,1
81.15818334293024,23.82125439423924,4.380463068513397,38.158351850431885,1.0722826172185806,0
77.37866551485902,22.445018825313994,3.9099129313337824,42.49304964119792,1.7553283648639646,0
110.85975175683896,22.119819259380527,9.037900413776427,38.785540498414065,0.099183536773045,1
89.1905073475346,25.28202565039455,4.253476867981747,49.68344216218779,5.058768233568319,1
91.13265544661144,16.717362027202785,3.241840701025448,36.536482998657526,0.29449282838998786,0
96.37776780668662,23.083639586467385,4.202263570723019,42.54398712631621,0.4799846363906944,0
70.78650054681452,33.269415062459444,6.03991008502066,36.086367534829115,0.3410932260439529,1
102.52291909122032,19.6555612546975,3.90074322124507,36.0341793323331,1.3763214628956468,0
59.910428215049244,29.142001985937654,5.369456717272492,31.069550679087524,3.3949418582872646,1
77.3123358996148,24.218624483650796,4.792091928804433,42.057375523865495,0.6210085813724118,0
80.409683268211,21.58816876447433,3.4191688463147116,37.33767044477371,0.30704944781519977,0
90.81723364970506,18.717433361880772,4.2217515977639035,45.41694759408159,1.0549998536014575,0
87.18718266141488,24.558727861140927,7.197844228384152,42.06647696308427,7.996805512450411,1
83.33185259301607,29.813588423258707,4.486156590075929,40.741123290146504,0.022239347760927772,0
84.88002655372276,22.443155419212946,2.0279579516578594,32.947506130078764,1.4023504500067387,0
75.21976976477431,23.676154301052907,3.3609791457342495,42.924526524339676,2.2134993716944353,0
70.02767605515827,28.04148340076133,-0.22849449946561062,36.68926924040275,3.287238541683671,1
92.26511622336061,25.363483165385123,4.274797413505761,32.83580651924311,2.7423451762294846,1
91.93706112536185,17.710896881101686,6.624124687565628,42.15256739764409,0.15468593656445775,0
100.84494375157058,24.395548863420736,1.317188463732292,33.708536897379446,1.239311878724912,1
77.09982903184792,30.048939642662393,4.2994654690160985,29.544376498154875,0.164046757872673,0
91.92815210300923,23.852235254130008,5.970863611738573,46.48567227401587,1.9344067334490038,0
82.16293271635269,13.034042282090493,6.182277266392969,37.19633998572,0.1603204523184244,0
96.90474985193482,25.55285996636429,6.559602344551662,31.277559707686045,0.09925212343585096,0
95.21962776678141,23.206174241823856,0.263492337308993,35.18704094661796,0.7306477464588386,1
87.11209399224457,16.683622344315133,5.00986190922362,36.394742014641615,5.5882566441991335,1
81.60469843334013,17.283167639784864,0.9888696298107895,45.72113645146989,2.475724811378869,1
94.60932178608262,27.900428573155235,2.003335726855058,31.68516119958681,0.008068219392813636,0
91.46904523256566,21.07046901761968,5.642244519217012,33.30546859125338,0.6701847878140832,0
78.15559597913817,20.37001447705603,4.316094243703234,44.90201497442867,0.03530558644658921,0
71.72201326520569,23.857445756273325,5.452672148478747,37.75133602210744,0.69716113132153,1
82.11467099318203,21.423188006720245,2.141766790396603,41.13976369005674,2.313492651274632,1
100.1541381534821,24.400194511110982,6.947206220325754,37.54537334966072,2.8523891585522363,1
96.46487158733038,23.18911988225332,5.376667867682102,50.10285078410994,3.260381621121912,1
73.8767253032942,19.20001767962543,5.778596238586919,33.55152422039802,4.815671157783879,1
73.3224258410008,21.95520880575446,1.8396664477697282,41.41057833639121,0.9107605002111215,1
97.74683849679487,25.771013285236418,6.342802480425236,47.51478293628708,3.9696845665799887,1
73.6436409524217,24.167672160954503,3.367676846719194,38.125069948633666,2.6014720921747747,1
90.09295323642007,23.672230070432676,2.7775474597092185,36.23112972295406,1.5433241232146166,0
78.83928784663676,31.74953696471754,5.250927080091323,43.835515154085705,6.185841881983638,1
101.17044924521683,26.924150101542143,5.166423549575878,45.020324051381884,5.903083738761747,1
77.2957520086212,27.40976505928537,2.306362304485325,36.00048157504349,4.557820746553216,1
96.43361530205829,23.336126368820302,8.11260202038504,47.31098296952719,0.45186317373357165,1
86.84858654060365,24.8805807614051,7.628701152779549,40.25610546073944,0.46610180718395233,0
87.52194854234287,22.275600041897228,5.210070281623539,42.54380648064134,4.625330489370899,1
65.29691418648599,27.110199062096513,4.860806845463377,47.441405952697565,1.0147071529446399,1
62.97086646794281,23.558400383603825,4.659572452520592,43.843901128941994,3.1934803440453194,1
82.79434059732687,24.889510995722226,0.900006747962657,39.998754122909126,2.3227247871552095,1
87.46906063416611,24.64244520862067,4.225614775842926,36.642039467412026,2.873969715896683,1
73.74802172262277,23.927332474378183,4.199083163791496,53.542528253411746,0.053250314748688535,1
74.11306589523657,35.752752268623084,2.847976627523238,36.0549191097336,1.1240873769014303,1
90.61472629826133,21.33352289002111,3.381301655996831,41.59064546990136,3.891129498173877,1
90.6285448045713,21.29715387936523,-0.7625847894309459,42.54994693683815,1.3463975365989342,1
83.62258939612073,26.77638698724703,1.8054541397500175,42.786547343091385,2.343230139181716,1
92.80201721186074,21.619324003699283,5.843652583014579,50.640084659532505,2.820779908070265,1
73.25797704279853,22.834374554604427,7.462393803278722,40.23785197544466,0.2573910781865156,1
81.44065082913029,19.654356186577527,2.1132386294084577,39.52467032068183,0.33860274078849156,0
101.47877605783674,25.96623167761035,4.365697309951877,47.76139028803771,2.578724578885457,1
85.68322129939817,26.017028977936604,6.196764658794634,39.320579269666545,0.11223202065763292,0
86.26312514586999,22.73923176030622,2.959569948210492,44.38012169009551,0.8367825402826411,0
108.0594658596774,26.85926675392029,5.352496354469231,40.971949192983196,5.004112016894079,1
71.0065783415123,16.567499945065634,3.9324206088396796,44.6048745807858,1.7083031873165964,1
92.9643036664211,21.172586393942627,6.380803976850698,43.62724138543351,4.826554078149505,1
101.639862798081,23.320083255156277,1.4350985206627533,37.984439502991094,0.7404366326237368,1
81.75142073501453,19.31087001238819,1.7908467424646934,30.77993689170815,2.0246475960497663,1
93.59630786854846,17.005147850325113,4.559078337885622,31.630456427279107,0.6758263111702983,0
75.17980502789095,22.768416139846213,4.192412199800873,30.798107044520926,0.2355901156794691,0
78.13267604432649,26.776080348242967,3.8873522070133397,39.54401676369375,9.3544743848141,1
88.84966416047634,29.128433565706047,5.151668320408966,28.23687214972849,0.38773304707703893,0
92.98566673110591,21.81084846717851,2.1387008708845276,39.20004839812809,0.41769878969709817,0
96.20936512406246,26.932863350486375,1.2611287767571429,40.668836735354965,3.6892874538708926,1
100.69628586939493,26.54616815230267,2.999783783942549,44.28113222298626,3.241371721930955,1
84.32553441444819,28.874432697337987,3.2234428826038024,42.52189836330095,7.618018276189179,1
96.93611755172589,22.599235878583993,3.432505637884178,44.50942534103906,0.14889547761885838,0
81.57695156550851,16.805998019261303,6.538091422707753,42.069525621176965,0.19770921165348979,0
94.02091311588268,24.280743409690977,5.540834493598418,38.38229229970793,1.191003078661428,0
87.07488797852182,19.94482503612111,5.066479738310858,39.470085280429615,1.791738511196702,0
89.45677907081924,21.10597956375197,4.443999189258622,35.74178018867874,0.07754232895710127,0
89.23507874022037,22.79512342378727,3.13162308856889,41.140432641694794,0.344876625134874,0
68.95294990202189,22.64428947460343,2.2921096864331103,32.07902224811732,2.430306565352015,1
73.75878141139226,24.566237067583177,1.605685158615958,45.330177270031534,2.208494914223528,0
86.02541439817523,26.81262526567847,2.6109862990586494,35.21703056684076,0.1879318153791203,0
68.12720920358831,22.529057666896133,3.9141560232780233,40.76922660838992,5.366701084976409,1
93.31211103199756,25.58279002643202,1.690031599634667,41.60739167653794,0.5881081412529725,1
93.71555966288142,24.05926403972202,4.339039515473218,45.81361459827189,4.364821330919646,0
88.2717055287779,27.74197758351378,3.61112374552871,31.594183209483383,5.127592479765182,1
73.78865987242078,23.245632595574733,3.2054031769135944,38.37270398548656,1.346962500066577,1
98.80138938868515,23.684293296901778,6.323065802423274,42.74923917839997,1.0619427495668274,0
105.37210639718359,22.502398208004372,-0.9212372444454626,48.75591756506064,0.6518399655623343,1
86.47076827445974,23.351005840166017,3.2325409094301403,39.80586136382777,3.294092639295826,1
90.10535378451236,20.8660474866165,-0.7048748912589557,37.02827145995259,0.4377766802269643,1
87.01738654796044,20.469610855425948,4.477125345858885,50.134943781000246,1.946381364545297,0
90.30369188998799,27.1030615411309,5.524363166397852,44.01280335927393,1.674654358837763,1
83.80441243373603,19.667193267261595,1.2977875915723969,46.8681663592259,0.5724196138795883,1
84.65435760156197,22.723527641208385,1.5538848322172192,33.95229636150187,8.15464106880367,1
94.05717600497366,28.061371145083985,0.6034003365790888,42.60564552059805,3.745820146557672,1
108.45624161896441,22.58919681998557,4.1272839854263355,34.5833736954348,0.04148412807499827,0
70.99928765598261,27.3149618147423,3.318423447591945,33.47477998428541,1.097236450602092,1
83.96187515597033,21.635817117092632,3.4426905392168132,42.90940031669813,0.8893640574251275,1
73.19539514767918,19.795345574599224,3.264056721028237,43.259236994591745,4.287904819766041,1
100.92024898576084,17.620696580396718,2.052801871264122,37.58994040937016,0.6143972370331074,0
79.12262030680101,29.250896277090646,6.263748047792073,47.16018614278752,12.939841398579684,1
70.56799206214205,19.45251527346234,4.5446813602632545,38.15490108830297,0.4464860963790365,1
91.38186998848573,26.98874636050037,1.6306729264447917,38.65009493047929,0.5591225025773415,1
102.44311114743111,20.00021189282647,2.5989063683349967,39.819806125028194,2.1937173887857138,1
91.63597868560763,29.269535671759286,2.255862451065049,38.785286116738476,0.35122472364894447,0
87.04797877281918,32.8271308984604,6.811855806946124,46.38631063675307,4.392889462530189,1
89.09140922775994,17.253879761238654,5.422438545365731,34.79148332257973,0.23290844649756992,1
99.14840662825554,19.660974263364743,3.7470210861548945,36.22828404618266,8.186780376590047,1
76.2580072998585,27.0925274552129,7.414442369907718,34.04296226561435,4.153181277615568,1
83.88152895913687,26.052171693463258,6.904087190398368,49.41758536497658,3.66087386193474,1
80.47309851490466,27.107687419040765,3.53857821171646,38.37740339830305,1.0458548974747695,0
73.3213469270829,21.704977798382494,3.178869355752381,36.15741716510116,1.4416191943184584,0
81.71624740583198,31.95013664409347,3.275272088205303,38.563461560668344,1.2189282624601656,1
96.07721095982448,24.472197866759096,2.0945068080621385,44.24528050621203,8.752395981219594,1
90.66602148392725,19.132149692625923,7.467948896934326,43.31882735991459,0.0708936448667071,0
91.443105001082,22.98740599982822,1.9871749938822454,37.124105225011775,0.9615920357573857,1
86.46475611653318,19.18573241508467,5.73660863085488,38.00206913304487,6.908457240238749,1
90.23323782728589,30.363765434216422,5.381086261817659,32.722647744539096,0.9221360308358286,0
76.99409657651894,21.358674948799536,3.3902680435528683,40.69361660579467,1.0162695889395426,0
81.9049011407277,25.96993393897849,7.620090207328901,46.41158717977545,1.9955479964020588,0
86.92004236968677,22.117307420071278,0.8818073578369434,37.09111418995748,4.75610071134272,1
87.7751585888189,21.538450760949946,3.840617398042219,43.179065152032464,0.6977598517637285,0
88.20187854921873,16.358983274875797,3.021919670118991,37.089435027593495,5.897903494888678,1
83.61664717983622,26.392698411962268,5.921186300541706,34.52175475537812,0.664136623566525,0
81.22576598869671,29.196725010516737,4.707131728750336,43.401399013972366,3.3790679525033167,1
116.57771283044298,20.336129674539393,0.545409642667015,51.73824693794076,0.6454806848883506,1
94.067872729324,17.819083540005316,6.478958887492906,42.71711804643812,0.15156815809064753,0
89.13147475952623,27.213264170951316,4.970923445849135,37.93071906570028,3.3458478083417527,0
82.66791501793605,17.415034603574995,1.9290162760741385,38.2531702005844,1.195951795043529,1
80.48781173056123,28.878131743793034,3.300641790427215,49.54592694715825,0.9910496975700369,0
83.69199406273044,20.382419508181517,1.4002301700558357,41.53490009918077,1.123827259084459,1
87.92828843586683,19.586829028701494,3.65832394876704,36.1704198969002,1.8913169698460826,0
66.19564455936919,24.993849684525166,4.3002359347196455,39.68887468313459,0.6095030747603299,1
69.30610404625317,19.84744285995425,3.330705682732103,41.07570231430774,0.5417142378740814,1
78.63117611061043,21.17155567482716,3.0990710002542916,42.34606850799671,1.3211246389446631,0
87.07139436778569,25.415927730684025,0.7745192618976424,47.56019407047016,0.07256746905001214,1
82.60726852848148,14.283550651333416,4.674482923006416,46.37949247047856,2.0591954349119628,0
99.78121226099483,30.56967698371329,0.15109080627409455,40.99119388240008,3.4614500406549897,1
70.17603213004232,24.17456052986295,4.062159036474524,39.792523937870584,2.5996227195255828,1
77.4865453039663,18.82813595038589,0.401688351935078,41.97992871384381,1.2671261544061199,1
100.20091740991101,19.931018522852632,4.101009780972573,36.95883253845825,1.6666138545462457,0
86.31119324675147,27.96658551304321,3.987761990824503,44.90004671822257,0.05305920054202614,0
93.84842582801159,26.404211740296414,4.806689935357081,38.98264100701356,4.868893380672458,1
105.51246943269463,29.547122629140844,5.724571433603185,42.45450654558537,1.6331738689393025,0
78.06195582098178,21.26902862078306,6.095176844501876,48.56626785178001,0.7607913067128699,0
84.00685662207968,25.18633534860321,0.77991480124814,42.76403235263443,0.6950972323657514,1
82.27573099069129,25.70627164713471,3.8835878937338393,41.15351583012841,2.155609071946488,1
65.45406995516724,26.78107000100895,8.021881769120107,37.41306271422575,1.7557219638711477,1
81.8960319624403,28.50912449372828,4.238201136995414,39.609629712422596,0.4161221743913557,0
93.81062187380665,21.13094437662261,2.337303719397373,34.319747010501615,1.0549913230609795,0
90.40589541812241,23.543318928958076,3.8405977471213277,42.666000733782774,2.255143378211596,1
91.1908316938801,21.55940101767942,3.2326681193718776,29.328192857591645,0.7066603272766068,0
81.24491019360501,23.7895525065745,1.647083685735692,44.84203282760347,1.4237491883073135,1
78.43902763994359,26.7937311282519,5.738208376414016,43.658417796581325,0.5884180431362724,0
97.69255671898621,17.38385799895719,5.168705116550725,40.490909627566005,0.14876080571374586,0
80.02682853642331,28.43748627783714,1.330981855775744,37.33491552893086,0.9828493231222959,1
87.94082038793213,19.443271502945002,3.813450832366196,39.91870038824862,2.634113319848141,1
86.63334680677538,22.770518721211076,2.8670727016357542,31.129849866298052,0.48121642915925167,0
99.61717016257118,28.975767699864498,0.796814970950066,44.11900301632225,2.8089444713235623,1
94.7141235767236,25.31203887193362,1.1703610850480293,39.18087730369787,2.21425086271017,1
72.04741379332879,25.35811979305464,1.468080352399336,47.57615587482512,1.4159952901875081,1
73.12446833224959,19.277495818819556,3.883140493114406,41.95995142562273,7.112594260059621,0
90.78909818069134,19.823656256704638,3.0840939995932866,41.15716885164784,4.298261520833956,1
84.35662352620834,27.765025586675677,2.0816240758081737,42.004740690540345,1.6564508284819763,0
80.44828216046236,21.64342581806244,3.216233940758098,35.12244706849741,1.631895000260887,0
95.1562788399447,22.020352506800602,5.495069943690955,37.745030664766404,0.6508268657172362,0
86.8745938208891,27.855805004218848,4.713392194544111,40.66474466805333,5.05642388875756,1
85.52457386889444,19.80034581852189,6.003737615243805,38.48717866640045,4.525355098267077,1
92.79828640755049,25.07694053154503,3.543374270561502,37.11743764021804,2.710032696506668,1
81.24891005056436,24.171629304670766,7.205114381363288,38.5880183985104,0.27366123527505837,0
100.68518985472554,23.989257096547032,4.696159767396984,40.22064957696434,2.4324008764439133,1
77.11952376766992,21.926257472489986,3.0221651533172187,51.593711335359515,0.5836853087595938,0
91.56929066342089,21.680579274146687,4.185903619380738,38.373043224950635,0.41850544072213963,0
99.33832838659845,19.68654334482054,1.5038480948203654,36.612852606233105,2.847674230976539,1
71.227045107279,25.930660104165227,3.3876297275044616,39.23635504038191,6.424442940895064,1
81.5666482414755,21.327403233933055,4.859948460453215,47.50797449249556,0.2306100980423473,1
96.42207392885558,27.874978484669008,5.223339016197179,47.865458600700805,0.35819605120133513,0
96.57244547731025,23.101779833637387,3.1796755543376065,49.74549037844017,0.49496083094421445,0
83.28504399611761,19.76619804231585,9.46778085504527,40.30487751613286,6.588873765527992,1
77.6532890632314,23.048744471406316,3.6555845136894227,43.20796134798739,2.384077224618699,1
94.55935822330763,22.356571203454102,0.6432119157136933,34.74987762651564,2.2681968343114973,1
96.83549102581605,28.03641364691221,6.426534384016996,38.23279613455383,1.4065033191121927,0
73.35336651487606,22.52399924299387,5.214254607699354,34.42457611334789,1.5426316834128637,1
72.9608635103362,22.8951584751987,4.4633776419105,42.366293785601464,0.68546871389695,1
87.25256681983599,29.646186821969742,3.070158217816444,40.19206381434457,0.3357678514375855,0
91.29360633428892,26.033069285853397,4.786693032052883,41.13094829972814,3.030760947222614,1
82.00930914769945,30.650824064013985,7.238032491995261,35.76894590772848,1.2723724468629638,0
91.7929381998235,29.03618001625562,4.403265874680292,44.25343662344828,0.5914518504232316,0
77.89863393162618,20.451349646548582,1.059932826378148,27.96485702108997,2.003594194937341,1
63.853064009262646,27.95980341760043,-2.906708166375533,38.73985908916108,0.47007609757490404,1
80.76098927667404,30.101213168298365,4.769119121276771,39.46677705394022,1.34189612136792,0
85.63232146513101,30.13125252929368,2.0281729174797842,29.891987482708643,0.42198558506853223,0
82.24160040103544,27.95238393430675,3.800574565208392,41.92064199183754,2.851496152050942,1
73.41396736340515,27.870091979636705,2.3818447539732013,39.13367937947826,0.7736848795317385,0
66.84351024121182,22.7893558252978,2.238182031606804,42.805584479059966,1.1657139335574473,0
79.85911195632102,20.650471662601703,2.4694517334274657,49.99914297767311,2.8120248624686957,1
93.97655771649744,22.591130724410174,2.650249280166868,41.62311937125138,2.1552463859082867,1
97.56197439413683,17.340843994268948,5.552471976965671,44.86330652244832,1.0206622160306715,0
96.87713384138455,29.37118126168682,5.147287586273169,46.904765449590144,0.14735336163236956,0
76.84090464851447,22.866828162329153,1.5840223543776535,42.46013548139093,5.092041112504215,1
73.46293676369636,29.16532291625984,1.856530547265983,35.670622088443984,0.015913494661796635,1
89.96634614979895,19.0740016911136,4.758243808938745,31.79916334379159,2.6529901734801773,1
91.35100011597925,28.330499684008842,6.105004730871043,41.87189049752037,5.815589019488653,0
89.00169605200497,22.020477367282723,6.0742827198282505,37.998710887487,0.7325014454027362,0
64.85936725762237,18.862522366763304,1.9941823184395369,46.41800533793662,0.1568797551016965,1
76.33115415116534,30.50847220863903,5.9786228638004495,37.62438419510609,0.5741512341570273,0
84.70311209714022,28.429246677363096,0.4474607313623,39.92846469449365,0.7520600651630798,1
89.87218194630427,24.847169680743136,3.5942311659799215,34.204946516617504,1.2004807997223204,0
92.67307362602487,24.135751540539854,4.974052885217305,38.28083664179083,1.4898879047468196,0
86.4425352228204,25.758040075276472,-0.15761002608330266,35.28582499949522,2.5843716196726936,1
88.30783806538236,24.778514311669646,8.185713848170924,35.742364767871194,4.623558349248413,1
85.84865458361104,20.830896183314117,6.653390365953232,39.73592876091515,1.250205557268221,0
91.85619374218483,22.351790920860314,5.294007944721178,36.96541016250001,2.743429803598321,1
88.12865651490911,31.84287132815481,2.069943584870157,53.146191010642056,0.2720952376185464,0
85.65737660047287,34.688626970512054,3.863792750845734,44.17947075570175,0.7973261839050378,0
82.3163120086262,30.25067402092273,5.580840339526044,45.423199563895864,0.25130610282392135,0
85.81291425042481,25.912895760650493,1.7546768660003722,39.4455350138053,2.3536310923413337,1
89.84591378839275,22.64900386919226,3.6390515375239656,40.52876089341225,4.764238760977806,1
87.67475388898062,20.807256424412135,5.820767699621964,37.85203527171748,4.39749789994714,1
88.80826418345254,21.07087035827919,1.0108099964539,53.121904502326736,0.7903811926695645,1
98.42721861351185,21.78692936525296,4.66484942204091,39.45568090699599,0.5337192522277202,0
87.65163922746588,32.60465616570308,0.49046074075763935,36.981245003825734,0.6405490712550208,1
78.51001479526842,31.225129185530395,2.112306488842693,36.22997889675676,0.6774865670847479,0
93.83606785994169,26.985113559741574,2.9908147886478114,41.67675013473573,0.17165126636881337,0
71.33801662331082,20.157547294348696,5.027111225437557,47.10511021370604,0.2862266246504076,1
74.18586619260714,27.572223706844145,2.5984217949875923,45.434797526160736,0.482828007394579,1
88.35847264720068,23.04553188595758,4.251096782658302,36.21837306216981,0.016405103777270474,0
90.16396667786579,15.387962245423514,2.625543724383534,36.09528326026424,0.09676348867698978,0
72.54948776496005,25.148402549605038,2.938766455769696,46.231342544741004,2.3983040645887845,1
81.1718251901325,20.63234783666378,6.501323015572298,50.50690686800522,1.9316120178799683,0
78.93916167780341,20.76778628363985,1.699543643515523,39.27498746171123,5.816257896982794,1
80.13323677118403,22.99836802572797,5.518307947894369,46.033117041824745,1.0275169220571092,0
94.43597776272946,22.00670810823035,3.997872229050036,32.66955947185326,1.1751674117388438,0
92.06505463547253,23.86297272358397,2.848892622184019,35.78237749513595,0.14027660123753086,0
84.80877820146293,23.67067779993118,1.5649543351797641,34.9520087870421,0.3303405090647594,1
79.54038072885072,16.496763628609475,1.7075273858018174,42.06106897573935,2.352763189884003,1
71.5035032977986,30.081111955531334,2.522709950484107,39.10511988980687,0.535862771543565,1
99.2018493878195,20.06649310820528,3.699891185557716,41.19046322338999,2.9680556973090213,1
90.92113900284919,20.19040645947811,5.207019272312802,46.09557994425148,2.446175863888203,1
77.9333089592686,22.68578699283881,3.399521480155275,36.734169080940994,2.7508070288244397,1
92.19599497624891,23.566660610522824,3.533378296235562,40.46996553306434,2.3461283791392122,1
84.29776379425374,29.835919267327355,3.8320195533553902,33.31033890462713,2.4596943516349965,1
82.12890495137657,25.077693808219603,4.9535553828774574,45.8189285787093,1.5828413932841583,0
89.35211528289602,26.26586193643814,5.28960563839302,45.482068568316,2.267880378669962,1
77.58501750087275,25.098144750333127,1.2260690488563042,41.80944073716397,1.4938527803554846,1
81.5624348048989,24.925846329995093,3.4358505805133763,40.599680510893556,0.4615667502113479,0
86.21461064199546,25.238918012348034,6.4548080346958425,37.45426032718407,0.49079766345220394,0
80.00548807114787,16.269063429724245,1.3677600925600912,33.02225402649928,1.0394054590249728,1
91.69085210267524,23.000326060641886,4.148625780897918,41.52770970630587,0.028030350938788848,0
103.6906650367826,28.64904444228463,3.6583119924064387,43.78100405330544,4.401805916233283,1
77.45701867392857,39.769324043226746,2.866648820126777,50.096858055266225,0.6246770029828795,1
68.34874703695955,19.18276426984196,7.181565302086716,38.032252421263095,0.10582723919017402,1
64.98259832523738,25.69231984129741,4.073671617735749,41.350908091052275,1.104773589757946,1
83.49531858505017,21.715813688502635,7.022290143888628,45.572021082006394,3.3812732324502894,1
78.36835409873817,32.190607615587396,4.01125441048882,45.72266439430409,1.012846472582179,0
87.0786050106708,18.584868956834075,4.920511778635463,36.8876452161056,0.6094748870699128,0
86.32597672026101,26.49975796126352,2.8455569821460385,38.60420303370641,1.5744866790983696,0
68.96783153385904,18.37115560198324,2.8678126494044927,37.37424673620184,1.708418930573179,1
66.85116170518594,22.72573332775667,4.818695060497721,35.49077715732356,2.8474914920008856,1
87.95933240346095,23.862746677000764,4.8553949152671825,47.358347065116234,3.2164129155344274,1
86.35428834719957,28.27876672695843,5.195974133183709,40.31356904491458,2.4497647741227064,0
80.74182001633449,19.691332695365887,4.753356573909151,39.62877268634045,0.009097906411376516,0
68.42856414867695,26.65353219538954,1.3271581459918305,41.23854081246353,0.0041611995092446525,1
89.7139126276499,24.075110893551788,2.3872626465751683,40.268809825877405,7.584039205950624,1
97.71899545423943,25.091173545143917,5.69988577229739,38.895113130451634,0.6136077474220009,0
87.77982440218922,27.833330858740563,0.08306926919332502,36.19221331766594,0.6635476913782248,1
76.52526109434936,18.86977322797885,4.585214483011207,47.82640229048466,2.635336696354152,1
85.44552165571152,27.242379892594368,3.7762398018616374,37.14863868552729,1.7425664142790616,0
71.33885919066316,21.7243805876423,5.699163734944719,35.34743966746253,1.245617654183292,1
95.57960713838793,28.383493819907304,4.833242372141511,39.59722174539985,0.2475914725998888,0
85.81844334529539,25.33823053815152,2.672039440583076,50.787576087181506,0.1699998926211317,0
67.31843088246768,23.16188647393178,2.5812999233966734,35.89213347827462,2.4322472206006425,1
81.99325639556318,21.639896123636714,2.9544330540061616,43.54807609364312,0.2661589541558844,0
89.63301510234231,27.293179977421325,5.160126094741256,38.768341975415574,1.1447293135269263,0
81.66952379024478,29.04380674192371,-0.6044273591104892,41.22403624063486,2.664567679683854,1
82.24104278559827,21.868593836559263,4.314758888714123,44.6109044248079,5.133073737569569,1
72.75597792952729,19.467973736874413,2.2339308255452655,31.401555959035043,4.13638704808769,1
90.66540987081656,26.7768441717809,4.381670595614514,35.518294456040415,3.990695874517015,1
78.51530799980863,18.205876231865197,4.688995573006738,44.54006397463526,0.8878853841930975,0
63.43554622994967,18.777950249668113,0.6753468341426254,40.48725542040671,5.239276743709961,1
81.28742629329606,19.749198897888405,3.546267145998738,41.05937320227215,2.3018900724677906,1
94.81149715570353,22.338198067845003,4.311140713600493,43.55691808522755,4.351687896407378,1
81.13070553400053,18.65467244313822,4.175900190550295,35.55199254548692,0.18625916600425196,0
102.3798498512352,16.24480036247369,3.75559809376807,45.2753626891366,0.08072369906762834,0
89.28967948548517,19.458223222651508,1.5582249603719767,44.09891862320275,1.122997467474517,1
88.38758162280367,26.569897786290475,1.8627439387069162,41.19158603629185,3.520697278801809,1
83.71601734082391,18.91382371149293,1.2439053544922993,42.34065866433743,1.050297870511011,1
84.31713792235709,22.63892128818332,5.108091141679507,45.82486888828513,4.3195189034432735,1
82.36576364880496,31.78679384946225,3.768858316386797,37.030804706329214,0.5351665711940226,0
81.97730607917474,23.80330347989164,3.8964935214145737,43.3067850923061,0.08027807017873609,0
90.30867162067149,25.370123958918374,0.5890131123102118,48.721786178573836,2.8649806016858927,0
75.64168770209434,20.215839926993787,3.932794405477589,43.203131247443295,1.9678996401895215,0
74.2410617127574,32.65389941480057,5.267274143965365,38.8880338617066,1.159960436720685,1
73.76804949124622,21.834822043446284,0.31632085085144146,51.59102845186183,3.7319881291426373,1
105.45654547677154,23.087581262193932,2.929187482510059,41.154072512052466,3.476540226730925,1
90.3034290167058,29.268234711869457,0.859301736910389,46.99295799839874,0.7847055626516377,1
88.04492201680145,23.273063020585525,3.1594358505402256,37.89234293159634,3.639995688581613,1
74.42485329706568,24.19155513070086,2.198016204858154,45.33901248952852,0.846723847547629,1
91.23342300674828,22.873246716843482,4.761817667283206,37.26787476229461,1.945208043676548,0
83.83428653546672,22.90067048777109,4.338479126852784,41.61692119127276,0.4276185067771348,0
87.1416894113175,25.482008043312366,6.583008811268089,36.966299454468576,0.613572627284497,0
75.23379684136444,26.21177275679242,3.8918443013990127,49.50577988098522,1.1879729068064186,0
86.60268857417577,21.427006275149733,4.676975604208547,38.894343339056405,0.7554937955271961,0
80.76166461793517,20.93567817541228,2.8845850367030446,34.46033936522184,0.2765537106189355,0
77.34388842969813,21.563455644569746,1.7938706975428422,40.47559260951119,1.3168069941283302,1
92.34106335807249,18.394983943200927,5.669524869380173,42.6854739597065,1.4322479157700965,0
69.62292191469997,17.63827896592281,6.486510107094159,39.866995113138294,0.3456280334394113,1
90.6477626431415,25.18866858889963,5.4113113984765056,35.93339885736563,0.38307976348903405,0
91.84486133552996,27.754383212700446,4.262456246259065,45.186584036449894,0.05957263355196337,0
76.2035632444876,27.48418117258087,2.0518128910294475,46.29590014640899,0.06164147740395316,0
76.79671538867532,14.472034907453367,6.283256346853893,31.760213255767688,0.8883012958007096,1
82.76974318733598,23.019739651826956,5.159018631274024,35.61486523069683,0.31717647927365544,0
87.8203621046222,19.591632177629762,8.049757218658891,39.202861766837344,5.028876378247513,1
83.47145008185774,24.574949751283427,1.691152099520187,37.345371514204544,0.4448230704137782,1
89.3356246019188,22.328705924762474,5.72513300249476,42.6297729157397,0.13647542978164606,0
102.62979652537399,26.367647624978353,5.098213009749596,49.19738603560587,1.0355993768825837,1
79.92283230850286,23.923387638394633,3.315945599503888,38.095432452469105,0.42754009231687773,0
67.8482002929658,16.415992420328443,6.727669760406208,47.88361100551998,0.12751890500604812,1
93.25923583030654,20.13165650880184,4.804690296849096,32.658335718463434,2.7945283766193283,1
101.8331457592753,24.023140459306614,2.126213943076692,42.27907406259123,1.6288157479636196,0
88.92768363051124,24.360441716924345,3.763321967451181,37.02644256622803,0.11740089443011678,0
74.12251324646331,18.377292769183992,2.1022823857937745,42.38694965327132,1.2622948140775507,1
83.76107636764799,17.854161185815514,3.0629685692289725,31.21595077271487,0.07921402304226696,0
73.81476515788367,24.224981350292715,5.4076523070794655,33.57304760298469,0.8748845536514404,1
91.42855493962948,18.38533077579789,5.978548090468433,42.376562572550625,0.9028716853098461,0
71.48709597301566,17.325482293996856,4.44242466757873,36.8499954716843,3.4630190221601587,1
81.998712131718,22.21943794947463,2.4998502468209356,38.38441197026915,2.6582029913466885,1
74.95662173706094,22.046215634645396,4.763216840790714,49.181425874136785,4.544960646141592,1
86.26824685134962,20.486398090642794,5.446799275915274,40.68785734584428,0.30284969893831903,0
81.33658322862243,21.18505217310015,0.05577650952056468,44.507582571408165,1.5261281996763365,1
86.76762103250263,24.055342892889577,4.232957550061834,36.20363925197754,0.04079416195089568,0
85.22350554966366,21.119348385280723,3.6196204032013375,33.29398153548837,3.491913268001497,1
75.1334097227589,24.28278808665936,5.907422510819145,39.596323394790616,0.9132440528784482,0
91.26877063529022,22.478125855530664,4.771378329722998,32.547652983326735,0.14365085859921395,0
84.51234348156885,24.670600621546622,4.968703402945572,36.50705198379163,0.7850698321159976,0
75.11470992134099,27.51282226174658,3.0361780672380756,41.18877109249032,0.6763020460584632,1
107.40926556205793,27.35699138156238,4.003303434264872,39.44369551469125,2.9048785898712928,1
89.76430166717125,29.152841884264333,5.887369939607776,41.67259692747561,0.2707494310263327,0
83.46739446600695,27.35258758758864,3.870240534059447,43.00159198001041,1.6228496257374778,0
99.15204526701824,24.954230126167218,4.349339111463148,34.021376420969474,3.1589737810142458,1
103.41815609386607,22.26627344943942,0.9280854031158681,35.29032864284783,2.690597367852053,1
83.54650577686115,22.448956308735102,3.8629199273455685,29.107079023189055,5.494781551508935,1
88.47397486434762,20.48889077425676,-0.023999936212218742,38.1473834617856,0.0012598975348796682,1
75.11997181997059,24.01811716420623,2.9677102612834867,43.683779788086156,0.8732972018074919,0
83.52807249231988,26.78954991484774,4.127031115453798,47.456384318032434,0.9227492897565098,0
83.0093744624013,21.097329588467918,5.534061588969141,40.95240934541585,0.06775154031815155,0
86.84827033621654,23.851128565344904,2.0016801130960484,46.86614431771345,3.39945410567701,0
88.3276047863701,21.290551085112924,4.747368286940204,41.91913511887992,2.3352217921174523,1
90.5982844882806,24.837417320750458,6.9369868087242565,40.53724710250509,1.5019017294054242,0
87.3764265629996,21.8024664642002,2.7185122685687553,36.94354561707409,1.038451401103399,0
72.89257373370836,21.041957714823788,0.9058941565546852,28.074199784920665,4.515523529529666,1
75.61532894258914,21.2801332202719,4.579679914114177,46.115947436097976,0.6143149118327432,0
79.53592380536327,26.013315095382268,1.6160059869274144,39.73387512479201,0.8145579761313742,1
82.1775940807677,23.61300237867858,2.36200285305296,46.94148262400258,6.099593627885572,1
95.50774290472114,22.286313079999857,5.846673883404971,35.251834405721624,0.13361557125632798,0
73.37061013147087,25.045618010188843,7.753798550753363,52.14410105036173,3.0338295599426988,1
81.425849518293,22.3419351301294,1.9986197673170296,38.7560637266686,2.5321201360336696,1
94.5300949821405,28.506071574742812,2.525160519969173,36.53905503128581,4.6432999192918265,1
82.00122525503387,20.104535385226974,3.120262075182361,38.92738976810507,0.1898598235935911,0
89.60415649842824,23.252113948730873,2.9043838929491463,40.852282112411274,7.042934775034214,1
83.60457957072096,18.380939113331998,7.866585027624069,39.65048996961987,0.05852383740325447,0
87.56783257324723,22.612502432439626,2.938864340624427,37.42334795436848,0.8240837001813027,0
82.7152745619046,17.28145800917348,3.224496170947742,30.98278721933692,0.1772832594760207,0
91.67065472728353,26.985266090236504,7.232354946349651,35.9783621043808,0.1050643221121838,0
69.54943592593565,27.066015068022317,5.153352623078602,45.372178347379354,6.688938935129932,1
81.36687991611456,27.136680694897905,5.971798465898489,35.601386497635644,2.543563119742341,1
87.96572676694308,24.115489920697872,2.187774253955217,31.415256814512563,1.4091842322872092,1
90.33695248006192,20.480518381159634,2.939640633648528,34.72250126115848,0.22900227665759332,0
99.92952622753828,20.798637471856203,1.9205632846420793,39.55676856080432,1.493194723022853,1
81.08975333134424,30.120688220882084,5.602523092071632,36.20389416384127,0.7714785498802471,0
99.79481761860873,29.742708415199186,6.450486415566887,38.600814606454016,0.6337749294921207,0
78.4097617334033,24.490220627803087,2.800451261636974,36.00773397677098,1.9252115460932957,0
98.28646411544644,21.93746386367869,3.2715173541914475,45.048719481977386,3.130126575054402,1
93.17467126698372,29.47449369079404,3.359019869922684,42.454247553992914,1.171309620930106,0
75.86541420367777,21.22198735446076,0.9055520134436486,51.08979783264275,1.359666624158431,1
88.07039237251821,24.915396832383628,2.6523558444806925,38.09139351698424,2.107825368650906,1
84.48764164467808,29.407829221593833,5.546532429527202,38.57560412380367,0.2662356252468696,0
91.25584593675,20.65464600134149,2.249162991109812,45.917510117709746,3.5275887530161003,1
82.76728411566691,27.316894342548448,4.1859637244099765,41.95504192598126,3.6272576044224083,1
81.92753774338269,26.08224318337548,1.3839620510716868,35.292466598987836,1.5576132591076042,1
98.69094582762851,23.841933831073757,3.7119981777422644,42.782106594118105,0.41542663447364603,0
84.01279105544327,20.026265603467536,2.8733576908279845,41.9826444865651,1.389350990761682,0
93.26422324191766,21.102240959586897,1.5566570324324656,31.0310205593713,0.2239631773904522,1
82.746485149558,25.157804291402634,5.580772192310223,36.74344650043562,2.881834786408463,1
101.66663259227523,18.306652820474454,5.693254722402037,40.951600950298086,0.7454747767777453,0
78.21665370664506,24.522975436073,2.06092257552805,47.23139853622023,0.7453027898125819,0
78.85856468752816,26.164203936246654,3.5676330716125455,43.4899922214681,5.802619953842758,1
100.24517181115903,27.9408806912364,4.088637366144899,37.17977692934002,1.0958736411336916,0
80.55053609104748,18.40657170215911,0.3704764257443012,36.458990477454506,3.117254779409268,1
101.01074306164392,29.264989188645096,1.205814547211936,43.98866621954865,2.0276014135289424,1
93.91840579594813,30.781453976719742,6.572568872733562,27.868368019170468,0.7601085450012621,0
83.45350293439166,25.640606270854377,1.8697462069948587,35.96209338233462,0.26430071726190063,1
66.86706527982841,19.84780567430136,6.516366216503392,47.04654001187565,3.1964253726855167,1
84.80681695728164,22.687562846559036,1.3091726512333381,41.48408739616523,2.87520630652553,1
86.01630053533425,23.80961101952597,5.3176555542808055,36.20669423886035,0.37064607979943587,0
96.67217733304373,25.081854034922227,3.377393784979329,33.989582872498346,0.5730078814753924,0
100.88447176240112,24.08792621057441,3.6584674616912665,44.19867333994574,2.9068975819628773,1
78.15012820856252,25.124660571578467,7.711871827067928,40.38905673296504,8.224720406555546,1
93.01181763988183,23.637012970643507,1.4916267313626363,38.906447701374084,3.7112049333228794,1
92.6540215601335,25.06042837804897,5.189596392522142,41.86990278661096,2.3049855445248997,1
95.73412702410445,22.157906315354744,5.106979327115644,40.82299024823449,4.940255377789742,1
89.98689912135545,22.647253132070126,10.709146778332755,40.43952903689394,0.6716047944646337,1
65.5750230903823,21.69589931809333,1.8457383595362282,33.379064905385576,0.01939816741033689,1
83.4457756747224,31.669038138016287,2.748030412993127,34.867874233363736,0.7741742635869289,0
73.44292425083084,29.85560314469729,5.631844571665108,43.74140218047208,7.146415495609707,1
82.97394227081926,26.221176760054462,3.599472281596274,42.795757168391184,4.273638496711413,1
94.80004236133894,29.301235989070953,3.073898086536501,41.910599628893245,0.10333674227633587,0
88.05150835874973,27.19384535591153,5.9150229766463305,37.06743668577707,1.3941434682275506,0
96.48090866397433,24.72508463805622,3.4668631273925588,43.825949643823236,0.16461190643184187,0
88.41753920713539,17.977714635921267,2.2162818592371645,38.146275942064115,3.1120921085674804,1
72.01674060331098,22.95134431949944,5.452420309523962,46.50766730541137,0.9323916131865286,1
59.79152993427265,22.65984843192659,4.750576016055721,36.265885052976365,4.859589362980913,1
86.48808761679591,19.46769930763137,3.374306808788047,37.373561818232666,0.11198228299259641,0
82.86073533648835,18.055350901573537,3.2793969624799573,39.24275600593899,2.648491424700924,0
75.23054260618117,25.9708773862681,2.1701867901188736,44.23650240287116,1.0195382625212508,0
67.99372750348621,25.29801728948325,5.450193710230684,39.82460964639996,0.6245682467962904,1
77.65256786527291,19.330412079729552,3.2797843654912504,40.18841174341449,1.4573379010571799,0
83.05508515135224,21.016485974255243,2.4603081928526604,38.04204391476455,1.3290677393543076,0
91.6587782370639,28.644889092616655,1.4288896656162908,41.34045993320551,0.857910398988103,1
86.8863108156798,20.48921394593376,4.784308715817672,39.64634752952973,2.0931208255192715,1
101.0806724717273,24.683195615735208,2.982834042174005,36.0784880804264,2.165376983717409,1
74.64395943954605,23.240886801728077,-0.025350627978142803,40.6364574127419,0.16055153498801333,1
93.81058892057433,26.02545388424825,1.5934624207119072,40.75404384312511,1.8097872119820313,1
85.47298743128728,20.57556938937428,3.5328061286820347,51.749003243969625,2.4808249986351645,1
91.94669124118585,24.360333910160428,3.5889246701656643,36.94486960489844,0.15784499786535136,0
80.63485136734457,24.67489030938351,3.512915499258699,35.80312128715563,2.1525119632360163,0
95.7168037389059,24.920723224916877,3.2344877768648774,41.395171302968166,3.259048985861162,1
87.95224758345243,24.316295431850453,1.0482925545271775,35.035817914144346,3.566915919710712,1
78.2055501508225,25.37843728237644,2.2509029517018977,34.63474926063088,0.08507895969744891,0
84.87975971086811,32.76708132820325,6.367553972968203,32.815506550620924,2.390802446280555,0
82.60444141062901,34.24519110708442,6.0724562537061315,36.127132174037826,3.188867784841069,1
89.89178350637793,21.44313543685311,5.155903564688103,36.2505612702906,1.0110885174756612,0
73.20223250625492,14.727028078590005,4.979005208081337,33.58368913162998,1.5654470232781883,1
84.70648297884306,26.381981202887893,5.809511816130983,38.74858131827183,0.6160840774428129,0
88.95307252649332,24.745009839605064,1.7584105250157993,28.17009426133997,0.742826678593191,1
85.33023307193034,28.244167436734323,4.065856733513898,42.45882890655847,1.3927830726541433,0
98.46941244388995,25.13954359886127,1.7594656987060793,37.2160301074131,0.32771806616425503,1
92.74022774071052,24.234415758102877,1.7941710604694534,37.951081612538765,0.9257122706187171,1
84.92519203259253,28.51562638350889,4.736129875493883,42.93437505180151,0.7174559231059369,0
87.16689097497674,29.075122353655367,5.893500878271751,41.858719546919986,0.5442726805753065,0
87.95665551482,18.453759764876008,3.612301731154924,36.85046978648106,1.3228657134581787,0
89.03299604166824,20.733575251441664,7.298000864419003,42.25895377829079,3.648696151378446,1
66.74342004335392,23.577628162845286,4.423568654091073,47.744473041360415,0.55483545383713,1
81.98473704230653,24.393750495698335,2.446428935166977,34.93908209436721,2.156032540507129,1
70.15560931806574,23.096067186591004,1.826542896252656,43.76887355678215,0.5865758365505185,1
97.78280947459487,25.736828711447544,6.036262968369432,34.43447131152778,0.3064968993294985,0
84.39150479997072,27.984419157268402,4.25691823147963,45.87713031173405,5.740734954783533,1
83.06659050320377,30.890838842882914,5.352094756338964,36.44036471442903,2.0060719341503295,1
93.96797332033235,26.315652095091597,-1.3159265209064834,36.24938899772797,0.22096103992380262,1
89.22324797449875,20.590665286187562,4.489344068693876,45.74605070596985,2.0028477336663126,1
73.71365485620792,23.410495099208728,2.9764516230075255,43.607874728778825,0.3880119466138523,1
84.29094637472632,23.698591034961773,1.2124809281662712,36.60453716293355,4.374881897467278,1
81.64833026773616,26.058560959924638,3.8746353141031493,40.636843693866375,0.568631002616107,0
67.55467111393946,25.55267213373577,6.183627067308912,36.45024049756718,3.2880367958182544,1
78.09723766762795,32.201586604446035,8.532456572839436,32.03631120762964,0.44427619822103775,1
83.16459677983535,22.153947458980365,4.484304814645021,40.94642559063743,1.634204927979177,0
83.85049068508157,25.539002135067214,2.5817068200769553,38.21788916096594,4.868320862414842,1
70.17768576322692,33.41884559097637,2.460994886963066,35.270832218725815,0.7019612970297846,1
96.51665583047476,21.659172412385594,5.926264724130398,46.523575398061816,0.16980320878771382,0
83.97896941108561,24.58059478468142,2.0062517616942155,35.43989910582654,1.6085685638176292,0
85.37553076660564,20.220477995503938,5.244854759055526,40.71989312440269,0.3782828945760839,0
89.00641638339837,24.328347598509726,4.587362379919235,45.39955785239494,2.6064425787204866,1
77.11923746096329,20.879131407449435,4.366202783765758,38.71972325731536,1.7872058812702607,0
89.56355973132696,28.187203613965387,0.8637628202384153,36.32912274609633,0.85044330662267,1
81.32925353981817,24.589275436125583,3.28608359554735,41.488741522348974,2.445993309191574,1
76.03414459352808,20.258410960070826,1.0836844172847746,42.27849861791187,0.5450036888044647,1
90.73447493355398,27.362270791166686,2.823505197366469,44.38280348345655,4.978710547497407,1
99.91673858801808,24.718664155486348,5.834277323041025,49.35604725746755,0.852013396982208,0
92.24829373485832,27.81127510889382,6.462115806711131,37.713544925212794,2.8791212217252022,1
94.22977565140431,19.409349488209006,4.427897298981771,40.97927002758914,0.5982124101206002,0
79.79369393437702,25.475297648994648,2.8593189751320294,33.65379841843352,2.5093069285458336,1
69.02380270831543,27.093366778578833,7.176198664720836,43.33188499773665,0.06407433815884861,1
99.90137522099842,22.306490039057053,2.83281873248764,40.918583213478826,0.7005846214561948,1
105.5451488940476,18.963989092127395,1.7286270163819912,39.10655300604001,0.19498369965813495,1
100.42806773769682,23.833570018518426,5.392965935833567,36.90969743706528,1.200117196710723,0
81.6421406102025,28.912461175123713,4.9154680851394135,38.25786457326057,1.1422414107641476,0
73.45365661271155,28.503721322536226,2.9148481781483184,41.18166504906354,0.889477142409037,1
74.34317302180433,22.286286260977693,4.200450459139135,35.16914806105169,7.944370830158248,1
68.1626743238595,18.86765825449423,4.884319977703546,38.46440210912351,0.5596673626119054,1
83.92621381589954,22.27528111860171,4.407357682103632,40.08339021732634,3.131331357623774,1
101.05677958082455,22.12608939707235,4.917877909929161,32.301899368938315,1.1864123563294247,0
83.58337368127756,25.78578713321911,2.9885702768800515,34.74351327413368,0.815366569395179,0
88.02322900348275,23.579993988383514,5.052490088479198,36.699977319902914,0.4549726943813672,1
98.75596964304208,20.98694315305143,4.035115675166564,47.84115866368657,2.0069891367382615,1
80.959046881676,28.41705226904267,3.0563789569272934,35.846374286374484,0.8119648704147947,0
105.35531456719595,24.56170346977934,3.5082304755334506,39.72104189977957,3.352424631957944,1
104.92094407497453,25.741662610923765,3.804196328151164,34.79718126569757,6.9133048813188855,0
83.68888661319518,17.10005826347493,1.1092433258774421,36.11798403926222,0.5152928903283569,1
79.22465735980788,14.302940517210857,2.7266815068601433,32.79495814226153,0.2754698836719976,0
91.97238046390314,18.24981687422237,4.129811031185572,43.35151177336839,0.7581852814626517,0
81.52475057481142,22.077826297572898,1.2980179292222953,33.37226871282479,1.2588871421863572,1
73.43444782932664,26.305424070455235,2.760152676370839,44.53505506572334,0.7161141285378805,1
97.8123865352298,14.631012518370808,8.769289956743744,42.33948598027489,7.044480859477566,1
97.1644738727708,30.37140825748795,1.741483270357612,39.62299076466703,3.021010781393536,1
86.55511603763561,24.682264107080506,3.232372174699141,44.70012947696587,6.771085103444477,1
72.37135246271822,29.44117997179964,2.3325654429425375,55.51600638057049,0.9343830372838172,1
72.70473748782614,20.456119670103487,3.7662599920933264,42.38762820563196,0.7267514338240446,1
86.07229288419153,26.015439736689963,2.37016331373004,34.39969689001271,1.0463448242122233,0
80.00128965494967,24.34078371988315,3.5135137534151344,47.445088298562936,1.479779137683342,1
81.58907067858392,27.270745252218216,2.562905929700214,40.93055728262817,2.7061463191024684,1
95.21963155060004,23.064834529601132,6.11025563273965,50.55561700570359,4.258976491548136,0
92.33179317422558,25.892860836030355,4.163274075439094,37.469748890283036,1.2441844080957807,0
98.78142680497612,28.4087812750848,1.99405468607356,46.40972011345278,0.6826685229485635,1
75.09376776622743,21.3952948244329,5.681593047665386,39.99921614676366,0.767935407150868,0
81.56808431313289,24.9689769299586,2.083466767939774,53.28364174732079,2.387703447154827,1
92.58981695460113,16.448551051110606,0.8718396221766977,38.59199622252382,1.6766142885055926,1
89.48078341012892,26.810012076253432,3.993915025134385,55.00834318895158,1.3329876404570258,0
100.32380382587621,31.81865017384996,7.814528848679958,42.19913026424385,0.45323435167731974,0
89.2053670590407,19.02225580900522,0.34467174216822505,44.23482379057582,4.166187405399206,1
103.48109104105552,23.634474958288227,1.338024156861806,48.50166221968032,3.037553842276779,1
90.40017801723141,27.521925203656455,5.505051326321689,36.06122854930617,0.3031314514616661,0
95.6216744758866,24.125669893866203,2.7153572007760793,44.84548423013377,0.9157974351383166,0
81.76485053215544,24.660398205972903,5.223897134493087,38.53623329564599,1.5623491010520005,0
85.14287211883989,22.436002233905445,2.3250221861161062,40.75559439660465,1.2115133677195025,0
94.10944403839476,22.28739098764834,4.283924354818352,40.41530628705294,1.0143175057166183,0
101.12978170593054,23.65322338565849,7.488947850770977,42.86205368215904,2.53760511838852,1
92.29236949310753,24.166685688557422,1.6108207059562583,42.650921636259994,0.11209019423542788,0
84.1682822806538,19.274234953690762,6.047521620274608,37.12402539992266,1.2750856729090156,0
98.77335029528342,23.735912056215884,5.359413593264174,40.62427085497451,0.6081153552639211,0
63.080213437201195,30.274135754837307,1.0215114978021824,28.32832090320095,0.17682847067395488,1
70.77765498493126,22.323464825644383,5.117801047483546,44.95086832392224,1.2505552694118425,1
91.8163422366839,19.050980068501488,4.145612257725213,48.46970851840559,0.3759599294333146,0
85.14108356253125,23.394335728054294,4.182188019827459,40.95314024341025,0.5974166964098742,0
91.05513651124166,21.141548751502814,4.673035132903406,31.969888932636223,1.414527624026412,0
85.64407522431942,18.646632698712242,3.29926831116839,43.71473818113568,7.27705568083144,1
90.70945694603873,24.556673846930483,4.140197917884795,36.1811524169989,2.305640749474585,0
76.8559717900681,21.158871851395688,4.482904850080577,40.91158172363973,0.6559578490914332,0
90.70486086079691,21.5011433325869,5.492115877771057,43.4275456369819,0.9638481609480467,0
94.94414528207585,24.613709521541555,0.9456779332438376,42.73225189759328,1.0422002938082218,1
97.20550603931233,17.867301618550663,6.581771792982209,45.40427624930022,0.33361533977463514,0
105.13554294648699,17.0337213989955,1.6894193138815736,40.7319031986477,0.3502649736513115,1
87.44098443502386,26.683488778007728,5.523256928292774,40.86680804978517,0.32126429996628064,0
87.73911086847178,16.27666559710367,4.15889019854556,43.6839518722183,1.4748843050187037,0
69.76827535826152,20.093289218770582,1.4376873144026048,39.64303715220681,2.2428577576282747,1
79.68588598861575,16.800641858446248,5.056290939408009,36.560487905275984,1.786714866626043,0
83.06917925993388,22.05545413260467,2.1091867216096576,42.260092124114436,7.6123718974694405,1
95.50319552276355,25.712234990604664,6.13759111031528,34.355685111440586,0.26906280724098053,0
78.88998875910372,24.449351794929505,2.5783303229975116,39.59554926405903,8.606343117857461,1
92.96340019748833,33.56749355782914,1.010027804789245,33.111116038013364,1.2572445711100135,1
84.9837828303662,28.347662471156003,7.06769021007259,37.22593683597819,0.49342011507976746,0
83.22831884885238,20.275368599373596,4.362647342473817,37.433295616309316,5.739285919460525,0
87.48893969133256,19.21177998069436,5.734382251522631,35.078919619121,1.2645305865755017,0
81.08843627747157,34.826751763902,2.2970562424932655,45.50265943722596,0.8534192317733336,0
80.70962751907335,28.25028802293345,0.21637892658359847,45.08995799899485,0.4811138350741818,1
67.95214094209885,26.357478429078288,7.350404848175554,46.57006371389635,0.6236092614911558,1
82.52045792672111,24.299407248862472,3.987146375642103,39.06077888578837,7.747481448315187,1
80.20031853851273,25.094086269900068,4.982703788327093,37.83196005739378,0.7247349166389465,0
79.8401901065092,18.071706898070296,5.313191561196538,44.01792402627402,7.615859723458429,1
89.16873062590041,24.62815668078707,3.3292178939686212,40.642064475549496,0.8015969872582507,0
91.58631952790509,24.284925589836057,4.452459095231033,40.617587311829155,0.5264172522111998,1
87.32194504642328,20.38344462759408,7.187905185010889,27.280993496925,0.40512407961364105,0
94.95415190449475,21.845894185726085,3.9351175422413394,43.78257301575739,1.0615618433630627,0
90.75561925830365,30.06070557377422,5.88420263283915,43.11987491231283,0.5404872164442083,0
82.04943810194358,23.499300318820552,0.017506039938756768,39.972917884451725,2.3876355091688004,1
80.37143714285621,32.284685210132444,6.247521260638429,44.0792388723203,0.5482730851839233,0
88.12822236766847,17.037282254050467,0.9559914039880528,43.00850994735281,3.608435646461395,1
90.73767109901901,21.91147925509701,6.018817648067001,36.51657457576775,3.591670630286995,1
98.97844307031498,17.810885795012325,4.781262440902543,38.9010687453107,0.6724183897740321,0
96.91173044940095,19.162310184432663,3.8081586478522436,34.96107402497484,2.8011121998330997,1
79.5852699349283,20.687177177362813,3.8008235575841405,47.31119493287579,3.897470535608187,1
83.97993719872738,25.261238507082364,3.494537813285331,44.88590239290547,1.7838443627780654,0
91.7101780491777,25.06730468432155,2.3586609611128733,35.930413305756446,0.9124615387972586,0
95.67997778058972,21.28283872148958,3.5880474427399074,43.09437758247445,1.1630942151449917,0
94.38969468704792,15.088801770653673,8.416118155018179,41.39296167418508,3.085698598046037,1
84.36122167168654,29.91077149212861,6.604613421569459,36.57023537250366,0.6943474872561052,0
72.45977347571484,22.856941135854576,2.257993642955132,40.621635043142355,0.814320090534493,1
75.01063623754409,19.53483931879544,4.535374804654577,44.29192348717259,0.3505751139717662,0
87.72633514319415,25.09972312428035,4.191958326472863,44.69959763731778,1.0184950825634904,0
88.42225579424345,24.817780682092696,3.7154131139806568,51.65991848034588,0.1809769368696317,0
74.01320626565615,22.70929414000014,1.9944448867250415,40.47144576585883,0.7743697516322073,1
85.44569610889272,24.59412406256602,4.891795969613304,38.811055329443455,0.9351471873834935,0
91.31224356971784,19.379880638367926,5.692143259829273,42.81070131938919,0.590028796541063,0
73.48773342492856,27.039651372705933,2.3322026298664396,39.08518730466161,0.2137413532764511,1
96.04997201804414,20.012531620972517,7.911082834578415,37.07547779858561,1.4748972868373784,0
81.22468851440175,21.577721378786272,7.044006498471108,35.371083820667735,4.00616387763877,1
97.57613112576651,26.5952072646063,5.096331117902465,22.86172235847501,0.817876502387563,0
79.665475542241,28.815835860040934,1.5365605946623733,43.67419715103753,0.5404744356776626,1
74.7337451711582,30.343098272185355,4.802817251969124,31.810131339641536,0.6710523780641825,1
80.4186301015828,28.22319295386629,4.56395600312893,35.600732783528244,3.9593688020740774,1
84.0485187692268,22.703711264792872,5.0263105524369935,41.46221795597513,1.5007374546537897,0
81.11520093228519,17.83586772359815,7.180928544579472,38.39246602711324,0.2803418599211428,0
82.83998578426886,29.620222342411573,3.648051890766759,50.7464862458913,2.4703879652793224,1
88.3396514967619,29.482783955619905,8.095653159311487,32.45380013459736,0.33534421156773725,1
83.288206302036,21.312095386586016,4.8130086919875,51.19360547950011,0.1242708813096006,0
84.33887606047993,27.68475615129824,3.41907364867747,46.90292304525289,0.5905815614562795,0
67.90773600797404,22.671288824277045,8.798754413412823,44.545481925491515,0.3680624657553803,1
88.91698016010473,30.005107534046914,5.65978380004018,47.19656088238771,1.8577262402265493,1
84.10796702308332,21.940541350384873,3.0905322260850543,42.023059993580205,1.3254936100909689,0
101.1029298048287,31.914605150194014,4.168433177892885,31.48373501392568,2.5751766384323926,1
75.60434832746041,27.14448219039298,5.270466043709068,42.57425840557963,1.4331225277016777,0
66.91704671500486,31.19017937874395,3.6982779464293163,32.59662304071496,1.0860294753781916,1
91.18068493930042,22.144810921400484,4.267815738089901,37.35818860492104,1.4940188719670038,0
88.46527018313,25.620118417776773,2.3655927926745575,39.60958951142131,1.140040853707042,0
74.91566979468854,20.12288320662254,0.6296109383841837,35.444687410478465,0.07558420754476995,1
69.70251044995908,27.375957008476785,4.212838645489423,44.73022235182236,2.2832428026034277,1
100.3739673068429,27.596166131348497,4.2800556444517746,38.93121211500414,6.547209302331238,1
99.14110390606781,33.58809567280475,5.054239183115708,42.04654115502233,1.0964789383018623,0
60.12543241293871,25.928159188878595,2.8476205857876065,39.95293418819818,1.1023683117088223,1
80.41776970743499,26.89637681002437,1.31889141091867,40.630895798367355,0.093698742592022,1
101.64192054783899,22.116678493984875,2.069351060505303,35.56566357786574,4.421454179048889,1
80.23937442222133,26.165517490540953,6.11126751367965,34.12979277399131,5.293573095385004,1
80.09387765973348,22.480435165249666,2.666777375584857,39.23115664820557,3.354781771185684,1
82.17240672370632,24.463443035367998,3.115838028392476,35.16942861525893,0.22487202397059114,0
73.7910302623184,24.698062646183182,3.3751728723377763,46.96777852478786,4.609648819866274,1
67.95224255771956,22.59078050660332,2.761447661426419,33.117824581040594,0.048494533502938496,1
95.5254731073475,24.251780386167972,2.6135783449343335,51.68501155522011,1.176040948117411,0
66.57063093752325,22.498819321146318,2.257752870732379,41.51012563763642,1.3887905345981224,1
87.47271452108755,22.481075499864644,6.8013131491364,40.34663452450273,3.591560294981731,1
93.8657949275765,28.306658606009087,5.3602013666858594,37.29866875390037,2.7794742689696506,1
70.48773701098841,24.701654567305646,6.495641546300475,43.28460516176323,3.1900534731092196,1
75.75731597404928,25.38826508880111,6.898679512921676,38.97862494639488,4.048406511301166,0
97.1317918839159,18.17078092405786,-0.6997595948659621,41.50237097233975,1.2927978965454967,1
90.3289172022704,25.69383332732156,4.686909284056153,44.20911583519894,3.0305509048999095,1
78.82714293121113,26.12169385590095,2.827642732203362,43.34654734596823,0.14091594789143458,0
97.02249003361172,22.40664550924499,6.233619288706697,46.19930600473851,1.1759404854049242,0
97.06535723454303,32.34011870504277,2.517057593514877,42.68920536830391,0.0611919901116533,0
87.69052693015708,14.84309094326374,1.8917004872725807,35.24366155893693,4.937635119903582,1
75.99839772126337,27.137468543082186,1.1319082786937957,29.60105331919683,6.359972927102176,1
80.86551296528205,26.85121921981945,3.394650178042396,41.055168646454746,0.17534477690241876,0
87.8638674395539,26.166331727997648,5.829890525056622,41.12731577227853,1.5212537281631002,0
83.11405170852512,24.70485082255449,4.512334433722623,49.629649075552834,0.7864988674069024,0
94.38957178234851,26.20271729050015,1.5947034697277123,39.420796915345264,0.8387253205274414,1
69.70225919890663,27.472701918223574,8.30531818072378,41.87246151557123,1.1982213007351317,1
70.0573647093376,21.096449664672022,5.299077278983136,43.88588202882836,0.26721356865749885,1
86.80871111482432,25.19678248872036,5.5548202315153725,42.567040604937546,0.3987812938419328,0
80.08455586193095,23.266732631906784,6.570057654695316,44.21971895908647,1.7225100337809787,0
78.7295138530226,19.624926399097966,0.7195688227484407,35.90895345937071,0.037868064520658565,1
67.31943280825602,26.86867989845316,2.177131722824235,35.11816833116276,1.8315868211887747,1
85.19545844798182,21.742558301263866,5.646022713848545,38.597195847216646,0.7681427527765641,0
84.47244891999235,18.008565300882132,2.3785233439570463,29.12966805153464,3.5700414290949642,1
91.53478981951741,21.843557357193404,3.4499730554899037,39.80210204866017,1.8326140026564228,0
85.68906133120971,20.804404407627477,3.8445186943374,36.70208453795894,2.462627713410946,1
83.67395921759503,28.113916036760443,1.445189222740165,41.611066668138676,0.24303666418164166,1
96.77000636790338,24.612772562232312,3.27836563573272,38.67465605498381,0.6181175077770799,0
71.8753269655145,29.52953098275976,5.829006434703665,34.92283593682682,11.409331112137643,1
90.36389218847576,21.333775075067816,5.458907779635682,46.55428431504532,1.1370939693885156,0
68.28852835204651,27.496679487585997,6.226029323934936,40.41259552103991,0.8890311121263086,1
76.61638119999192,35.35849165923165,6.0197517475815925,44.31429420712639,4.140652171580941,1
72.87342867376687,25.42412986850856,4.811747851405168,40.91757230377046,0.06726788296565955,1
92.81942535451918,27.446595449292612,4.653356996619399,42.319975656035254,1.5304611957757432,0
84.34589766404606,26.774070656901625,4.506661520213235,33.19502137674278,0.47209594721367626,0
84.86496755407023,18.311698690296694,2.7459056654920784,46.39051751978147,0.9182153453859603,0
73.93267012270549,26.3432691898698,1.9401105525587727,44.393408251881475,0.4457298599413029,1
82.0030650406711,25.225825282598276,2.6208053077601994,39.90579849663764,0.07711320730695188,0
77.36534696690889,22.961010466406762,3.3479413668850624,41.440010469366314,1.077463245238464,0
88.83455014854216,20.463854503180478,2.6883481105144478,45.013029301131276,3.113719588925303,1
75.08908864668386,26.775932961308147,4.827663476967831,38.13999897944769,6.071210796241311,1
98.29794365205076,20.110385041557514,4.403790432128503,32.084597926677404,1.955550374098425,0
68.24419550375906,32.53458241872759,4.618646997440436,38.2336801280834,0.9847834614425476,1
76.93480167543439,24.45667633395251,4.702816131831559,40.7619474607737,2.9380938450086695,1
101.77200509966096,19.106771808853985,6.391327875569066,39.83780103963316,1.4073002211898946,0
80.64861252037966,21.944014886686645,3.982854215225799,46.58783078664384,0.9165304845986298,1
71.85121335595588,22.88746264684073,6.016738867669223,35.20048805540349,0.39468284686135324,1
87.19071562537668,33.64950661569539,5.0331707159583345,35.8335468476661,3.1805453326900057,1
80.24607757785458,20.461644212762014,6.259267073270172,34.70976749161206,1.3879982487901834,0
76.64129744381694,23.53513094699445,7.229259668773144,42.14370547528742,6.637599033251687,1
74.04129189201282,21.84868652053991,5.153299159958141,32.36983123463083,3.238063577171661,1
112.68373605625943,25.997033942326656,4.207536499343997,43.718781990166555,1.0895099349049637,0
82.48448099815863,21.912466345179823,4.194615634886616,35.33557739345268,2.700696784089026,1
65.74432639667123,19.443773335441158,3.059667840876323,36.13448820122741,1.208044883710594,1
99.93709759005534,23.218821680815203,2.9924557068478874,48.851126299956164,0.16647134442506775,0
91.1107090511057,22.802424626671026,5.80423432662307,46.16289864347839,1.4541569890462194,0
77.33533568980212,21.631022489503945,2.0726594151048885,40.59606658878451,4.015784599364803,1
75.66880911313858,21.84475856441153,7.2295452711244526,33.444809247286535,3.868139507275539,1
91.73472796158231,28.738783191524014,3.6965534941919604,50.07211228325429,1.7111765256580225,0
82.53081672510545,22.721039142929982,9.724155786245628,39.01839223782066,0.9561475272460174,1
65.74022181554899,19.46348935008627,2.6137691463407657,41.23790488234112,0.02030391902467119,1
102.87239964604669,22.151536144800573,4.500377839960669,44.55966884555729,0.7462178587373317,0
80.66009537784043,24.21734263786157,3.296301459503162,30.18552396730034,9.172417649960291,1
99.95571736482427,18.654921453794586,2.4138318169134565,36.79981334084196,2.592841745245526,1
97.78434957965715,30.503911840025594,6.127600701757437,39.659626299831416,2.528780555625664,1
74.98990455517186,27.470317910025088,1.7888916112043876,40.65359855855724,2.8632814029142497,0
95.33189864363148,29.72069097447512,2.6478509860515307,33.481965789651674,1.9357648960013734,0
78.48557450136319,25.56851250195073,5.172639417829822,41.63168830657137,1.76309591126673,0
66.33299413196059,15.625210199479598,5.48992162189881,40.168702019692745,1.2088784235217795,1
80.75401833977858,30.141334866554054,1.2162291575449582,48.33658824512964,1.1737365507127302,1
88.97637501776279,20.54572656116043,5.1633537704307475,45.00145394502854,4.093537600126176,1
80.37263352003662,20.871253023991606,4.257799826832678,38.65372106362331,0.9999568745639741,0
81.92951659074899,24.625300575821775,2.1645532842769404,39.01965256524332,3.6688135580928227,1
96.43566044928613,29.512919386680597,2.422236929328892,45.07248385161444,3.6370418760394037,1
86.06493980290092,28.213148535809598,-0.06690285589680212,41.41812144325223,2.947177659696508,1
76.56701688715047,27.625124480704084,7.4348888555951556,33.14433294656885,0.07673834335128671,0
92.02030323667327,22.752691788501785,6.030840829954014,50.46895417645139,0.32027235138476673,0
86.97675566954246,22.689569895631553,1.4217099796435622,35.05065653542349,0.7558121679478199,1
59.783951985379574,25.383774671920268,5.597815345583592,52.39484771699707,3.76161868921297,1
89.28352913771448,23.47971663486587,2.851955312100667,42.13977461039822,4.13122530778874,1
88.91828707716101,27.557271629317412,5.8296210726994,36.82279355163698,0.08489098660361331,0
85.2012112958086,27.320470657980906,3.0078528616818354,28.16483657940612,0.7852692038163684,1
93.91700581069576,26.36536528469082,3.2732918097840833,43.88382234624183,3.7993692700904784,1
78.27606415673498,13.896154872922486,3.4233054644846703,32.248447071903996,0.5745463095673178,0
88.364997888209,24.511953454709055,2.685289316677374,41.78647279184109,7.459678466013033,1
69.33040628832647,23.564584477069197,6.798542750466608,49.668163512611926,1.343960641351878,1
89.07090383398833,24.672102407038125,5.7970539861629575,34.31160567384943,5.539192469150349,1
104.53059695539896,20.98270144581437,4.219897076666558,43.69027706036503,1.1201241552941459,0
75.05143647532459,18.7008563584031,6.04913632797162,35.94200192571056,0.7825296040611308,0
77.40197868012226,25.85255391990016,0.7458565695090815,45.665747683844515,0.900120220484173,1
77.89984557108448,22.57479472907175,1.5430824428979353,40.32911339977402,4.313519359264919,1
86.29998225801596,26.298771974830398,4.949109524715925,39.90468301073223,0.8030140621451869,0
74.36963727146282,21.316342489260915,5.471073111615778,46.03644155737611,2.213366874627211,1
89.2124737869098,29.663642561970708,4.558815092511503,43.12646220575114,1.2691629806002311,0
93.46839945469165,28.00425937028305,0.23461064984336266,35.976554807377525,5.68331823552663,1
90.34347213453785,25.18730843418352,1.8753309513245044,48.9355671087715,0.34719180552928663,1
67.31584574361928,23.14684634645621,4.833183733008337,32.320867579902384,1.1195305035656218,0
94.95167665158606,27.40963551119279,8.852944578482536,41.37848547823812,0.2662259589787239,0
94.3736741425368,25.570191260949624,6.435825330116856,35.88567654555351,1.726160427381394,0
93.30161372346305,24.95433675172242,7.154608596941545,32.56387646221067,1.031338642228754,0
88.72842248655824,28.171461638238434,4.679450844380598,34.329094951001395,0.12574591388677375,0
87.20189314205133,29.70614461762656,4.664981961578754,39.75380240079684,3.792082597310941,0
95.32389398126396,18.99035526205782,1.933029065487848,41.74863382074284,0.9416552424404014,1
104.23513487603455,19.798463570600774,5.9036441061032345,45.29465915599709,1.360978229746539,0
75.4695953663515,20.878957098084808,3.8536365949179947,47.38018254696837,1.0468538267428407,0
95.78125395794771,17.990301609425792,5.385464750927438,41.38843573552018,1.3414124594824504,0
84.13782901992548,23.749005897723396,4.06137270576187,37.78403360564596,0.032919843974583494,0
83.703269479714,26.400465820978024,4.558236849501479,45.19508653502295,3.3797729724233463,1
69.63469309617962,23.914326820190652,3.824543767402756,36.92679257878873,0.8078566150211509,1
82.15210590484605,21.863513433548416,4.449249395645786,32.02192735484326,2.5780577478141353,1
75.02735042031584,28.50583102851663,6.000153115090461,44.69505756221336,0.13417536512737627,0
80.36145570494054,24.562225612827,1.4675409418615524,46.619559259067465,1.4839407510417593,1
74.0181361622185,25.371931869465275,1.01415514736978,35.89094175963133,4.789224720471423,1
80.51091612686994,28.61693921959904,4.851729155277798,49.804115817495,1.015819875371253,0
80.93889642976596,23.507032244595464,6.881148595815233,42.91526159417936,0.4394463401959291,0
85.967549184388,32.240856290498726,7.385489233602163,42.169809889824464,0.20868019984062736,0
68.8525013770867,22.208739984512935,1.5511795645798565,37.41656950599532,3.919238875615308,1
70.54481852254676,31.9917928180516,3.194252329195253,45.086443841217815,0.545734649141017,1
88.61914270730527,20.10105927235032,1.0415694911101814,32.37810936428607,7.383455934448088,1
77.025618829299,26.069939611521765,2.89877674722576,38.301047772116476,0.5695666446553116,0
95.74529790229931,21.42987132477505,6.245696190098723,36.33418382018888,1.311668093447169,0
87.25269722015047,28.47826446792437,3.9742164328832006,33.45533624926306,1.2249569013245907,0
91.06762150206407,22.087069568566285,3.2522518407524244,44.314937276578284,0.12803117043334275,0
99.10692320420895,25.163484762576342,5.09017151282242,41.705692382954496,1.5178878437370478,0
81.90289188193428,21.39783201583372,2.409895820381058,44.02345752597079,2.2333955778361068,1
79.25513294583725,27.748900694666457,7.185956729763715,38.6084999553824,2.71064331813203,1
93.71702585598814,21.376994957443443,4.014569944482947,44.92539775986541,1.4787665946797575,0
90.09513563929686,30.733659378970675,3.1964115140802014,40.38570878157598,3.3488615014772716,1
83.12669690178699,20.01601157215444,5.173698469591223,37.63926833013776,2.78943952543668,1
98.91457966955942,18.617488326687415,5.8785723204220925,36.805556172178136,0.4312793322476929,0
82.8775569016007,27.806208312316343,7.191950480298518,30.08548116687565,1.026997325970178,0
85.32773637555782,21.633425438945913,3.5800621874836716,45.82185651708468,0.3076591156052351,0
85.21222650834258,23.971050746201858,6.172113045387434,45.254525844673786,0.28641012992210246,1
75.65406105101529,22.711035384657116,4.202423223799994,54.636844491090905,2.4904742003996665,1
85.77585389486391,18.74956693138924,2.7772399580526104,38.326901476714426,1.5119998782656903,0
98.96760177398491,23.692025343446648,2.446376941991531,36.66603198862436,1.8373361534312445,0
89.44968315376175,29.059663579889207,1.8060331127339917,31.49282388704549,2.6349123182893015,1
85.31063426398931,28.01254801322226,2.516612002221772,44.799831718995364,0.6493421007547218,0
83.38232718834331,24.9271710505037,6.2314132435201675,43.64913217272831,1.0261962701052874,0
88.30867028406351,28.44907317214043,5.413419203572074,47.75889959649218,1.8668894935024545,0
92.49766628489185,19.761925661223295,1.5175766881161006,35.41678990289047,0.20324387331923427,1
91.09238830889753,22.698182684379976,0.5072181595701291,43.58182782232588,3.5801707170105415,1
81.6813513817802,25.583219762920834,1.7754136884071783,37.3897971182734,0.8415117085487738,1
88.24781594110115,23.478340692731553,2.446527583505703,46.71858096973758,2.150297353891277,1
89.79939741148279,23.01270667809377,3.393468578845983,42.681075607461416,10.836411068448713,0
74.92805012473022,19.197425070715617,6.345727046017428,32.22152984496264,1.2900952539087378,1
86.68230541183695,15.674634445429154,2.9045662822006664,39.34401480161028,0.48426656388806183,0
63.38696113697638,27.271465699798544,7.360999920354548,30.259428988117932,0.48779843210638535,1
89.82533709821185,24.972886293008905,0.6396002153572646,34.18359143865867,0.12455142763314019,1
91.60343054562682,27.607993512840373,3.3027349584753876,34.486012572531656,2.9141402219504084,1
92.4754612578646,22.2510562313665,5.571097338272803,36.79529275367862,0.6946697968236869,0
81.04953147830433,21.148888460689623,5.6944105047328675,38.68657107997678,0.37923806754279593,0
88.09046835024034,24.026191866546537,3.3285720872232143,40.82291547538039,2.501402427455008,0
99.23953845541166,27.416798594451265,6.003506867568394,40.572728503971625,0.7396264384345955,0
99.13769648291259,23.074191140049383,5.624392885013766,39.88070085299911,1.8349275775948914,0
84.70827300773439,27.207140737313942,2.6357706813749786,41.661927140240465,1.0819725483316163,0
86.3931963072956,19.974767977627653,4.629856936888844,33.75102679329561,0.8133899171679596,0
96.10911144734433,23.354211467320532,5.407226568153691,40.36589357252409,1.3444534762645297,0
69.99197984737825,23.719543423687874,2.7789304648543505,47.17229513259173,0.7531525926722665,1
81.76924257322976,28.905559775687678,7.388650900538327,39.17098586568041,4.089151659316581,1
98.35570455536757,24.830509592063635,2.3292761067647145,42.47336382783233,0.1516903854114944,0
94.75200541684767,30.98431007317678,4.288185766589025,42.00812355846673,0.06123519252294167,0
88.69263777649904,18.60926080021007,1.5004453671609839,44.311342153012916,1.043075681752779,1
69.94167594669379,24.51967561764512,4.20672039732512,41.4356944986869,0.3795230536955498,1
84.50089766958838,24.717592156721782,1.8658535678583559,44.22682614349666,2.7230197398258555,1
79.10084603750067,26.48037279034747,3.411741717341475,42.53645689588722,0.8721597194706752,0
88.31038902817214,20.746560254204436,0.8268048773578065,43.286425043470416,0.6060996736930102,1
76.9065331520512,30.737785357643343,5.599626800651444,42.21063821139186,0.8906422112164702,0
74.74276605025392,24.051855765887037,4.712560099483215,34.9660532608532,0.4955999031024547,0
64.35134722316359,19.65172994826033,6.174821107273399,34.14617826653698,0.7123572171237341,1
97.21804684976702,23.935900038345526,3.304389670720328,38.233862707478686,1.6785912593509287,0
81.00229488556943,22.747353908479546,6.267694733761997,47.75820264088175,3.9906794608054788,1
86.57145783702535,35.13294056898931,4.078559290789672,39.14173478036341,0.926832694743834,0
84.97761883525818,28.199774398100054,4.226334918857473,41.54779742379332,0.7733017536527794,0
74.32566067039501,24.19864542283287,8.228106650703877,30.163468387387027,3.0445936419604878,1
72.40935088551807,23.55233325920318,3.0306480701227927,40.968709503340534,0.045363358040380476,1
74.94684874002765,27.80422744992586,6.4549180623097,40.42954009208315,0.7192910618526265,1
77.76831561170607,27.99544864131286,4.959369881095227,26.633405210867977,1.2035835065971483,0
88.66606247013804,12.353800322717404,2.856190215509034,41.45444470985394,1.8358925873668148,0
77.04282336479389,26.571972618933337,1.368618219073054,31.745097216723835,0.3393513792501858,1
102.46490631594622,24.111866175914507,1.9338298990890195,36.37325417543962,1.1342784293338555,1
95.27151035893151,18.755424712852097,6.261349595709023,44.97236006637472,1.670806609300567,0
93.08359549665708,27.520856558496707,7.468799053673914,40.78725763418866,1.4277223165919188,0
83.8034109752685,32.98475205423306,4.182879806420452,37.757749545151185,1.709220761173989,0
100.14280735720484,26.227183787311123,4.287763525242246,37.32962400326398,2.171776768693464,1
82.81994368878875,28.401713769027456,5.5529068663129735,37.91003883183415,0.9540489770208643,0
84.68738585845755,31.216476367857616,4.14660405870637,40.80444477245399,0.13150142688054933,0
86.69974539749269,20.678951397119793,6.199400075940645,33.99678571302069,0.1143183666819672,1
92.01823040543344,16.569714219332333,4.583244501326369,45.622087340733316,3.913947307373447,1
91.36908079002986,26.627464253238006,4.271082627304885,34.26218160561226,2.2628033673193646,1
80.24874721555396,23.009553854234195,2.6015743050117632,31.364712335801904,2.8894126667004074,1
79.67006280574046,18.50330619051383,2.109465841053435,44.95576565973535,5.28465469865916,1
91.39902957152084,23.68732025545683,-2.3181760270904856,37.815393379702655,2.7769486975796536,1
92.15236583891233,26.91018949516248,6.468233599883743,40.35229795329551,2.3572682378138206,1
81.06648875177127,23.404113340942562,3.706785889555349,43.273155085047506,2.1328238921138,1
69.12811930321546,20.85268947705985,3.1992053105284377,36.402815260527234,0.5983581803441413,0
82.92683903991755,23.105971758813958,0.09658540722913322,40.68572876176706,6.306835066864848,1
91.23525798825858,23.92209413879462,2.719774468455296,43.24107490794268,1.561965684099853,0
103.0541684641978,16.282070949495672,2.456627083434209,48.216174429374874,0.5022474790884506,0
73.02042037659338,23.428900187317225,2.4104538255384504,37.44470553750604,0.47100474346128957,1
80.73428747169426,18.622638111420432,4.665672286305256,37.68526399820583,3.377675694646095,1
81.10596438474623,26.636103808084385,4.244497106392007,42.81663309662664,0.5759204928272197,0
98.55805339431501,17.75582969765289,1.2774081327605895,41.042964820294195,0.08461786116524675,1
84.65058499541367,28.050768818203743,1.4043178001853347,39.31482120252585,1.1186746083525136,1
75.92673440627735,22.363339723144236,1.400642895339268,47.963449912542934,3.400372030769334,1
90.58695282921819,21.828097172911953,7.621052175134354,31.58781365344211,1.0703720238168974,0
80.95361479959054,25.17781838920789,6.98544525738326,32.891272747710694,3.2546700043810857,1
72.75612726642046,20.53586221910643,2.2954020018008046,31.645590301223073,3.511367883537899,1
76.07226692723849,25.114983016520256,0.04681136000853847,46.00839980499987,3.8997362219776632,1
102.3404195442262,21.071564901246518,4.25608848602504,42.573616606102256,1.7778367954840302,1
88.84209221649462,21.77306195070092,4.093880232475343,33.146274580665946,2.4044205181930214,0
86.07760055452543,25.621416677316542,4.633833973976796,39.38483304325387,0.607240996277568,0
82.50106264187954,19.44567706506247,5.482747784954666,39.86162203330515,0.2100499061891337,0
87.92148842118799,18.942650792950573,4.903407906791884,28.9539019039821,1.5219123241571741,0
87.80235946002495,24.992902029641368,1.7671209369994934,40.94138563972857,0.021276557918370784,1
87.92168828207326,23.892400590042463,4.588082174328036,34.11226968933346,1.2537372893243062,1
86.14845090277753,24.674770979237568,5.707647150671308,43.53334273445502,0.21537894017957912,0
93.6879833830555,25.310556946885683,2.551996553993254,34.265293771101,0.2295208911368074,0
85.23104346000731,24.229502215227924,4.599912937511717,41.09579910260515,4.092530671702666,1
75.2206116444736,26.432370495868277,2.894438565064384,46.47285116394926,2.0461834151377984,1
78.87577109099132,24.389745147914635,7.992339441882459,44.87280040506614,2.072595407183539,1
65.20981306510288,15.970784401298788,1.3463457222659598,42.53582441858575,1.0366294460190224,1
105.26817116042392,17.008461621352577,6.311897873057202,39.59332211779127,1.0663276271588316,0
93.62754591952687,31.71179672096833,0.6583744771494615,32.49947881456577,0.7222487784229249,1
76.69929504870763,24.000287468235452,7.5861053704332155,37.80452079850262,1.1395897050798243,0
82.181551506029,27.800966606868386,1.716901865151181,38.869969153635466,1.7692210880021861,1
78.63123525793567,22.617184377491697,4.379343087978672,38.51088828258372,0.4130376661251803,0
100.42547211374117,23.76793962242428,0.7416136266063904,32.332388788401815,0.6067652252637623,1
70.80122835729071,22.186541382916626,1.3000377659565783,42.172173724119354,1.365419426568645,1
86.1447605881878,33.86370932584546,5.795494095249244,34.095421638373566,0.9715516849782374,0
83.91472157435152,25.01296968945657,6.056324622938943,47.73054471802827,3.423899572987572,1
93.26838630709115,21.86056837797521,4.478717864735294,40.74010592659347,3.4484299955927544,1
83.95990772275304,17.393841146279236,5.482163330980482,44.896313140072266,0.8189222857544233,0
67.41791123344565,31.89493377094341,6.0897574853079455,44.79296570172671,1.1985680216604067,1
82.4888216535756,23.346886459086786,2.6316462724013716,50.38965820802416,7.508970256459848,1
75.27837782056675,26.976916478246387,1.2020771313663707,40.909405026195266,3.514438809008789,1
85.7957954655656,27.423989161226185,3.9725932275944107,38.04969375095029,0.4858264203153153,0
99.34177036520326,22.148677906278518,2.8455976282055833,38.14607404277542,0.6576442829400969,0
67.60574755767722,26.689811101544624,4.77724296040199,47.48051320669901,0.17434351768197526,1
76.99777264600097,21.58344685299353,5.096057224175853,33.398822920386834,2.2653092753767297,1
79.47307046216503,20.038294551842338,2.6366984188614384,35.60937710903409,0.7622142738401311,0
81.18368904586788,28.65785877004885,5.408217085932886,41.18495880365732,1.5383085620424306,0
92.40125664105244,23.3672424807112,5.308276751902616,39.23601272988752,2.92326275916483,1
83.26455582438612,26.074051334410623,5.446635157778039,44.83822228852504,3.6162053990155503,1
89.15802725720445,25.643683975527082,3.1844152459788133,33.30653381260289,0.7871650056704785,0
78.74226956268224,26.551727840221155,5.55984432965715,39.66526996183401,0.5416418795168674,1
87.29924345417938,17.7738522631935,5.040004561350386,39.064941287406704,3.774819532207826,1
92.77797630877716,21.65883787473452,5.280369289513121,34.638780146670896,0.9601752011251604,0
77.67700450262912,22.7020993700143,7.355577126177053,44.39330060316456,3.4519225628734698,1
92.81358119806515,20.674085308394037,4.655548379850823,39.54107855185957,0.3244806440165818,0
85.52372768727568,25.716027392065552,2.7860755520050655,39.32962694576361,4.858779132911879,1
95.45460240482252,28.74757231038359,1.7790909380010715,35.87648271365782,1.319910969105734,1
82.98580099923026,29.38073862138519,6.255872319987644,38.150672086073065,0.3729806039048627,0
88.812446551621,22.643180939160466,4.714615352070896,34.89186205539717,1.5317288876798132,0
84.5939376832147,25.16786344983163,7.340043976640449,44.318831926822135,4.080687548002876,1
84.0378773795942,25.782574017960396,-0.05910438240093985,45.16407998377653,0.9863809776326115,1
87.5893042822569,26.485024376814117,5.8213341755728845,48.400307624011255,0.3921794254330355,0
90.36807469224904,20.487459707709426,3.4777253291587438,42.17026688460726,1.7186687901648392,1
72.50435088075994,31.282321073059865,3.2929580102376574,38.303907033434406,3.5971707647044786,1
99.33633608817878,27.70608073738578,2.470384319702818,37.65518388452156,0.2587458757858826,0
66.40336959450201,27.810597374769763,5.799142027770286,42.453240218701595,0.08458011747505374,1
78.15187890261105,28.813840227601588,5.227072354566449,41.00431777280457,0.11588013079085462,0
84.057309292351,26.136543769063938,1.715235949921119,39.12895926829061,0.5239993331039645,1
89.12355969085948,19.89074630779611,4.329842875850143,38.689607115620966,0.014657582757492318,0
100.76172527741379,23.444109073779572,5.412228661360941,45.85595210386246,1.119586300230836,0
66.41708511774893,17.395786419752337,4.356021051851814,37.84076328091479,2.3929979655512126,1
79.9230587161029,25.660290038796337,6.215680600053878,46.73337963418021,2.478911136927648,1
63.73166512200734,23.323145367337812,3.4199229122216352,40.910680970001025,2.025116117020883,0
85.31621973910248,23.837910465892275,-0.5087153462089491,38.1605959170869,0.7025224906701789,0
87.7168358450003,28.816004520342606,4.373435121536473,36.073653773454545,2.663140480890147,1
100.90795742171252,22.172023845774163,4.361251538810159,39.22737635033625,1.718344818126787,0
86.20634760893454,22.991507364911694,4.6223729934087086,42.5168283527578,3.9491427258850864,1
95.4402512944238,24.087893183852866,6.213958195935403,38.114935208030026,1.3001965145684118,0
90.83837081539059,16.64003100234547,0.09507349341338678,44.251677764902205,0.3972612022012962,1
80.64751802994832,22.93574537695199,3.523033391334679,37.86520581785816,2.0138144701536107,1
70.91039253207961,14.056820350855267,2.154684383996898,39.37607708804434,0.3268839562912237,1
87.75002298291811,21.657913752417045,1.5839392237630303,33.566527987542514,6.601519536097146,1
70.07897982854637,27.42075621357131,3.8554020008742147,42.79738418402181,2.429967672814532,0
97.95207072669643,25.789066233004277,5.403644060561351,38.66412153215217,2.8238142707224183,1
83.37937897963177,21.620718758183695,4.601893209718319,47.894352536679456,2.274301550178584,1
96.95177411511416,24.163192872895248,2.624955155008479,43.52405008634142,0.20530519281806645,0
80.197855658676,19.70004173147838,3.7090568009125633,40.42249886863823,1.2520981987420368,0
87.68850786400992,23.99062638740192,5.859792889259232,46.12588010513454,2.107747745869608,1
87.09348857334689,35.72128114197004,5.366258490120044,42.02554424711053,0.5210571707364854,0
84.54955881989076,31.383205281487726,2.8944599735467413,45.04130060427386,2.275759152926958,1
80.67340486603408,24.210488520069045,2.7650072486720445,35.688142501713614,3.428324763476585,1
88.9245601847052,24.640576659661498,0.5670316788020053,42.305944291205584,0.6429740973566493,1
75.73836736516792,20.081738741461795,3.1411773328352717,42.513609303015045,0.44529559910324273,0
72.90564671040941,20.7928435681958,0.5284221391229669,32.276294673893844,4.293899225227336,1
97.42826893326827,25.448737288418776,8.134139374772229,47.53312732044847,0.010416062090920091,1
92.271679888921,21.90042973745406,2.28976368626658,34.198338711476424,0.5907486264715458,0
85.6589160860224,27.616598379406327,6.217961710626435,33.505188177004484,1.0442126854774791,0
101.65142382543782,30.27874272391103,7.636212415783981,25.756572345931225,2.2310676196545147,1
82.32234481275155,25.330483139124155,4.432402817055977,42.36927969913399,11.661069992584114,1
98.22703219988979,24.406948823359706,3.799971487226187,31.7846728654266,0.9266706872157743,0
86.75574084925822,17.276881500357394,1.355269487889835,37.41540256821512,5.944372383841913,1
74.7524924992361,26.9904409810882,2.9907997567024487,44.18934193736607,0.9138566722616318,1
103.48040191770849,19.425314793843768,7.207930095738051,40.96026454846448,2.3783605550247495,1
94.90710846624086,22.32796348546632,4.702505259244538,36.8815136969387,0.361526384927987,0
83.78978968990435,27.83830356954054,4.056696414917675,32.046602445877674,1.2338834369545244,0
92.2717125953395,28.11903265723613,6.6242464183513246,39.461935572942494,4.100130850334221,1
80.96296566002093,22.13396989059953,5.392581096911432,44.27637631826527,0.7713084324975937,0
93.29149035059542,22.364337860320056,3.7042537044404744,43.504182233763466,0.2223159071465102,0
61.08921434716041,21.20272450697331,4.432511671347194,48.9339041795376,1.4792759911424862,1
74.80198666305407,19.208585018696358,2.4638699251373852,36.73270713334847,1.1579758458473466,1
94.79259744286963,21.460818071583034,2.877918707272827,33.414831531428874,0.5215341196670996,0
82.5034446178108,17.547479924341246,3.587402741482683,41.54975489422211,4.720751025543561,1
87.07542294888742,26.73225032603306,5.11494212474738,41.057106142700206,1.8410329865824555,0
71.53214337884566,25.578094420647503,1.505274054619909,39.97570193608041,0.8528881368354333,0
103.47866995702103,26.24211713948205,4.152480660845457,36.26800995117928,11.109641984364709,1
96.90529643717676,20.18238379769943,3.2202756798738714,26.733104499087744,0.2959937808874354,0
82.9931478162467,19.219717745939775,2.1981415630675905,34.9669336892416,3.767111625688827,1
80.95304143136674,24.21405709725424,3.231016901016691,42.785342331475384,0.5243533971560898,0
95.29604361419693,24.2564102598009,-0.6428065261004443,41.41981799200629,0.5475763698946597,1
104.82470450168927,23.41092068994822,2.4848226519432415,44.826320002930295,1.3789566311292147,0
94.53760255811353,22.842066923248602,1.801026235848088,41.72590954516231,2.1690754226104305,1
106.71802667396602,30.843103110777548,3.4401679147984714,43.68008621291651,2.3453559227411707,1
75.77648670938082,25.704100047171913,-0.5595796459278661,43.82366010505376,0.04475224945321401,1
76.8061316950121,31.882713565865963,4.381785487018938,40.1023758516425,0.6761493085668274,0
73.11058881946651,29.075860101726533,5.818846592813726,40.13749376866417,2.161175867084317,1
89.4176064964948,30.813083704069378,3.765407255540202,25.455687838640866,4.409733696863502,1
86.7560354980437,19.70214893457599,4.997583746808753,36.71707958318931,2.2166640759566842,1
83.48048876528014,26.37268396399212,2.974538887197514,36.932986369645036,0.6181691338361438,0
93.09258628123298,22.272938044026507,0.8907577524482528,39.455981359295045,1.41762955365571,1
97.32328605214664,17.346453154561868,4.003382642571306,35.34830582678447,2.0858429419988602,1
69.74337590713158,29.984012678222104,5.3607567539704375,44.68782006879114,0.2908363244019111,0
79.03027972098884,22.825229897177483,1.351223748784685,35.5924501766274,1.57450654551375,1
93.2014359412306,19.77959347893326,3.0695454473563295,45.51216320808609,1.2760541023099463,0
80.32261316141418,22.341744547005227,3.5057671981911662,35.19422482368691,0.8208991239931018,0
77.01793923641846,20.815103508904723,9.702815290569891,36.98110102013425,1.9538745704869687,0
95.18537427650395,21.225208129533332,4.446742389439783,36.600938234617274,2.0223915991624795,1
72.1049993027602,23.1135864392694,0.18885284227244536,37.51882995332095,7.113591640795342,1
81.98420192208896,30.92326077217897,-0.30570180368441946,45.89318973020797,1.1182999838156118,1
88.28644025804809,21.334731133821496,5.4609976605275,38.364576860364956,1.5154446014649363,0
79.26180086089882,30.637082656876764,8.970063951993058,38.49172102196031,0.34276936045394035,1
92.83155656013174,27.395347183918087,3.438051030798562,36.29101685919777,1.5897501106235186,0
79.3112302480263,25.585086254344343,3.3183608158829814,38.70103262959037,0.07350629448316098,0
99.0861949344592,26.9924801290075,4.861548352395192,41.0822425474672,0.32474981963672217,0
83.74253702504227,24.05462265534983,2.403407183309782,38.92419563402487,0.37566576093998466,0
91.71270136705354,29.144200415453703,-1.0883092408573463,39.24854160739657,2.0028211660603263,1
92.46023952982816,26.267921053068402,6.074528778551373,45.080151968022555,1.6753964923781772,1
78.72459997255928,17.341336059897948,2.773635743196341,41.36824726270507,3.1993411069795497,1
64.46513451344111,25.18500772755986,6.1002357316427425,34.24557589630727,1.2487332088668266,1
88.60755754663835,27.13589257197046,2.478026419378639,39.573673796837035,1.2881664386731195,0
85.7228834712487,22.843995125595132,4.243558254921076,37.30824909274976,0.3524150483817824,0
90.55826027575128,24.50502349085573,5.709663894977389,42.60512978770676,2.7150362327490933,1
82.73472527617162,21.548568021302373,6.140701902143745,40.514699036919666,0.007319227755079591,0
80.69572301199284,18.489497375745756,4.465977334962848,45.65155405168494,1.1063909407188082,0
105.084730109817,17.79849251627504,4.3664781915979995,36.29979358637513,0.41731075505524634,0
70.27645938489222,17.851728051724546,5.239412360358223,39.03789918860095,2.9481532299566493,1
92.33950478364238,26.67617896988213,4.928339068788304,34.67942922928174,2.2379852930421125,1
79.25398141816609,14.038873166494685,1.4176389316573736,39.790985333734056,2.4535871902899107,1
81.64221382259578,21.334080292146076,1.455835291392316,32.317094916566035,0.3216945037570122,1
81.82897167426034,20.93738685901849,-0.21811820604175924,41.6074228292503,2.210150700619207,1
76.96565725828742,22.871361856050143,5.533016001679293,39.72270207334574,2.3481401601371474,1
90.7122421023624,16.574273800255188,3.2085404525779997,40.77592369023965,0.005281135872640416,0
98.90643595949958,25.615552378962473,5.640394490752604,43.94067321847082,0.7642810835226829,0
89.70013661246662,18.907354423360403,4.807421146908982,41.12401244647812,0.18267018063648743,0
86.03381996212096,28.529622162837075,1.995146636858061,33.616112318080425,2.287601557511403,1
75.13559500900753,21.512937249644672,3.759555132930442,37.22063612229852,0.4767902089622844,0
90.16825265824451,23.617547906352318,3.0903558966718156,39.59909214284878,0.6148427409303591,0
106.56349631729299,24.015095426220824,2.7815530394728754,38.359502649961875,0.16313406792285418,0
81.19305376204908,24.976964211442287,5.830574650986563,38.970209803225664,1.3225478079401143,0
81.24016420648134,24.148057509984568,9.021486941095345,48.107262540760175,0.06718142651785815,1
79.38910869019003,22.291557805069473,6.232407283487095,40.501777230433795,3.7363164158318196,1
80.1058576550558,25.372194122776172,3.9460872652851924,41.91129808274159,0.05343971415860584,0
57.54700446327615,25.864588521979815,6.519015519912248,29.955992522146595,0.12724256478049303,1
89.05035385855713,20.939461331561517,7.425805300621606,43.730023261164334,2.045562845309201,1
76.54447823645387,25.70547127589423,1.2152584353794058,54.25980939779201,4.976228128704724,1
68.897368812082,28.766881209606783,6.44970952272506,46.72827068142561,4.453492596833964,1
92.53189949732548,26.82357678441821,5.53936403748641,37.79904908043901,0.17467124677023085,0
74.17982214958064,27.72950096658875,6.376238113313,51.40528711819608,0.680609965023209,1
81.61330946116243,24.687683395629783,5.626574912033801,40.1374818329777,1.472263259928811,0
99.6644239118858,20.255398215700485,3.5445419849317186,41.532731382607,0.05396913856300567,0
70.90784201975487,20.76142216118542,8.065741288365533,38.66281892106092,1.5042773893270605,1
69.67401765402238,25.279551871417645,4.6791972171642975,38.533405658973614,1.1875655182364377,1
87.69306189562339,27.77105490060924,3.1313459586114933,28.75952403614465,1.7754599791328827,1
96.49487364010369,35.143647655976224,5.011956030080748,43.93747015943229,5.059344910424302,1
69.25658282268037,27.927287777754415,5.944791803455721,38.51500896263724,0.6421173327430076,1
89.07689736837177,19.31825697000999,4.189522151723992,39.05969656063144,2.0382895799709764,1
90.80999539961692,20.93090971056007,4.7862727670444505,41.366688220692346,1.1236496279815764,0
64.40839516307679,33.11406926382399,4.176734164207303,37.92710882849544,1.142314808901403,1
92.9850133790722,23.142444272092888,2.679848533798713,41.31913388601499,2.0841127253780276,1
93.7660587984218,24.190058539045154,2.3563510827444585,46.01530254722792,6.04564772516696,1
81.88214426743976,20.158332318363083,1.1943674268568256,42.02406676847509,3.976008695929144,1
97.52346362298007,30.260413622296976,7.03604006809349,39.23251431577622,2.040651172547267,1
96.36455574324845,26.0013328292825,3.5531655037406775,39.38252448058663,1.2380770328977082,0
86.03117925717204,20.901594608458755,-2.855150203510579,41.00296789538877,1.1032678093710662,1
80.48554609675067,20.024698844570914,4.793066158559018,35.83924851169884,3.0941746063171998,0
75.27172107417043,25.22881578359149,4.751654209014605,41.039298506379595,0.49236556507881585,0
84.62436490633809,24.17682469952181,0.26686463433920915,43.42285446236967,1.771845796315731,1
90.6975891970418,27.32844086888451,2.3352075833334753,40.437580480553805,1.4062082465452865,0
81.75823138959359,26.187873892508797,2.247421930878142,37.87933551033313,2.095953717244613,1
63.0249899473797,22.94207860492551,2.5154646184154474,38.56448240085038,0.41508434601793137,0
97.6871389457657,21.824793618154533,6.425551723407141,43.26084420154935,2.379858580771574,1
86.90223221844894,23.360231406804665,3.702244903866327,34.499118977081714,1.9723526152125224,0
81.20375503323166,21.79727661337295,3.1455302303676977,35.91771428076855,0.39725830303394716,0
93.57158388423288,23.479217868780953,6.244779884441187,31.965494931096213,1.1942987991096865,0
100.24638596482757,24.065763714477526,4.990695490367411,40.169993496699014,2.2702580958262994,1
56.98088430512108,20.408276426479773,0.5180434840469017,44.30943837870611,4.637515729014966,1
89.34263649922072,26.52271944839152,2.766752721664194,46.65740913228761,0.26044432710454785,0
70.73350789189652,22.51828914212132,4.643924174267892,47.74332921597361,0.017555661862045758,1
89.99110506798941,20.632462598858627,2.1322197319759337,36.54762928904391,0.36101638325007457,0
86.27927202374579,22.593570286872527,8.059109576842264,41.25015482755825,9.07011965509046,1
91.3572652644055,24.969032626481145,4.225757527305167,37.98843829407982,2.9252302403267847,1
80.00752385505345,24.332152799253215,2.49324732084495,48.2382197611256,1.9057487483051936,0
66.26759888180848,25.68847245961785,1.7541127133279009,46.51723150052903,0.285462747996844,1
80.49631808743332,27.593384500302115,5.855055176071406,40.8403571948863,1.0758656164905602,0
89.06847635139783,29.21976081603213,2.7042761260120862,36.90322126894371,2.5122091679843463,1
95.15392328675223,25.14194465075221,4.759848356583414,22.759785428809543,4.524502350066019,1
73.28168699527475,19.72239045105801,1.6969612862511338,32.83200091241695,0.9619617337563315,1
95.27060426873018,22.9235567898788,4.140395583049006,30.738536207461948,16.157085619563325,1
78.52127710353479,19.982726462467966,2.728228204233077,32.768837150479,0.30103287880659096,0
88.62449881594526,30.787416294849127,3.3692111730498926,49.39423808955965,0.9785716301925327,0
79.90106047134367,31.949603530108654,2.4074383992290858,33.524792932941374,4.165252557010632,1
86.82170627712102,26.601244789985373,6.051252555616541,34.69528502580824,2.0991620754010287,1
93.91877634570275,27.43383537055612,3.0179920497513475,35.397379338419725,3.33116478338988,1
72.72985922711464,25.003772772946636,3.713085610160596,52.99272364488167,4.767571615210241,1
78.20094103253169,25.464223661843164,3.809715438402512,39.687738861044274,1.4157761736827492,0
86.84962587342086,17.61018312668351,7.224540243267256,44.97102133052131,0.5350979560991748,0
109.01583661030352,23.70427053897236,5.780617174782799,40.87697705761263,2.3664256177192464,1
76.36810287833171,20.47538775061496,5.581361516555918,30.07795491199996,1.6578407269105409,0
105.40133885996919,25.12542615015348,0.8442267539473969,47.66319733824769,2.9625222016721025,1
105.0442330367517,23.761560618445863,2.6872152247949215,42.00548375670322,1.433706953148279,0
84.02688849298409,31.787287849384455,6.37723743165783,39.39143510492383,3.3331953747867678,1
82.018474738001,27.666510754891366,1.6581383691567004,48.800637321724636,4.645932284725035,1
78.07934801335308,25.13804793008658,4.168027096243459,38.267255311451144,2.7692557142379464,1
84.3179746966733,22.932241251441496,1.8694769914784222,39.277924176216075,2.7224633717206856,1
70.93280567440442,30.70408583503972,2.0701854891811866,38.27448639702373,1.7695324890219772,1
84.23760982679403,23.88018141549388,7.361571305728408,45.38145642656502,1.275962435326069,0
99.96880273850856,25.32669584654111,5.438541283152777,44.06911466011768,7.1935237712669435,1
78.88914937523282,24.16899841770734,5.966280455589175,41.393094309309504,2.07190906327791,1
82.5927569601095,22.38338437717071,5.567482960327558,34.7411622624376,3.6696241773035374,1
67.98859525732757,24.14602488954208,3.7214232755409955,38.1488320276207,1.4080483565885995,1
88.74062088131043,16.152132597286737,2.6168065841922057,34.73957866382633,1.618723254939301,0
87.64481684951375,17.80917439503525,3.195819481165014,45.8018391085857,2.174686192101018,1
85.6370235976577,25.39852216667851,3.6163470912265065,32.12636320813698,2.6079720891727423,1
82.83172949777857,30.272798762109943,7.552572138655834,47.971855940822266,1.1897037995273891,0
82.07242081227545,25.392884416576674,1.3272871379409406,46.438264386995975,0.8810913832756664,1
90.01900233700673,21.118524580413386,2.892677102762411,35.407355546824874,0.5473477538396639,0
84.71183398411377,18.22858498373066,2.174073267389235,37.9175786818007,1.102064444720737,0
88.14971871555332,27.138109041902553,6.11324639504096,36.43784797782873,0.47458107579998915,0
87.14982817454548,21.731219395939597,7.707576518678193,42.151168988492095,1.078318670648243,0
96.23427287095762,26.57294167421024,4.617572719652792,47.06224113343662,4.153442056477493,1
91.76994097375054,25.55946063226287,4.782031669687169,45.92809658169578,7.5506342028232245,1
86.9286184315019,25.913201569018756,4.182641846083872,37.83534763292254,1.7212483886864498,0
100.1842203065218,24.134406829414225,4.87495797856225,46.27403533872231,0.31566077061138165,0
89.20268529056561,25.534577539878565,5.546310324715254,45.85911017230636,1.1156792661899986,0
98.0496268879042,23.52218239497466,4.851281025773643,39.05583045623053,1.8429910599211627,0
91.06942608386638,21.458773862527185,4.9976686565565895,39.95270761038541,0.9265224367402971,0
66.58080921068458,20.146003757935794,5.55082872698775,47.70857042323386,0.45921925713175127,1
98.04834763319329,14.459964808116085,0.4434437974898655,45.29180940123178,0.5144978440204246,1
86.35176241342668,23.27556175038196,4.004017860291451,46.12391992254618,1.284637766788905,0
84.48045229099222,30.07751273180781,4.610418084169035,52.92692056025051,0.4877864282908704,0
87.81348347489578,26.92032037015039,4.8322963610385825,42.73633508156186,0.5740917279955094,0
81.55016838042933,24.91083647390383,3.6582274764320926,41.62832360455395,4.128462541192323,1
87.27028860388945,21.063980022843396,4.321502999594304,46.7896873066283,3.01973109881621,1
79.08123933656907,27.98935690303631,2.560187190638465,49.93910455733503,0.1138032104480372,0
97.7427225873437,23.5227627527879,0.45031052860454013,36.943030347420695,0.771844823470033,1
83.8641188637895,30.299737255156234,5.966274202611313,38.99070739406686,1.518288311781465,0
81.17416157277566,20.075650946821273,1.7312567933609935,34.90714689726455,0.12504620456533547,1
75.75074184280726,21.000121888109376,3.6790922737724765,41.713749872055836,2.298787825391707,0
87.68775789148641,20.610920223121486,2.5017407341959887,44.44629301912036,0.9704624392165067,0
86.87107100125093,18.071526518263948,7.174018559752159,35.25561357682715,1.0122682282903614,0
88.88424613677506,20.25182125923295,3.8407105709825697,45.66897760110835,0.6166605514632787,0
74.72748112494871,24.41286503906367,3.379087074235868,37.73336543714581,0.8127179964216545,1
68.98818801188426,21.15119590059749,5.4957317374519645,37.3260462308447,3.9565139859057736,1
91.2559130250656,8.574498683037612,8.312948335216372,45.64969126611884,3.108034560689318,1
99.84641861876507,28.29709318968049,4.811379054116177,36.874297208815634,5.490628820409738,1
74.73646377610103,17.26362508261038,3.245161076736329,32.98250761388445,2.401272628111998,1
100.89441283561699,26.35691313954655,5.39318796270938,43.71828554954525,1.7248922623788105,0
87.8391105873638,24.12485835867826,0.854641862836869,39.34148851553426,0.6002011587706805,1
84.9293709544917,32.46949126568137,4.092858520128794,45.99029416588512,2.1983568206643276,1
81.02451303454222,27.98782992609048,7.9879153099128235,44.16495335381735,4.732287407525592,1
71.15481980575004,21.981581618060105,4.315494793371544,31.25850819609183,0.1433477763288352,1
94.877285159246,21.191745750578754,4.2155553123152965,46.5776721169446,1.1706322713448354,0
77.24393638562397,30.010910723197142,4.041273080715011,49.49874976423477,0.3235342195597692,0
77.201933242624,18.096515611594352,3.2090474391476014,45.16801754632116,3.327962237826846,1
94.91926309886955,24.76351974367483,4.628981344729741,45.36930211773518,1.9043449131771837,1
66.17016553328273,23.475518147001313,5.5505460233206065,38.761639595461226,4.234690879625881,0
69.76402189331833,22.627095725181295,3.3363598950184503,37.616523231827,0.1303577135862589,1
84.81865756491918,25.4140559377937,-0.9815034766016417,41.06222347513095,4.723198955051946,1
87.93284429004852,24.758239442034704,4.931235010557508,44.59952679010263,0.1391216766129621,0
89.84734647968924,25.829602971166977,8.266252153040208,44.47366804059824,0.6782477405573849,1
81.98201506603748,24.555902609453135,3.2474771838877388,37.811086761974146,0.33959837305454504,0
110.3036966864169,25.67072562006899,1.057673234486793,37.30420450752195,0.31420996183198163,0
82.72107441234166,24.37346077172638,5.354825969464958,32.54923276808147,0.3766870602156325,0
82.69213847897278,21.362292451134742,7.487664528368007,43.23459962677746,1.308691078758362,0
77.03013331186122,24.016005040946382,5.058747139430471,38.05109362978997,3.068311075593432,1
86.23906816521071,21.14245376118392,7.4494001083330215,38.494776014432546,4.571009100051378,1
91.14961232046775,20.878493581076597,5.587337091251426,48.63937589888753,1.6734687084863396,0
97.0357805453346,22.65539998912899,5.413701971355385,42.991944533921945,0.3433604912848326,0
70.10715735559782,23.52230735705663,2.963998634515775,41.614493430845705,0.16500458376888313,1
82.540046616443,24.140901225391243,4.570813781506434,44.15098645237842,1.3629496153700256,0
89.46703610809143,27.665515309453323,3.9410580865644467,47.103070037212404,2.8995781914895624,1
90.87057534594535,22.006143669836625,3.872528558866697,31.912596199174672,1.9360158761674455,0
85.0654865780454,24.78740770589928,3.4922697440978654,37.17185781525778,1.7482908285109462,0
90.42423969532102,24.472110855775277,4.451226934917107,38.83932600711655,0.09870659532438177,0
76.910361070742,21.56548685013574,1.4073100317265475,35.1082903384823,1.0605109617640074,1
100.57905432318357,24.29496314482618,5.62343679856315,38.67389213503008,1.5987222055862693,0
94.9262810297943,28.010885660709256,2.2445094144396074,32.244325493131804,1.824057447704838,1
71.55072212934827,24.7460248675336,3.4994575499905842,44.61089630149522,0.009639316204486765,1
74.24896951883244,24.906335716109233,4.66111978607033,37.412477046327844,0.4451748531371473,1
74.53078249893093,21.17868667622933,2.145453163208976,41.00478198943087,5.982923249092435,0
91.77969970896528,31.875435404819505,0.06707387538949439,40.25654309828597,1.4211720677223556,1
72.15272233582533,21.406574518709995,3.2339066446049856,42.78709700562014,2.432375554897855,1
81.68975665791919,17.32886615781009,1.1378050148326002,27.695552124140608,0.7368784079866867,1
89.54704396416774,27.440736480872307,5.42462186534094,42.25131860528984,1.7607470588989265,0
84.33834065453566,23.540731841406295,1.6929928549157482,38.624541399103435,0.8815648020142153,1
87.58887515712706,22.7878327162117,6.9703111274183245,42.03431963607347,0.7046797899605312,0
74.34197288651242,21.81778487835389,3.9884142215295495,34.10273396130828,1.0600100245823112,1
90.94854373397244,31.486858497263352,4.1183483891884585,42.06837035169903,1.2317350809550822,0
78.86788107524004,25.41836111441873,0.0387373429106721,46.49255929862107,0.8043846006993203,1
81.75380325602059,26.19900488658034,4.289725257701047,40.94883129899585,0.5967840676999847,0
87.37731727905987,24.65046249432907,3.8396401662534934,36.413795866840246,1.9553770566971214,0
86.03078221530848,25.080198453780785,1.4018219301490609,36.632343035333434,0.9584358264169344,1
85.23980019015593,29.594498442237658,4.1745366775936175,42.881206504476204,0.4508573970019817,0
77.49373178023244,22.99658135508922,3.2041539783851523,42.848221560965406,2.8406763263097736,1
82.00450588800808,18.17224981791708,3.5664243642092806,41.78270991363377,2.5728371011616917,1
85.02183590837036,27.472218616911107,4.051763524388092,39.81237485002872,4.357477895895771,1
71.24914766832916,25.986806448969567,3.057091573683597,41.014799876755454,1.6194474746448286,1
80.37467033686622,24.431919251540172,4.492913253897736,39.675454583981434,0.6554448767458811,0
88.87679879032846,25.883012966191146,3.8268890352980733,38.095594803667865,3.9859065624317163,0
72.22563396154658,22.517023118823303,4.94553693677315,43.787384550767904,0.6578447549664125,1
96.5658165159424,24.082770331417038,2.9426508120560166,41.55058420570553,2.131906515852384,1
97.69613262599843,23.47319898456036,1.8701604941320813,46.452708309611346,0.42241275747068696,1
72.54849424039915,21.634046971716334,2.5822629431237227,45.58432690092016,1.9840485159705767,1
98.57619633050139,28.75669113242001,6.885313537703557,41.38740266172022,3.6759065994838065,1
83.56418411287865,18.350965490328797,5.911933052413493,42.97690316598156,1.552814551742044,0
89.18514559157055,33.44352868725187,6.4267582651982185,35.21406367632059,1.2731084514126747,0
80.03348947871753,27.5094488368259,6.56542791634044,39.61205261019376,10.063592570293567,1
94.23044827226762,16.888097861190595,3.067363885653595,41.713314150421525,0.04541595358089135,0
89.06094018848667,23.103334682036284,4.5916238708169255,32.08631972362976,0.8061307214872253,0
76.85846743402396,23.32581633638577,4.151678005695924,42.14711030159569,5.016719663349567,1
73.34798000034712,25.56754651576845,5.319077051182844,35.20386512708532,2.058038231838385,1
70.39697564790777,20.04248691704112,3.421663509538065,35.75208054735751,1.562197018301869,1
86.87941776432757,24.12810137347287,4.185948314182008,37.35257221417354,2.0305195920615158,1
90.72471411779736,23.515522407509412,4.1445429552393716,39.84746666879671,0.7770423915838142,0
91.50965678779441,21.049526549706243,5.064524799831395,33.3598572148427,0.1476550892522745,0
83.82018905392623,20.49299107411507,5.311434442143198,44.28321737306914,0.6435751109940677,1
73.43003544335636,27.67521858680943,4.1873420646804,40.88709119681091,0.8204410935676343,1
78.17925201976217,17.213669839829628,4.247981568131616,49.62489515280256,1.3073342719236896,0
96.52348638961925,25.911515744384204,4.451796041497409,41.500402277599584,1.0014090780550402,0
80.15371435399919,27.190041227512495,7.293102841246085,42.85402588951497,1.4721186487711686,0
86.43417630681476,23.125766646646333,0.5400044173661365,35.730678661236844,0.43651447570843716,1
74.24349516425113,24.209491358899985,2.060640677564384,34.09094854443359,0.40680063101819586,1
88.36583045459035,28.653979998789524,5.347359192891884,43.09578061208583,0.8668419473983251,0
80.42315438320922,21.180593957103774,4.539568797678182,34.533550172466235,1.2838253137931137,0
95.46712713775764,21.593390284443505,4.5254991003017535,43.209247427761575,0.8362759188924261,0
92.73557706206813,22.018065275602765,5.334990997426713,48.5326223610575,1.7186974469419212,0
80.042940534251,28.661302396893127,4.427985786247526,44.72884343121865,0.7421450834098646,0
83.73335972652336,29.16917498753883,2.8814350431015527,42.85223308117687,0.39000887785324584,1
79.48883759959371,18.416439062145525,5.2576182802165174,41.3474855490471,3.973040936251575,1
70.80566803454991,28.024962989246546,4.041774325998156,38.08020020394142,0.44779291579466185,0
76.42557570452783,27.275633225389136,3.104845642220893,39.427194304934254,6.8008787265767,1
86.9821732772082,30.21437924179931,5.3807212491558225,37.17285663135955,8.748763741156445,1
88.25259498229582,25.54043212850552,5.302067716563999,33.42297891183097,2.3867502869955723,1
86.48547903592639,23.822959518885693,4.429532983201584,40.177136712908,1.3943143964403881,0
81.98266946041365,28.580866746286635,7.434238307989115,45.539445307776504,3.1735809382927758,1
94.33066605720985,26.79561516600706,6.6536534695405685,33.55600742964458,4.130331309245689,1
85.63541904560937,32.97959365659491,6.003714388107603,46.99248216401663,2.4729354997490045,1
92.03253828095947,27.834831379847312,9.132731145617495,46.08592116430789,0.21527010187651682,1
67.26224867797481,24.614191905695662,3.7070731960045675,41.984994120059476,0.005984684035525545,1
45.775997483816575,19.303582478495315,3.0703993413678123,42.02522674137199,0.4261422043765322,1
87.8378802783808,21.676331291223526,5.720726198606718,39.068768002448934,0.4178203946084085,0
70.7523434627851,18.256180087887934,3.494731404011438,40.21008301667643,0.40305155811489446,1
82.87548297286943,23.139751855756547,4.023855431295646,37.68207263184368,1.425770680285724,0
81.97902958975395,27.704270372931383,2.0281600684993903,40.158190387895864,1.468290312984969,0
100.87400602415536,23.98531564607794,5.213318915426255,40.69913080568754,2.5676347339367345,1
88.99996552943607,28.08690107504029,1.0579855089247805,49.40622000175703,0.4499600055443414,1
86.65859026798672,25.350294933756054,3.807123557681261,42.828080221893494,0.19447598181625447,1
93.36991154633674,22.38763084098396,3.9692885249684866,38.95298465752961,2.193775459404572,1
88.68497586839038,24.350500620679856,3.127922315160337,39.505466566148236,1.3232854880262828,0
80.42323007011566,25.888386764220385,0.4855704826770002,36.433708658415426,2.1951495544006536,1
95.7147593025456,24.556893593854465,0.470737812451099,37.257854379406666,0.9584609148008583,1
73.90249872111725,24.602736915407657,2.5076551866564,44.55347845871458,2.7789631453626447,1
88.23247187533562,20.923799569653173,5.0781006575241285,37.53016449584678,2.2951898416115535,1
69.52430205863689,22.268094939031137,4.5778497228838875,36.91232026642695,2.1015986625521204,1
87.03943857515995,33.033843184618576,3.967129282337717,37.03743701984947,0.055912897034310204,0
86.9298964177293,28.91386596169417,2.2308230279650445,36.35410473911671,3.9056059218575836,1
101.76454961914663,18.10463641276114,4.682264442522215,45.635925376717594,0.9451563561443831,0
69.3502610655822,14.532124169974553,0.40194144392216336,40.713515379309925,0.29147526984855504,0
78.99112824146188,24.304769685794888,-0.7930989647439555,38.58842687749246,2.817804178721977,1
93.22682426574144,27.57389157770396,3.5138568975699904,40.14640819928353,1.332912824696178,0
88.35317256397308,21.92023265031117,2.9078972398059424,41.08645254862338,0.06505750263053775,0
86.80305051337503,28.08663491279175,6.026342595294916,36.26353239461724,3.0453416032495877,1
75.4386429704146,24.238618260028336,4.315967555545669,33.05202196317893,1.1419917126420889,0
79.09181651908571,23.3477548810921,7.3014706199997015,46.69251359069297,2.8123896261840593,1
97.45041008223257,27.024460704700726,2.9035698626090807,44.940118716282285,2.8178246139078973,1
84.48490806246072,21.872496828390926,4.973544583044323,41.88901296931818,0.21057928173849033,0
88.75359696144473,22.85317471278539,3.49544574116874,44.595969683310514,1.8998285573304659,0
83.84811671223521,26.680669048521853,6.763439448262275,49.57182024215464,0.8930025774793183,0
73.16914484750235,23.8744162517359,3.5918991057518403,37.322981484219106,1.5810874041496124,1
94.33810426074997,31.635105093510944,5.70881356029153,34.39982971265469,0.18543045317729417,0
90.03232384532497,26.775301651424073,1.8447620709516794,43.307583106388236,1.7743551216904705,1
108.05636837367189,26.515255313331046,3.169574713735911,32.66587015030715,3.0060161441795183,1
74.84418620349454,23.80198141573973,3.8319131761450667,40.189863269365894,8.657169515152658,1
93.22572921200481,27.499018706838424,6.526835079925601,38.50784291819622,0.7721473360748462,0
71.88456033962999,22.709568908793415,-0.3943738820160778,43.36943892204382,0.3371325933536693,1
86.57346567673078,25.12951100479806,3.334711107108442,37.58862601121386,0.9111010103588134,0
94.76506589063165,20.33482781198176,3.267039747145399,45.998848888517415,0.03898241990987435,0
64.27864883903513,28.157765568922365,-0.15394704478876076,36.26558247234385,1.0511115708398828,1
82.95067525758392,25.162418789047166,3.07192847850637,43.529003306860176,4.92057211678118,1
79.3679026595738,31.930052254791505,0.9186657376174123,36.66793144669291,0.43221446405553854,1
77.98042701704878,33.56919353467903,-0.6613269560747845,42.74227247612436,1.2991015265686245,1
88.85212652259354,27.05327780573259,3.4753743430093538,34.92677106652815,1.700149675273733,0
96.20685706422596,24.273701244831614,3.4077097583922837,39.87943078414291,0.3966753534111665,0
83.66721284770844,20.215741951497726,3.510092834081335,46.61045795080414,0.8012701541238583,0
87.0548642756002,27.6189992130353,4.505716491796703,40.575026000708704,4.8462890019854985,0
86.14308753059248,24.841138255580912,2.2412063535726023,45.91538590558824,0.7011833643770938,0
85.01803506356414,26.152139356617848,7.581712026891841,39.86862760036291,2.017705985742318,1
74.10657362287894,30.919149549824972,3.933411983736993,37.474753698449284,0.2945697506664834,1
96.08444601722893,20.702306845346612,6.572860926122969,40.859912472812255,2.216518014048613,1
87.95195368158836,20.302783326074653,0.6402015170225761,43.09198327941651,0.6546329059364411,1
88.94881490002578,23.05429624651728,2.330940699816251,30.472300561659214,0.5260121732869061,0
76.93490370974418,27.284804599007295,5.3726296100884605,42.6114252217934,0.2651555388626908,0
80.4077960201076,26.219468960857952,3.5468714486441337,35.300824135860005,0.09591223277546441,0
83.23865802289221,20.41724595321691,1.853641225254067,34.0578110851965,6.875289880336094,1
69.65875306551149,27.02621160280993,0.32274020271183756,42.692883334142174,1.0685458042301248,1
68.11965674802322,19.19514872442695,5.4664073444807295,46.69251463739736,3.0066948471780757,1
78.99252069361432,20.64903330260457,5.30320450989771,41.08203092406409,5.053691031860258,0
90.2252076644239,23.53817073124324,4.486641382838457,33.22296324073451,0.4563635343663089,0
78.46862610070059,21.78627501609912,3.008187618428167,36.647197448554856,4.078113721801831,1
74.81194802409286,27.559437954603737,1.7738199447403904,37.90866412570442,2.462171096648394,1
76.8531434676233,25.145513932004377,3.8940369202065965,40.98048470114368,1.7253911933965487,0
80.44657576854688,31.06224471050904,1.3693627927091994,39.640600758318534,3.3117786150429365,1
81.46141037179896,23.011258538582343,2.4968318388708197,42.47614901721753,0.23456162748875964,0
106.65521452206556,23.511191395837027,6.522501162799098,44.999864153214666,0.611964572509618,0
95.54620628487318,28.84153043624705,0.29832847373716165,41.723722890954775,0.2809413964237094,1
95.24774112281727,23.636316787504818,5.355055653800735,44.49040346289052,4.526162881936787,1
96.68580364273382,29.976020990830182,6.988391902898326,38.65144844487645,0.20805094724588633,0
75.0117913066595,26.163312841537966,5.632519438765307,56.47952229963775,7.81909429793391,0
72.7763538501276,14.588854120458564,4.796425756852968,42.76590296918127,0.2328231860986518,1
73.93129708465943,28.710281656597857,3.072854307657752,43.420243157268196,2.1683520612784286,1
98.34506133337838,27.650907252479236,2.7082238911319747,48.78840405193918,2.1605276046870836,1
79.5280821111751,27.80533042444218,-0.4962617321266416,40.44089401429388,5.354445891967954,1
72.48643817760713,16.356086485818967,4.074013360534629,36.77245844299857,0.7805595119014272,1
80.69003799780187,21.34804015491581,3.195519102541813,46.5321702295947,0.8069698697206135,0
82.61394468285373,21.64518066577292,2.6039311826361864,46.8257148330063,3.7454181583392137,1
87.68413273694563,20.63551452975843,3.9598379422419736,40.76753152528958,7.686445227122768,1
87.50951020712043,30.967690127575754,4.12473896040931,48.798137689221015,0.061204577153945644,0
76.71819436126492,23.952928648705463,2.728885405265893,39.583570953774384,2.017453157270647,1
91.85656392513711,23.853756229483317,7.226161566953573,44.66141474561574,0.5584747268743822,0
78.60806466249842,26.208033241263117,5.461205558224849,47.57766198376836,2.6036291511750624,1
83.43723663294956,26.27720667155753,5.792557116746557,40.49164507711408,2.9631363641740958,1
91.86774070503355,10.660429157496681,3.7933944327211817,42.28399054918107,2.875390538938957,1
78.58178596055659,21.414569851402547,5.022471464522285,45.1300755552688,1.1436693884210454,0
79.30648576418862,18.348845688834892,2.2085907988028737,38.16907545893893,0.3434788188607486,0
90.9166804969313,25.601224372619278,5.332517080500613,35.929241422407536,1.7578195303757471,0
76.4226682339498,22.84443034266381,3.5911947853725215,46.66490905088773,3.1121552057713635,0
81.15207976395929,24.061550258005074,1.9560329299713488,41.533829173310465,4.8652736445809674,1
90.55742178042892,15.685921004437908,3.954466657561541,37.47205230001228,1.205312914235432,0
105.54092441435975,22.760591101238006,3.415891939500221,40.47058385840367,0.5638649916550026,0
91.05404504762747,28.46052100733126,8.646138654441835,42.54266147983272,0.2529923344805009,0
89.72639762990012,29.63779793240867,4.870788496959824,32.15350330885524,3.1950296295057377,1
90.3080158367273,26.8754536781628,7.159434934896444,43.57996448792048,1.532715154348018,0
74.26809725932951,18.658138826207527,6.262574212717453,42.04223101920954,2.2428455159571317,1
86.15596738679908,29.037607211968496,4.075561199594999,48.275495405547886,0.34689902164222014,0
84.70233511663598,26.896009020000065,3.11256159413991,38.90504341420693,0.013201106012887586,0
88.21584540372756,23.531243863741846,0.5195468375993539,46.88558716754129,6.858058656887467,1
86.16508052475871,15.899854741961024,2.2581128986705203,39.77677229334094,3.330833723988553,1
88.79699677417112,27.814379802650066,5.325506915508429,40.69587044329695,1.0217392811000128,0
81.88532805100799,21.631334680066484,3.3957392297585938,41.40475624428998,1.2218363197936608,0
85.58608917371792,25.384663284219123,4.751640651476883,50.46626662714061,5.291992778429217,1
72.72171433943008,24.27357544254665,-0.060550302694672986,33.802547011862046,0.4655048474094018,1
81.80092721997086,30.153579937753115,4.907029698194747,42.47537589415434,3.2473646225379045,1
98.90833548176643,23.498532056009967,6.192963114398571,40.211157186286144,0.03618441905625783,0
88.18808339628256,23.93954563965621,0.4484834203874932,39.85732419412514,4.170320305934288,1
84.79078962616923,30.31446156191452,4.743127812713599,42.915053796351444,1.779706632934475,0
103.96123276254346,21.367111024999247,6.687069307216921,45.530005356511275,1.2985590217154934,0
71.3916502169892,27.257291405631108,7.360173298678932,42.65816043290944,2.451467069710787,1
73.9054444455378,23.205537108486144,2.9930018582840807,46.17602350498017,0.1400964233550095,1
102.12711411276273,19.989832151980284,5.5598606892230675,38.74519403685396,0.43517790560556163,0
85.45960936048934,24.00464394688349,6.85957964001083,39.757238906544856,1.045071447407642,0
82.57416963710206,26.76682045443195,4.802762781560757,34.99564423795609,1.9239688180564793,0
73.00795674904357,29.414839359906047,6.570155177993621,49.91452845045769,0.3122512680530629,0
89.47696266395012,29.89877594138273,3.928276693323399,39.06643765461721,0.9544345337394202,0
90.44459869527462,22.820943703097868,4.788628287541594,38.51392561732402,0.604624682012661,0
74.05505639165104,20.051003071871147,2.756781547075595,43.03331361813432,2.074485256744231,1
83.59724414449572,22.725044401690084,3.670799684652482,45.53539730361522,5.033499391030603,1
81.64484167966934,19.273876986679376,4.867432339752727,36.539593844410106,0.36299371387135054,0
87.5597714641877,23.13045520233398,2.6067613499084645,45.933437386139836,0.41961855819511495,0
73.80749757779355,22.633338865520965,3.5528272537184917,38.483490889003136,1.8352256094117483,1
97.51947454513157,26.909960816627063,5.521747361893607,47.15309777113719,1.2086707161980383,0
94.15823781597604,15.176259280342487,8.105115066352202,37.29545498158222,2.532438437173525,1
81.36824441267184,21.065568215653443,-0.09887698329714745,43.67723662364197,0.6790326463950374,1
82.83581288361628,21.09792678223234,7.953153334647234,40.21354909957231,1.5741229813989075,0
83.63577849722384,28.7485090096321,3.480256471154465,34.36811078152529,0.9782200781338758,0
77.21691446993496,19.54462249039593,5.92979973805477,32.92017773683423,0.6605227540398874,0
80.56570581764964,24.906629438595974,6.32218539998348,36.285235696886964,2.6134616522271337,0
82.2972963232539,23.487486342320874,7.128993547881095,44.96278445956916,3.1782291609912767,1
101.12868370707127,28.17217010734553,2.544076270540418,30.284224021169038,0.7978275942310905,0
94.46618308330437,26.38332745804219,3.5494573837644032,41.66972986612957,1.9508707866678099,1
94.34654707336624,24.484974927281517,3.8928078020941927,41.23445261256992,0.3934691905279062,0
88.6992561300439,21.781332501647725,3.2851323150053107,31.588521842353792,3.1305347359260103,1
73.82672991068765,16.590629987560497,6.637521949678279,36.01552427989284,0.6604854749116738,1
84.58508895422621,24.98834262274962,3.846344597977068,36.00607572156816,0.37496107244104876,0
94.7048845961338,26.12195919411949,0.762904670383262,40.26345735552871,5.625535036191531,1
72.41735370632712,17.700529550101386,2.7339723553724724,47.33167891368854,1.0980392356437954,1
91.36553206873265,19.065223342685805,0.8431999466062399,45.374809636489125,2.062841592137446,1
108.22609225262767,25.009319893486705,3.5433224266133183,38.19845775783978,3.3131990823247257,1
95.61816645989731,25.35656674483148,5.3450993491358725,35.85291255343051,2.3176312706386626,1
99.14029135561988,20.03741075963176,2.6910466553926224,32.208130838603125,1.663256136174269,0
87.1833875044216,21.703741145727847,3.193934070730846,38.106957582258836,0.9291995817467326,0
94.6793194876499,16.654044645718294,3.450469415323611,35.506063902702834,5.014869910407846,1
77.82146785645965,29.509055615252933,4.28148498767049,39.81926009147243,0.28668330189004826,0
92.95863812341227,18.80050237052619,5.032165557271049,40.008719315387346,4.306946531597137,1
91.54388134060763,26.169037564994202,5.614510855870737,37.622070337680476,2.4747064336832705,0
87.89911174037663,23.86015721538648,8.511033965873043,37.72677909754872,1.6945122117986533,1
98.16007419718498,29.158374478499034,4.246991862000145,36.531025894823856,0.7853379424478241,1
79.61215162152611,20.830983628900974,5.471586107959429,37.437602517282,0.31575158230561995,0
83.12942483526338,24.245010841361548,0.8248865046434504,47.179576753527066,1.170956661944311,1
85.95462041358297,17.2062923630506,3.2416340288689325,42.589040209181434,3.0627283199830977,1
74.703890289106,16.245892652240986,3.4591662130758536,42.65675137722358,2.7354141604416156,1
87.26931943800248,26.385334335461895,1.965370222025792,45.05971453996664,2.0737678146086327,1
67.81069587046153,16.859896643721193,2.9280145372649278,44.617612996009754,9.785617047956107,1
95.4695453442821,23.087129862261875,3.7850305646887445,47.123821959864514,7.19696414702321,1
85.46637366565966,28.04518179189168,2.9906732516703842,42.94209054758271,1.021667495673949,0
79.79107096096237,26.98673942437872,9.20366837567632,41.02572220356821,0.42770950881070835,1
76.65626387704879,21.341658048205623,5.02455068315546,37.04614351059848,1.2466388560334491,0
82.65420970380812,17.645987454367308,8.002045477718672,35.87924004109024,3.7232046688772344,1
91.88259710772414,26.037979446622113,6.98530235766801,44.4112863086489,1.227057449555117,0
90.4773897873756,29.369027131440724,2.7215077330992283,39.44472511197716,0.8188919376202192,0
77.94462052721539,21.351047685337505,4.075120934839623,33.20060124467091,2.70364288343421,1
76.53960327372366,20.786748566371536,3.130350757850846,29.53483951196598,2.1004296134729965,1
91.56898706319647,21.900392148524006,3.6763544814273366,50.73813909390741,6.928125491465671,1
77.7765259538497,26.286434843228463,2.0471326616225385,35.070318881645996,1.5937291219592782,0
85.59909774079503,28.914070425659652,3.1169293416595543,36.568806413402825,6.851319792055075,1
86.23754642524277,19.04157275447791,4.719037763066478,46.14038961481161,0.6876198552090975,0
88.12062131726738,18.006872762701388,4.6662441138844075,33.95712683334908,4.002357663974001,1
93.58270430181872,33.35998528772979,4.506807330432533,42.6570500119774,0.8644144770162416,0
72.37037063132678,23.290708848439845,3.880650350232882,49.1098841602438,3.318052084899427,1
65.88840674739512,25.011571182761237,5.721484850473881,50.569151438705866,5.207007014209486,1
79.32552718771649,21.232276637529445,3.4859139478429237,37.762758577416236,1.9520341511789883,0
103.01528407832186,25.959849237810865,6.783104679523232,39.939815535870395,2.607947915678682,1
105.22174100087378,27.84024349880609,0.30480488596487554,38.018080634892065,6.3708675020627465,1
103.31177135565888,25.19918468629172,5.313622047951512,39.910248526569355,0.9405080019021876,0
83.0701863223931,30.96343230805774,4.976742224494714,46.4913578345493,1.4331744308227672,1
67.17884918015172,22.69302164023563,2.6508668854969,33.00343762865062,4.571297074492082,1
61.569608983481594,22.948470107858494,3.289537946289446,43.239783980126205,2.2344645208498575,1
78.8596183845059,24.925625405109663,4.929581878218073,39.02251183455384,4.136466851126034,1
83.01926369850639,25.85984658202439,5.831870494297499,46.84250540014096,1.9260022766087324,0
98.00625401055959,24.911789048250437,0.5010736633377872,46.577099507045155,2.692087451049196,1
93.67805459542446,18.862339892179637,5.256492135308511,37.96434250439472,0.026296993948056156,1
87.2740507899162,25.250060664782247,3.0846976288848866,39.44609474132314,0.8300406174023072,0
76.10155229058859,22.50330566078625,6.250579548597106,44.463813717165685,2.943013873366343,1
75.3922044175511,21.67609194370142,0.3214495723676456,44.916604969735914,1.0350559030988382,1
87.54127687071436,24.129928219012974,8.890597930242414,27.6375534513682,0.9014900694043932,1
91.97050978839727,20.153909250683142,2.227720133971805,44.44775248076331,6.0545381758165755,1
88.91881262245585,19.458434704507074,6.859922373579355,48.23240946103793,1.6083742176793614,0
74.65402040393346,13.538124159984601,3.8616307605343336,41.27804683056913,0.42760484424167683,0
91.50667628792087,30.988949314039566,2.362666525599739,44.75088211327784,1.2781768448973363,0
89.25910967101412,26.22292527641201,4.530228010762823,46.39378063434107,1.4624096532246038,0
74.29333593809821,23.53294351477478,6.0582508899127365,41.10796854687391,8.97151190649374,0
77.15679029699744,21.331107052453408,0.8945903985104753,44.07115404937689,2.5332540365413205,1
91.88495974561566,12.495870871814333,5.4031776985740185,40.06343248681621,1.4654487777030725,0
82.65492464854108,21.085884495114062,3.9756430026858203,39.73915924198298,1.13123518912181,0
100.89147301636457,26.863465348656305,5.154088165132668,36.69229286235593,4.9418880939366705,1
90.01129276064576,27.768697214375475,4.02195071467796,40.865112234671045,2.0765838570090787,1
80.1336881181073,26.569167974413205,2.856262322490692,49.43428417554752,0.8803826535519502,0
84.89794399609067,24.633567823009873,1.773753497256242,35.48752545971054,1.2495957163112408,1
85.63383392637718,29.215496583725518,5.34529022409405,43.0843646229235,0.6518059703323956,0
77.7160968675829,22.68585111164584,5.33454398439767,41.604775387245546,6.459301405004831,1
75.87411801822374,28.340755664537447,5.324544495381616,47.37413884497784,2.4209550619864197,1
92.013898938095,22.46167022511915,4.855192638881146,48.31446655108091,0.9961421606177537,0
93.45273297042095,20.475434764488952,5.8893977436789395,35.378612482232185,0.4047543518159393,0
91.03781469552959,19.977148078309916,6.812138559539283,37.12892274046848,0.38964453600147086,0
100.15318094323801,19.74201431530819,0.24716430518696386,37.40206868751683,1.2991879594055091,1
79.58226763988398,26.63627211520994,-0.6835948877381766,37.57900306161336,1.2605966095525045,1
101.7427076607113,21.029017715611687,7.43589471975929,38.007757566412295,1.081843467097669,0
75.99078881445847,19.867884619860224,1.3179069708296218,41.735322595851805,3.8184664922729055,1
74.87314436631507,26.85494087864544,1.8275134264207606,35.74306512577916,7.743981866144763,1
67.4004111785075,25.31188156188893,3.4247713762501513,36.446042528479126,0.8764616986589497,1
80.54204686173183,27.850367931383207,0.6920568425737952,36.04704844743306,0.6980106732866469,1
79.96277663170547,26.050398045091193,3.2368266053847248,42.46312246349764,2.940315494815037,1
90.25937280254651,20.98755367921075,2.10378931175467,39.681158291643335,1.1949212144395733,0
87.43890941620451,24.30440966587435,3.5333182606059848,38.79349272411418,0.4906980379862364,0
73.07026628980863,24.50053196307871,4.559682609814203,35.7906015108178,0.39919407436167526,1
81.07273761574183,20.323365366103992,3.31292354914087,31.97972964163126,0.6585858627296459,0
81.28537978912314,19.58150010362403,3.211905429205706,48.157668636715414,0.00264901088427937,0
67.24017753038108,21.27711356352918,4.515991593583292,38.556361560926085,5.675063220492376,1
75.1905327298663,32.146329426688325,6.088583595899896,53.55246222141517,1.1251112780723667,0
77.29186369385911,22.349023623113805,7.205928693843331,43.86395695450492,0.17296231956089334,0
99.33625019820946,28.931467165546856,3.5629234919955692,49.146264165087864,0.3605444242980278,0
86.91450715957353,22.12535796208081,7.649778303846474,44.96743639757055,0.7811662210508105,0
91.62168753947499,27.55535527815997,5.753413669522493,40.79258078843484,1.604558234323776,0
70.01364502850788,27.60996662223139,1.5359830920536472,37.0117122097001,2.4328741860401606,1
96.94214483013992,27.81036203180818,1.47758348877265,35.115800423017596,0.7359086030095427,1
98.01102063024092,25.551309368035835,2.8454242987946605,45.598255084929676,6.32199144783433,1
65.01655032855373,29.509466315124605,6.889207966719452,41.32517024520331,2.8568335919620393,1
77.94683276084152,25.51341587741091,2.997265368868927,43.082505203917364,3.4950883062167684,1
89.9576557301551,30.85411891736112,0.21528635098745363,44.07311752474368,0.7820764226089756,1
91.44388453538183,17.520320787246266,3.542231582224579,41.77987193862899,0.9591746720566657,0
